,Year,Tm,R/G,Outs,RC,RC/G,AIR,BAbip,BA,lgBA,OBP,lgOBP,SLG,lgSLG,OPS,lgOPS,OPS+,OWn%,BtRuns,BtWins,TotA,SecA,ISO,PwrSpd,Playoff
0,2000,Anaheim Angels,5.33,4322,953,5.9,117,0.303,0.28,0.279,0.352,0.352,0.472,0.448,0.825,0.8,105,0.529,39.4,3.3,0.805,0.308,0.193,133.4,0
1,2000,Arizona Diamondbacks,4.89,4338,829,5.1,120,0.29,0.265,0.278,0.333,0.356,0.429,0.454,0.763,0.81,88,0.481,-116.0,-10.8,0.726,0.27,0.164,125.8,0
2,2000,Atlanta Braves,5.0,4314,856,5.3,116,0.302,0.271,0.273,0.346,0.351,0.429,0.446,0.775,0.797,95,0.498,-45.1,-4.3,0.754,0.282,0.157,162.0,1
3,2000,Baltimore Orioles,4.9,4335,832,5.1,111,0.293,0.272,0.27,0.341,0.342,0.435,0.435,0.776,0.777,100,0.466,5.2,0.3,0.74,0.275,0.163,149.6,0
4,2000,Boston Red Sox,4.89,4360,852,5.2,118,0.297,0.267,0.28,0.341,0.353,0.423,0.45,0.764,0.803,90,0.474,-88.3,-8.2,0.721,0.267,0.156,68.4,0
5,2000,Chicago Cubs,4.72,4436,814,4.9,114,0.288,0.256,0.269,0.335,0.346,0.411,0.441,0.746,0.787,90,0.462,-83.0,-7.9,0.714,0.279,0.155,123.3,0
6,2000,Chicago White Sox,6.04,4329,967,6.0,117,0.309,0.286,0.279,0.356,0.352,0.47,0.448,0.826,0.8,106,0.535,49.0,4.2,0.811,0.302,0.184,153.5,1
7,2000,Cincinnati Reds,5.06,4379,900,5.5,118,0.299,0.274,0.276,0.343,0.353,0.447,0.45,0.79,0.804,96,0.514,-39.6,-3.8,0.76,0.283,0.173,133.3,0
8,2000,Cleveland Indians,5.86,4305,1026,6.4,116,0.318,0.288,0.277,0.367,0.351,0.47,0.446,0.837,0.797,110,0.564,92.4,8.0,0.836,0.316,0.182,149.5,0
9,2000,Colorado Rockies,5.98,4333,989,6.1,137,0.322,0.294,0.301,0.362,0.382,0.455,0.492,0.816,0.874,87,0.562,-130.5,-12.3,0.8,0.279,0.161,144.5,0
10,2000,Detroit Tigers,5.08,4362,855,5.2,110,0.303,0.275,0.269,0.343,0.341,0.438,0.432,0.781,0.773,102,0.475,23.6,2.0,0.74,0.271,0.163,113.0,0
11,2000,Florida Marlins,4.54,4316,799,4.9,111,0.304,0.262,0.266,0.331,0.342,0.409,0.434,0.74,0.777,91,0.466,-68.2,-6.4,0.715,0.266,0.147,163.9,0
12,2000,Houston Astros,5.79,4347,1006,6.2,122,0.305,0.278,0.281,0.361,0.36,0.477,0.46,0.837,0.82,104,0.568,25.4,1.9,0.834,0.331,0.199,156.4,0
13,2000,Kansas City Royals,5.43,4365,880,5.4,118,0.312,0.288,0.28,0.348,0.353,0.425,0.45,0.773,0.804,93,0.488,-65.8,-6.1,0.733,0.242,0.138,133.9,0
14,2000,Los Angeles Dodgers,4.93,4356,852,5.2,111,0.283,0.257,0.266,0.341,0.342,0.431,0.434,0.771,0.777,99,0.491,-1.6,-0.4,0.748,0.306,0.174,131.0,0
15,2000,Milwaukee Brewers,4.54,4477,762,4.5,114,0.284,0.246,0.27,0.325,0.346,0.403,0.44,0.729,0.787,85,0.428,-122.4,-11.4,0.686,0.274,0.158,102.4,0
16,2000,Minnesota Twins,4.62,4362,777,4.8,119,0.309,0.27,0.281,0.337,0.355,0.407,0.452,0.744,0.807,85,0.432,-136.4,-12.4,0.692,0.244,0.137,101.4,0
17,2000,Montreal Expos,4.56,4331,801,4.9,119,0.299,0.266,0.277,0.326,0.355,0.432,0.452,0.758,0.807,87,0.466,-127.6,-12.0,0.7,0.253,0.165,87.5,0
18,2000,New York Mets,4.98,4330,863,5.3,113,0.29,0.263,0.268,0.346,0.345,0.43,0.438,0.776,0.783,98,0.5,-3.7,-0.6,0.747,0.293,0.167,99.0,1
19,2000,New York Yankees,5.41,4263,910,5.7,114,0.304,0.277,0.275,0.354,0.348,0.45,0.442,0.804,0.79,103,0.514,33.6,2.8,0.783,0.295,0.173,133.5,1
20,2000,Oakland Athletics,5.88,4291,953,5.9,112,0.3,0.27,0.271,0.36,0.344,0.458,0.436,0.817,0.78,109,0.532,92.9,8.1,0.802,0.327,0.188,68.5,1
21,2000,Philadelphia Phillies,4.37,4377,775,4.7,116,0.29,0.251,0.273,0.329,0.351,0.4,0.446,0.729,0.797,83,0.446,-146.4,-13.7,0.693,0.272,0.148,119.4,0
22,2000,Pittsburgh Pirates,4.9,4406,852,5.2,115,0.299,0.267,0.272,0.339,0.349,0.424,0.445,0.762,0.794,92,0.486,-69.5,-6.7,0.721,0.265,0.157,113.8,0
23,2000,San Diego Padres,4.64,4405,776,4.7,109,0.294,0.254,0.263,0.33,0.339,0.402,0.43,0.732,0.77,91,0.444,-65.6,-6.2,0.698,0.271,0.148,142.8,0
24,2000,Seattle Mariners,5.6,4325,930,5.7,110,0.299,0.269,0.269,0.361,0.341,0.442,0.432,0.803,0.773,108,0.518,94.5,8.2,0.803,0.325,0.172,151.0,1
25,2000,San Francisco Giants,5.71,4293,994,6.2,110,0.303,0.278,0.265,0.362,0.341,0.472,0.432,0.834,0.773,115,0.568,148.1,13.2,0.829,0.33,0.194,117.1,1
26,2000,St. Louis Cardinals,5.48,4296,946,5.9,117,0.308,0.27,0.274,0.356,0.352,0.455,0.448,0.812,0.8,103,0.545,23.1,1.8,0.802,0.315,0.185,127.0,1
27,2000,Tampa Bay Devil Rays,4.55,4355,738,4.5,114,0.287,0.257,0.274,0.329,0.346,0.399,0.441,0.728,0.787,85,0.41,-124.1,-11.3,0.679,0.252,0.142,115.7,0
28,2000,Texas Rangers,5.23,4351,886,5.4,116,0.31,0.283,0.277,0.352,0.351,0.446,0.446,0.798,0.797,100,0.493,0.9,-0.1,0.754,0.269,0.163,98.7,0
29,2000,Toronto Blue Jays,5.31,4342,933,5.7,118,0.297,0.275,0.28,0.341,0.353,0.469,0.45,0.81,0.803,101,0.517,-8.7,-1.1,0.78,0.296,0.194,130.4,0
30,2001,Anaheim Angels,4.27,4364,758,4.6,108,0.29,0.261,0.268,0.327,0.336,0.405,0.431,0.732,0.766,91,0.461,-71.1,-6.8,0.688,0.245,0.144,133.8,0
31,2001,Arizona Diamondbacks,5.05,4351,889,5.5,118,0.294,0.267,0.278,0.341,0.35,0.442,0.455,0.783,0.805,94,0.538,-59.1,-5.9,0.751,0.286,0.175,105.9,1
32,2001,Atlanta Braves,4.5,4360,756,4.6,114,0.29,0.26,0.272,0.324,0.344,0.412,0.446,0.736,0.789,87,0.463,-119.9,-11.6,0.68,0.248,0.152,114.2,1
33,2001,Baltimore Orioles,4.24,4374,683,4.2,103,0.278,0.248,0.261,0.319,0.327,0.38,0.419,0.699,0.747,88,0.413,-84.0,-8.0,0.653,0.24,0.131,134.5,0
34,2001,Boston Red Sox,4.8,4348,831,5.1,108,0.3,0.266,0.269,0.334,0.336,0.439,0.431,0.773,0.766,101,0.505,8.9,0.6,0.724,0.267,0.173,74.7,0
35,2001,Chicago Cubs,4.8,4335,827,5.1,107,0.29,0.261,0.263,0.336,0.333,0.43,0.43,0.766,0.763,101,0.507,16.4,1.1,0.728,0.282,0.169,99.6,0
36,2001,Chicago White Sox,4.93,4302,832,5.2,110,0.29,0.268,0.272,0.334,0.339,0.451,0.437,0.785,0.776,102,0.51,7.0,0.6,0.754,0.29,0.183,156.2,0
37,2001,Cincinnati Reds,4.54,4409,776,4.7,116,0.301,0.262,0.274,0.324,0.346,0.419,0.449,0.744,0.796,87,0.47,-121.6,-11.7,0.692,0.25,0.157,130.0,0
38,2001,Cleveland Indians,5.54,4319,930,5.8,107,0.308,0.278,0.267,0.35,0.334,0.458,0.429,0.807,0.763,111,0.559,96.4,8.8,0.781,0.289,0.179,115.1,1
39,2001,Colorado Rockies,5.7,4328,1017,6.3,130,0.322,0.292,0.293,0.354,0.367,0.483,0.48,0.837,0.847,97,0.601,-37.1,-3.9,0.822,0.294,0.191,163.0,0
40,2001,Detroit Tigers,4.47,4369,737,4.5,101,0.291,0.26,0.259,0.32,0.325,0.409,0.416,0.73,0.74,97,0.448,-14.6,-1.5,0.682,0.247,0.15,135.9,0
41,2001,Florida Marlins,4.58,4344,796,4.9,108,0.303,0.264,0.264,0.326,0.334,0.423,0.432,0.749,0.766,95,0.488,-34.0,-3.4,0.701,0.253,0.159,115.9,0
42,2001,Houston Astros,5.23,4332,907,5.6,117,0.304,0.271,0.275,0.347,0.348,0.451,0.451,0.798,0.799,100,0.549,-3.2,-0.6,0.768,0.288,0.18,97.9,1
43,2001,Kansas City Royals,4.5,4399,745,4.5,112,0.291,0.266,0.274,0.318,0.342,0.409,0.44,0.727,0.782,86,0.45,-131.9,-12.6,0.663,0.225,0.143,120.6,0
44,2001,Los Angeles Dodgers,4.68,4352,791,4.9,104,0.279,0.255,0.259,0.323,0.329,0.425,0.424,0.748,0.753,99,0.485,-5.4,-0.8,0.705,0.273,0.17,124.3,0
45,2001,Milwaukee Brewers,4.57,4348,766,4.7,109,0.299,0.251,0.265,0.319,0.336,0.426,0.434,0.745,0.77,93,0.47,-62.9,-6.1,0.698,0.269,0.175,100.3,0
46,2001,Minnesota Twins,4.76,4300,817,5.1,108,0.31,0.272,0.269,0.337,0.336,0.433,0.431,0.77,0.766,101,0.502,5.9,0.4,0.735,0.264,0.161,154.5,0
47,2001,Montreal Expos,4.14,4329,690,4.3,112,0.291,0.253,0.27,0.319,0.341,0.396,0.442,0.715,0.783,83,0.425,-139.2,-13.3,0.656,0.241,0.143,114.1,0
48,2001,New York Mets,3.96,4357,709,4.3,107,0.283,0.249,0.262,0.323,0.333,0.387,0.43,0.71,0.763,87,0.434,-97.3,-9.4,0.653,0.241,0.137,91.1,0
49,2001,New York Yankees,4.99,4334,833,5.1,108,0.293,0.267,0.269,0.334,0.335,0.435,0.431,0.769,0.766,100,0.507,0.4,-0.1,0.744,0.281,0.168,179.6,1
50,2001,Oakland Athletics,5.46,4348,885,5.4,105,0.288,0.264,0.265,0.345,0.332,0.439,0.425,0.784,0.757,107,0.534,74.8,6.7,0.76,0.297,0.175,101.4,1
51,2001,Philadelphia Phillies,4.6,4345,794,4.9,109,0.297,0.26,0.265,0.329,0.336,0.414,0.434,0.743,0.77,93,0.487,-47.3,-4.7,0.717,0.273,0.154,158.3,0
52,2001,Pittsburgh Pirates,4.06,4347,691,4.2,114,0.281,0.247,0.272,0.313,0.344,0.393,0.446,0.706,0.789,79,0.424,-181.2,-17.5,0.647,0.236,0.146,117.9,0
53,2001,San Diego Padres,4.87,4345,787,4.8,103,0.297,0.252,0.258,0.336,0.327,0.399,0.422,0.735,0.749,97,0.483,2.2,-0.1,0.711,0.287,0.147,143.2,0
54,2001,Seattle Mariners,5.72,4315,958,5.9,102,0.32,0.288,0.26,0.36,0.326,0.445,0.418,0.805,0.744,117,0.573,163.6,15.1,0.805,0.289,0.157,171.5,1
55,2001,San Francisco Giants,4.93,4390,944,5.7,105,0.29,0.266,0.26,0.342,0.33,0.46,0.426,0.802,0.756,112,0.561,106.5,9.4,0.776,0.308,0.194,91.7,0
56,2001,St. Louis Cardinals,5.02,4274,862,5.4,111,0.302,0.27,0.269,0.339,0.34,0.441,0.44,0.78,0.78,100,0.532,-3.0,-0.6,0.746,0.279,0.172,124.9,1
57,2001,Tampa Bay Devil Rays,4.15,4350,692,4.3,104,0.303,0.258,0.264,0.32,0.33,0.388,0.423,0.707,0.753,88,0.422,-89.7,-8.6,0.646,0.224,0.13,117.9,0
58,2001,Texas Rangers,5.49,4362,949,5.8,110,0.3,0.275,0.272,0.344,0.339,0.471,0.436,0.815,0.776,109,0.564,73.0,6.6,0.793,0.303,0.195,139.1,0
59,2001,Toronto Blue Jays,4.73,4417,810,4.9,109,0.293,0.263,0.27,0.325,0.337,0.43,0.433,0.755,0.77,96,0.486,-44.3,-4.3,0.722,0.268,0.167,173.3,0
60,2002,Anaheim Angels,5.25,4344,860,5.3,105,0.303,0.282,0.264,0.341,0.332,0.433,0.425,0.773,0.757,105,0.531,40.2,3.7,0.735,0.243,0.15,132.2,1
61,2002,Arizona Diamondbacks,5.06,4328,844,5.2,116,0.298,0.267,0.278,0.346,0.354,0.423,0.443,0.769,0.797,93,0.539,-59.9,-6.0,0.74,0.281,0.156,118.1,1
62,2002,Atlanta Braves,4.4,4369,774,4.7,109,0.29,0.26,0.268,0.331,0.342,0.409,0.427,0.741,0.769,93,0.495,-62.2,-6.3,0.691,0.258,0.15,103.9,1
63,2002,Baltimore Orioles,4.12,4403,686,4.2,101,0.271,0.246,0.258,0.309,0.325,0.403,0.416,0.712,0.741,92,0.422,-60.3,-5.8,0.658,0.25,0.157,132.0,0
64,2002,Boston Red Sox,5.3,4322,886,5.5,108,0.302,0.277,0.268,0.345,0.336,0.444,0.431,0.789,0.766,106,0.547,51.3,4.7,0.754,0.273,0.168,110.2,0
65,2002,Chicago Cubs,4.36,4400,770,4.7,105,0.283,0.246,0.264,0.321,0.337,0.413,0.419,0.734,0.756,94,0.489,-56.1,-5.7,0.691,0.281,0.167,95.8,0
66,2002,Chicago White Sox,5.28,4270,856,5.4,106,0.287,0.268,0.265,0.338,0.333,0.449,0.427,0.787,0.76,107,0.537,50.5,4.6,0.756,0.29,0.181,111.5,0
67,2002,Cincinnati Reds,4.38,4390,768,4.7,111,0.293,0.253,0.27,0.33,0.345,0.408,0.43,0.738,0.775,91,0.489,-80.9,-8.0,0.704,0.273,0.155,137.6,0
68,2002,Cleveland Indians,4.56,4338,741,4.6,103,0.271,0.249,0.261,0.321,0.328,0.412,0.42,0.733,0.747,96,0.464,-30.2,-3.2,0.677,0.266,0.163,81.8,0
69,2002,Colorado Rockies,4.8,4289,807,5.0,120,0.311,0.274,0.283,0.337,0.359,0.423,0.45,0.76,0.809,88,0.522,-113.9,-11.3,0.712,0.248,0.149,122.8,0
70,2002,Detroit Tigers,3.57,4322,613,3.8,98,0.283,0.248,0.255,0.3,0.321,0.379,0.41,0.679,0.731,86,0.381,-100.4,-9.7,0.6,0.203,0.132,85.3,0
71,2002,Florida Marlins,4.31,4373,781,4.8,105,0.301,0.261,0.262,0.337,0.336,0.403,0.417,0.74,0.753,97,0.498,-16.8,-1.8,0.715,0.269,0.142,160.0,0
72,2002,Houston Astros,4.62,4334,812,5.0,112,0.3,0.262,0.273,0.338,0.348,0.417,0.434,0.755,0.782,93,0.52,-61.5,-6.2,0.712,0.271,0.156,99.6,0
73,2002,Kansas City Royals,4.55,4386,746,4.5,114,0.282,0.256,0.276,0.323,0.344,0.398,0.443,0.721,0.788,84,0.462,-143.8,-14.0,0.68,0.251,0.143,140.0,0
74,2002,Los Angeles Dodgers,4.4,4378,737,4.5,100,0.291,0.264,0.256,0.32,0.329,0.409,0.408,0.729,0.736,98,0.471,-15.4,-1.7,0.668,0.233,0.146,118.6,0
75,2002,Milwaukee Brewers,3.87,4353,688,4.2,105,0.294,0.253,0.264,0.32,0.337,0.39,0.419,0.711,0.756,88,0.443,-96.4,-9.5,0.651,0.238,0.137,112.2,0
76,2002,Minnesota Twins,4.77,4333,804,5.0,105,0.309,0.272,0.264,0.332,0.332,0.437,0.425,0.769,0.757,103,0.502,22.5,2.0,0.717,0.253,0.165,107.3,1
77,2002,Montreal Expos,4.54,4384,797,4.9,110,0.298,0.261,0.269,0.334,0.344,0.418,0.428,0.752,0.772,95,0.506,-47.4,-4.8,0.715,0.271,0.157,136.5,0
78,2002,New York Mets,4.29,4376,709,4.3,104,0.289,0.256,0.261,0.322,0.334,0.395,0.415,0.717,0.75,92,0.454,-70.8,-7.0,0.657,0.235,0.139,112.7,0
79,2002,New York Yankees,5.57,4313,926,5.7,105,0.31,0.275,0.264,0.354,0.332,0.455,0.425,0.809,0.757,114,0.568,120.5,11.2,0.791,0.305,0.18,138.1,1
80,2002,Oakland Athletics,4.94,4312,831,5.1,104,0.284,0.261,0.262,0.339,0.329,0.432,0.421,0.771,0.75,106,0.519,48.2,4.5,0.734,0.285,0.171,75.1,1
81,2002,Philadelphia Phillies,4.41,4373,827,5.1,102,0.294,0.259,0.259,0.339,0.332,0.422,0.412,0.761,0.743,105,0.525,50.2,4.6,0.733,0.29,0.163,127.6,0
82,2002,Pittsburgh Pirates,3.98,4285,694,4.3,109,0.281,0.244,0.268,0.319,0.342,0.381,0.427,0.7,0.769,82,0.454,-141.5,-14.0,0.653,0.244,0.137,107.1,0
83,2002,San Diego Padres,4.09,4384,705,4.3,98,0.288,0.253,0.254,0.321,0.326,0.381,0.404,0.702,0.729,93,0.451,-41.1,-4.2,0.64,0.233,0.129,93.3,0
84,2002,Seattle Mariners,5.02,4332,847,5.2,103,0.307,0.275,0.261,0.35,0.328,0.419,0.419,0.769,0.747,107,0.526,70.8,6.6,0.747,0.271,0.144,144.1,0
85,2002,San Francisco Giants,4.83,4309,891,5.5,103,0.289,0.267,0.26,0.344,0.333,0.442,0.413,0.786,0.746,110,0.565,90.8,8.1,0.76,0.297,0.175,107.7,1
86,2002,St. Louis Cardinals,4.86,4327,816,5.1,105,0.292,0.268,0.264,0.338,0.337,0.425,0.419,0.763,0.756,102,0.523,14.3,1.2,0.723,0.263,0.157,115.3,1
87,2002,Tampa Bay Devil Rays,4.18,4427,698,4.2,103,0.293,0.253,0.261,0.314,0.328,0.39,0.42,0.704,0.747,89,0.428,-91.3,-8.8,0.644,0.228,0.137,115.5,0
88,2002,Texas Rangers,5.2,4369,883,5.4,110,0.292,0.269,0.271,0.338,0.339,0.455,0.436,0.794,0.776,104,0.541,26.5,2.3,0.758,0.29,0.187,97.7,0
89,2002,Toronto Blue Jays,5.02,4346,808,5.0,109,0.295,0.261,0.269,0.327,0.337,0.43,0.432,0.757,0.769,96,0.503,-35.1,-3.5,0.713,0.272,0.169,102.9,0
90,2003,Anaheim Angels,4.54,4300,759,4.7,105,0.291,0.268,0.265,0.33,0.331,0.413,0.425,0.743,0.756,97,0.471,-22.2,-2.2,0.697,0.243,0.144,138.7,0
91,2003,Arizona Diamondbacks,4.43,4382,797,4.9,116,0.295,0.263,0.278,0.33,0.351,0.417,0.446,0.746,0.797,87,0.494,-117.0,-11.4,0.697,0.255,0.153,101.3,0
92,2003,Atlanta Braves,5.6,4322,978,6.1,110,0.302,0.284,0.27,0.349,0.342,0.475,0.433,0.824,0.775,112,0.593,94.7,8.7,0.798,0.296,0.192,105.5,1
93,2003,Baltimore Orioles,4.56,4399,754,4.6,106,0.293,0.268,0.267,0.323,0.333,0.405,0.427,0.729,0.759,92,0.457,-67.6,-6.5,0.666,0.223,0.138,112.3,0
94,2003,Boston Red Sox,5.93,4351,1043,6.4,111,0.307,0.289,0.274,0.36,0.341,0.491,0.438,0.851,0.778,118,0.609,155.0,14.3,0.843,0.319,0.202,128.5,1
95,2003,Chicago Cubs,4.47,4380,750,4.6,110,0.297,0.259,0.27,0.323,0.342,0.416,0.433,0.739,0.775,91,0.467,-82.7,-8.0,0.685,0.254,0.157,102.5,1
96,2003,Chicago White Sox,4.88,4287,821,5.1,109,0.279,0.263,0.27,0.331,0.337,0.446,0.432,0.777,0.769,102,0.508,7.0,0.5,0.738,0.286,0.182,114.1,0
97,2003,Cincinnati Reds,4.28,4394,737,4.5,105,0.289,0.245,0.263,0.318,0.334,0.395,0.421,0.713,0.755,89,0.457,-88.3,-8.7,0.666,0.254,0.15,111.1,0
98,2003,Cleveland Indians,4.31,4435,709,4.3,103,0.286,0.254,0.263,0.316,0.329,0.401,0.421,0.717,0.749,92,0.426,-65.5,-6.3,0.655,0.236,0.148,111.4,0
99,2003,Colorado Rockies,5.27,4316,872,5.4,122,0.302,0.267,0.285,0.344,0.36,0.445,0.458,0.79,0.818,93,0.542,-68.4,-6.8,0.756,0.296,0.179,95.6,0
100,2003,Detroit Tigers,3.65,4445,630,3.8,101,0.272,0.24,0.259,0.3,0.324,0.375,0.415,0.675,0.739,83,0.373,-131.8,-12.6,0.609,0.222,0.135,119.5,0
101,2003,Florida Marlins,4.64,4342,796,4.9,108,0.296,0.266,0.266,0.333,0.338,0.421,0.427,0.754,0.765,97,0.498,-25.1,-2.6,0.719,0.263,0.155,153.4,1
102,2003,Houston Astros,4.97,4371,845,5.2,112,0.289,0.263,0.272,0.336,0.344,0.431,0.436,0.767,0.781,96,0.522,-36.0,-3.7,0.728,0.275,0.169,98.1,0
103,2003,Kansas City Royals,5.16,4332,821,5.1,113,0.301,0.274,0.276,0.336,0.343,0.427,0.441,0.763,0.784,95,0.503,-49.5,-4.8,0.724,0.253,0.153,137.9,0
104,2003,Los Angeles Dodgers,3.54,4386,629,3.8,104,0.275,0.243,0.261,0.303,0.332,0.368,0.419,0.671,0.751,79,0.388,-166.4,-16.0,0.599,0.208,0.125,97.3,0
105,2003,Milwaukee Brewers,4.41,4424,792,4.8,108,0.294,0.256,0.266,0.329,0.338,0.419,0.427,0.748,0.765,96,0.487,-39.2,-4.0,0.704,0.272,0.163,131.6,0
106,2003,Minnesota Twins,4.94,4365,839,5.1,108,0.312,0.277,0.269,0.341,0.335,0.431,0.43,0.772,0.766,102,0.51,17.4,1.5,0.728,0.254,0.154,117.0,1
107,2003,Montreal Expos,4.39,4327,739,4.6,114,0.29,0.258,0.274,0.326,0.347,0.401,0.44,0.727,0.787,85,0.466,-129.4,-12.6,0.675,0.25,0.143,118.0,0
108,2003,New York Mets,3.99,4314,652,4.0,107,0.282,0.247,0.265,0.314,0.336,0.374,0.425,0.688,0.761,81,0.411,-144.7,-14.0,0.623,0.227,0.128,89.5,0
109,2003,New York Yankees,5.38,4334,925,5.7,105,0.295,0.271,0.265,0.356,0.331,0.453,0.425,0.81,0.756,114,0.557,130.0,12.0,0.796,0.316,0.182,137.4,1
110,2003,Oakland Athletics,4.74,4306,773,4.8,106,0.273,0.254,0.267,0.327,0.333,0.417,0.427,0.743,0.759,96,0.478,-28.1,-2.8,0.698,0.27,0.162,75.4,1
111,2003,Philadelphia Phillies,4.88,4328,840,5.2,103,0.301,0.261,0.26,0.343,0.331,0.419,0.417,0.762,0.748,104,0.524,52.1,4.7,0.731,0.283,0.158,100.4,0
112,2003,Pittsburgh Pirates,4.65,4355,834,5.1,111,0.302,0.267,0.271,0.338,0.343,0.42,0.435,0.758,0.778,95,0.518,-45.2,-4.5,0.719,0.257,0.153,112.6,0
113,2003,San Diego Padres,4.19,4362,734,4.5,101,0.301,0.261,0.258,0.333,0.328,0.388,0.413,0.721,0.741,96,0.459,-16.7,-1.7,0.666,0.236,0.127,95.4,0
114,2003,Seattle Mariners,4.91,4300,811,5.0,102,0.306,0.271,0.262,0.344,0.327,0.41,0.419,0.754,0.746,103,0.501,40.8,3.7,0.718,0.257,0.139,121.6,0
115,2003,San Francisco Giants,4.69,4298,825,5.1,108,0.291,0.264,0.267,0.338,0.339,0.425,0.429,0.763,0.768,99,0.519,-8.8,-1.3,0.718,0.273,0.161,81.9,1
116,2003,St. Louis Cardinals,5.41,4401,947,5.8,107,0.302,0.279,0.265,0.35,0.336,0.454,0.425,0.804,0.761,111,0.571,98.6,9.0,0.777,0.286,0.175,115.6,0
117,2003,Tampa Bay Devil Rays,4.41,4385,748,4.6,102,0.301,0.265,0.262,0.32,0.327,0.404,0.419,0.724,0.746,94,0.455,-42.7,-4.2,0.675,0.231,0.139,139.5,0
118,2003,Texas Rangers,5.1,4364,872,5.3,116,0.287,0.266,0.28,0.33,0.348,0.454,0.448,0.784,0.796,96,0.527,-52.1,-5.1,0.744,0.281,0.188,102.2,0
119,2003,Toronto Blue Jays,5.52,4319,910,5.6,110,0.313,0.279,0.272,0.349,0.339,0.455,0.436,0.803,0.775,107,0.552,62.7,5.7,0.763,0.274,0.175,61.9,0
120,2004,Anaheim Angels,5.16,4338,852,5.3,107,0.312,0.282,0.267,0.341,0.334,0.429,0.428,0.77,0.763,102,0.507,17.3,1.4,0.731,0.243,0.147,151.9,1
121,2004,Arizona Diamondbacks,3.8,4405,688,4.2,115,0.286,0.253,0.275,0.31,0.348,0.393,0.446,0.703,0.794,77,0.417,-208.7,-20.0,0.628,0.223,0.14,76.1,0
122,2004,Atlanta Braves,4.96,4345,870,5.4,112,0.309,0.27,0.271,0.343,0.343,0.434,0.439,0.777,0.781,99,0.53,-8.7,-1.1,0.745,0.279,0.164,116.0,1
123,2004,Baltimore Orioles,5.2,4397,882,5.4,108,0.309,0.281,0.268,0.345,0.336,0.432,0.43,0.776,0.766,103,0.516,33.5,2.9,0.737,0.253,0.15,126.4,0
124,2004,Boston Red Sox,5.86,4327,1007,6.2,115,0.319,0.282,0.278,0.36,0.346,0.472,0.445,0.832,0.792,110,0.583,92.0,8.3,0.821,0.312,0.19,104.1,1
125,2004,Chicago Cubs,4.87,4394,868,5.3,113,0.292,0.268,0.272,0.328,0.344,0.458,0.441,0.786,0.785,99,0.524,-19.4,-2.1,0.743,0.284,0.19,103.1,0
126,2004,Chicago White Sox,5.34,4323,847,5.3,111,0.288,0.268,0.273,0.333,0.341,0.457,0.438,0.79,0.779,102,0.506,5.5,0.3,0.75,0.284,0.189,118.0,0
127,2004,Cincinnati Reds,4.63,4368,806,4.9,108,0.295,0.25,0.266,0.331,0.337,0.418,0.431,0.749,0.768,95,0.492,-39.0,-3.9,0.714,0.286,0.168,110.2,0
128,2004,Cleveland Indians,5.3,4398,895,5.5,104,0.305,0.276,0.263,0.351,0.33,0.444,0.423,0.795,0.753,111,0.523,113.6,10.4,0.765,0.282,0.168,124.4,0
129,2004,Colorado Rockies,5.14,4345,903,5.6,122,0.314,0.275,0.284,0.345,0.358,0.455,0.461,0.8,0.819,95,0.547,-54.6,-5.5,0.76,0.284,0.18,72.3,0
130,2004,Detroit Tigers,5.1,4345,861,5.3,104,0.308,0.272,0.263,0.337,0.33,0.449,0.423,0.786,0.753,108,0.511,69.9,6.4,0.748,0.275,0.177,120.5,0
131,2004,Florida Marlins,4.43,4341,752,4.6,107,0.295,0.264,0.264,0.329,0.334,0.406,0.427,0.736,0.762,94,0.464,-46.2,-4.5,0.683,0.243,0.143,116.5,0
132,2004,Houston Astros,4.96,4318,859,5.3,112,0.293,0.267,0.271,0.342,0.343,0.436,0.439,0.778,0.781,99,0.527,-6.9,-0.9,0.75,0.288,0.17,120.6,1
133,2004,Kansas City Royals,4.44,4362,711,4.4,110,0.293,0.259,0.272,0.322,0.34,0.397,0.436,0.72,0.776,86,0.422,-122.3,-11.5,0.655,0.226,0.139,92.6,0
134,2004,Los Angeles Dodgers,4.7,4358,812,5.0,107,0.291,0.262,0.264,0.332,0.334,0.423,0.427,0.755,0.762,98,0.497,-15.1,-1.6,0.716,0.269,0.161,135.8,1
135,2004,Milwaukee Brewers,3.94,4381,722,4.4,111,0.3,0.248,0.27,0.321,0.341,0.387,0.437,0.708,0.778,83,0.441,-144.6,-13.9,0.669,0.256,0.139,136.5,0
136,2004,Minnesota Twins,4.81,4391,811,5.0,111,0.29,0.266,0.273,0.332,0.341,0.431,0.438,0.763,0.779,96,0.479,-41.0,-3.9,0.724,0.269,0.166,144.3,1
137,2004,Montreal Expos,3.92,4399,705,4.3,115,0.273,0.249,0.274,0.313,0.347,0.392,0.445,0.705,0.791,79,0.428,-191.4,-18.3,0.653,0.247,0.143,126.6,0
138,2004,New York Mets,4.22,4411,736,4.5,109,0.282,0.249,0.267,0.317,0.339,0.409,0.433,0.726,0.772,88,0.447,-102.5,-9.9,0.682,0.268,0.16,135.6,0
139,2004,New York Yankees,5.54,4321,914,5.7,108,0.285,0.268,0.268,0.353,0.336,0.458,0.43,0.811,0.766,111,0.54,103.9,9.5,0.795,0.32,0.189,124.7,1
140,2004,Oakland Athletics,4.9,4415,866,5.3,109,0.3,0.27,0.269,0.343,0.337,0.433,0.432,0.776,0.77,102,0.506,23.4,2.0,0.733,0.273,0.163,75.3,0
141,2004,Philadelphia Phillies,5.19,4398,912,5.6,115,0.297,0.267,0.275,0.345,0.348,0.443,0.446,0.788,0.794,98,0.546,-16.4,-1.8,0.77,0.303,0.176,136.5,0
142,2004,Pittsburgh Pirates,4.22,4333,726,4.5,110,0.298,0.26,0.268,0.321,0.34,0.401,0.435,0.722,0.775,87,0.448,-115.1,-11.1,0.658,0.22,0.141,87.3,0
143,2004,San Diego Padres,4.74,4323,825,5.1,102,0.301,0.273,0.257,0.342,0.327,0.414,0.417,0.756,0.744,104,0.508,58.8,5.3,0.709,0.247,0.141,75.7,0
144,2004,Seattle Mariners,4.31,4445,769,4.6,107,0.308,0.27,0.267,0.331,0.334,0.396,0.428,0.727,0.763,91,0.449,-66.1,-6.3,0.672,0.224,0.127,121.6,0
145,2004,San Francisco Giants,5.25,4354,924,5.7,112,0.29,0.27,0.271,0.357,0.343,0.438,0.439,0.795,0.781,104,0.556,45.6,3.6,0.772,0.298,0.168,69.6,0
146,2004,St. Louis Cardinals,5.28,4322,930,5.8,110,0.307,0.278,0.268,0.344,0.34,0.46,0.435,0.804,0.775,107,0.562,60.7,5.3,0.781,0.292,0.182,146.2,1
147,2004,Tampa Bay Devil Rays,4.43,4297,740,4.6,106,0.286,0.258,0.266,0.32,0.333,0.405,0.427,0.725,0.76,91,0.447,-69.5,-6.6,0.684,0.249,0.147,138.2,0
148,2004,Texas Rangers,5.31,4330,870,5.4,116,0.291,0.266,0.28,0.329,0.349,0.457,0.449,0.786,0.798,96,0.517,-46.7,-4.5,0.752,0.286,0.191,105.8,0
149,2004,Toronto Blue Jays,4.47,4325,742,4.6,113,0.298,0.26,0.275,0.328,0.344,0.403,0.442,0.732,0.786,87,0.445,-114.4,-10.8,0.674,0.241,0.143,82.9,0
150,2005,Arizona Diamondbacks,4.3,4405,811,4.9,111,0.285,0.256,0.272,0.332,0.343,0.421,0.433,0.754,0.776,94,0.507,-52.4,-5.3,0.715,0.282,0.165,99.2,0
151,2005,Atlanta Braves,4.75,4332,811,5.0,109,0.298,0.265,0.27,0.333,0.34,0.435,0.43,0.768,0.77,99,0.515,-13.5,-1.5,0.726,0.279,0.17,122.7,1
152,2005,Baltimore Orioles,4.5,4323,779,4.8,104,0.289,0.269,0.267,0.327,0.33,0.434,0.423,0.761,0.753,102,0.491,11.0,0.9,0.706,0.254,0.165,115.3,0
153,2005,Boston Red Sox,5.62,4271,943,5.9,108,0.31,0.281,0.273,0.357,0.336,0.454,0.433,0.811,0.769,111,0.584,104.0,9.7,0.787,0.296,0.174,73.4,1
154,2005,Chicago Cubs,4.34,4354,808,4.9,111,0.291,0.27,0.273,0.324,0.344,0.44,0.435,0.764,0.779,95,0.511,-53.3,-5.5,0.704,0.25,0.17,97.4,0
155,2005,Chicago White Sox,4.57,4370,762,4.7,108,0.286,0.262,0.272,0.322,0.335,0.425,0.431,0.747,0.766,95,0.476,-49.3,-4.8,0.703,0.254,0.163,162.6,1
156,2005,Cincinnati Reds,5.03,4333,886,5.5,108,0.302,0.261,0.269,0.339,0.339,0.446,0.428,0.785,0.767,104,0.555,35.6,3.2,0.76,0.304,0.185,108.7,0
157,2005,Cleveland Indians,4.88,4340,862,5.3,102,0.302,0.271,0.263,0.334,0.326,0.453,0.418,0.787,0.743,111,0.536,95.0,8.8,0.743,0.276,0.181,95.4,0
158,2005,Colorado Rockies,4.57,4344,786,4.8,118,0.307,0.267,0.282,0.333,0.354,0.411,0.449,0.744,0.804,85,0.499,-135.1,-13.3,0.69,0.242,0.144,90.7,0
159,2005,Detroit Tigers,4.46,4342,767,4.7,102,0.304,0.272,0.265,0.321,0.327,0.428,0.42,0.75,0.746,100,0.482,-1.0,-0.2,0.683,0.232,0.157,94.8,0
160,2005,Florida Marlins,4.43,4317,786,4.9,103,0.304,0.272,0.261,0.339,0.331,0.409,0.416,0.748,0.747,101,0.502,20.0,1.7,0.7,0.241,0.137,109.7,0
161,2005,Houston Astros,4.25,4346,746,4.6,109,0.288,0.256,0.27,0.322,0.34,0.408,0.43,0.73,0.77,90,0.475,-89.8,-8.9,0.686,0.253,0.152,134.2,1
162,2005,Kansas City Royals,4.33,4326,702,4.3,104,0.298,0.263,0.267,0.32,0.33,0.396,0.423,0.716,0.753,91,0.444,-72.8,-7.1,0.643,0.214,0.134,74.6,0
163,2005,Los Angeles Angels of Anaheim,4.7,4368,751,4.6,103,0.294,0.27,0.266,0.325,0.328,0.409,0.422,0.734,0.75,96,0.47,-33.0,-3.3,0.685,0.236,0.139,153.7,1
164,2005,Los Angeles Dodgers,4.23,4323,726,4.5,106,0.29,0.253,0.266,0.326,0.336,0.395,0.424,0.721,0.76,90,0.465,-75.3,-7.5,0.665,0.246,0.142,83.5,0
165,2005,Milwaukee Brewers,4.48,4310,787,4.9,108,0.298,0.259,0.269,0.331,0.339,0.423,0.428,0.754,0.767,97,0.504,-27.8,-2.8,0.71,0.269,0.163,108.9,0
166,2005,Minnesota Twins,4.25,4406,703,4.3,107,0.291,0.259,0.271,0.323,0.334,0.391,0.429,0.714,0.763,88,0.436,-99.3,-9.6,0.653,0.23,0.132,115.8,0
167,2005,New York Mets,4.46,4334,776,4.8,105,0.29,0.258,0.265,0.322,0.335,0.416,0.422,0.738,0.757,95,0.495,-48.3,-4.9,0.704,0.266,0.158,163.3,0
168,2005,New York Yankees,5.47,4295,944,5.9,103,0.297,0.276,0.266,0.355,0.328,0.45,0.422,0.805,0.75,115,0.582,130.4,12.1,0.787,0.297,0.174,122.9,1
169,2005,Oakland Athletics,4.77,4380,761,4.6,105,0.281,0.262,0.268,0.33,0.331,0.407,0.425,0.737,0.756,96,0.475,-32.0,-3.1,0.674,0.242,0.145,51.7,0
170,2005,Philadelphia Phillies,4.98,4290,876,5.4,112,0.306,0.27,0.274,0.348,0.345,0.423,0.437,0.772,0.782,98,0.555,-17.9,-1.9,0.755,0.285,0.154,136.9,0
171,2005,Pittsburgh Pirates,4.2,4393,743,4.5,107,0.297,0.259,0.267,0.322,0.338,0.4,0.426,0.723,0.763,90,0.469,-88.6,-8.7,0.664,0.233,0.141,95.7,0
172,2005,San Diego Padres,4.22,4372,750,4.6,100,0.289,0.257,0.258,0.333,0.326,0.391,0.41,0.724,0.737,97,0.475,-0.1,-0.2,0.682,0.253,0.134,112.4,1
173,2005,Seattle Mariners,4.31,4335,702,4.3,101,0.289,0.256,0.262,0.317,0.324,0.391,0.416,0.709,0.74,92,0.443,-56.2,-5.5,0.65,0.23,0.136,114.3,0
174,2005,San Francisco Giants,4.01,4352,702,4.3,109,0.29,0.261,0.27,0.319,0.34,0.396,0.43,0.714,0.77,86,0.447,-120.3,-11.8,0.643,0.22,0.135,91.3,0
175,2005,St. Louis Cardinals,4.97,4319,830,5.1,109,0.297,0.27,0.27,0.339,0.34,0.423,0.43,0.762,0.77,98,0.527,-18.9,-2.1,0.718,0.258,0.153,111.5,1
176,2005,Tampa Bay Devil Rays,4.63,4300,778,4.8,103,0.306,0.274,0.266,0.329,0.328,0.425,0.422,0.754,0.75,101,0.493,7.4,0.7,0.71,0.244,0.151,153.9,0
177,2005,Texas Rangers,5.34,4367,894,5.5,110,0.29,0.267,0.275,0.329,0.339,0.468,0.436,0.798,0.775,105,0.55,24.0,2.1,0.76,0.297,0.201,106.5,0
178,2005,Toronto Blue Jays,4.78,4339,762,4.7,107,0.296,0.265,0.271,0.331,0.334,0.407,0.429,0.738,0.763,94,0.48,-44.3,-4.3,0.685,0.236,0.142,94.2,0
179,2005,Washington Nationals,3.94,4370,692,4.2,104,0.293,0.252,0.263,0.322,0.332,0.386,0.418,0.708,0.75,89,0.439,-75.9,-7.5,0.642,0.224,0.134,65.0,0
180,2006,Arizona Diamondbacks,4.77,4419,812,4.9,117,0.294,0.267,0.278,0.331,0.35,0.424,0.452,0.755,0.801,89,0.484,-106.2,-10.0,0.706,0.255,0.157,103.1,0
181,2006,Atlanta Braves,5.24,4361,875,5.4,113,0.304,0.27,0.272,0.337,0.343,0.455,0.442,0.791,0.785,101,0.524,2.4,0.0,0.748,0.282,0.184,84.3,0
182,2006,Baltimore Orioles,4.74,4312,813,5.0,110,0.302,0.277,0.274,0.339,0.339,0.424,0.436,0.763,0.775,97,0.483,-21.4,-2.1,0.719,0.247,0.146,139.3,0
183,2006,Boston Red Sox,5.06,4346,897,5.5,115,0.298,0.269,0.281,0.351,0.347,0.435,0.447,0.786,0.794,98,0.524,-7.3,-1.0,0.758,0.291,0.166,80.6,0
184,2006,Chicago Cubs,4.42,4396,761,4.6,116,0.294,0.268,0.276,0.319,0.347,0.422,0.448,0.741,0.795,86,0.457,-136.6,-13.0,0.682,0.238,0.154,140.0,0
185,2006,Chicago White Sox,5.36,4338,914,5.6,114,0.305,0.28,0.28,0.342,0.345,0.464,0.445,0.806,0.791,103,0.534,19.0,1.5,0.774,0.28,0.184,133.4,0
186,2006,Cincinnati Reds,4.62,4355,837,5.2,116,0.29,0.257,0.277,0.336,0.348,0.432,0.45,0.768,0.798,93,0.505,-68.9,-6.6,0.749,0.303,0.175,157.8,0
187,2006,Cleveland Indians,5.37,4266,915,5.7,110,0.324,0.28,0.274,0.349,0.339,0.457,0.436,0.806,0.775,108,0.542,69.8,6.2,0.771,0.281,0.177,85.9,0
188,2006,Colorado Rockies,5.02,4391,864,5.3,121,0.31,0.27,0.283,0.341,0.355,0.433,0.459,0.774,0.814,90,0.515,-92.2,-9.0,0.737,0.27,0.163,110.3,0
189,2006,Detroit Tigers,5.07,4335,824,5.1,111,0.31,0.274,0.275,0.329,0.34,0.449,0.438,0.777,0.778,99,0.487,-19.8,-1.9,0.721,0.254,0.174,92.6,1
190,2006,Florida Marlins,4.68,4333,821,5.1,108,0.309,0.264,0.266,0.331,0.336,0.435,0.432,0.766,0.768,99,0.498,-4.4,-0.6,0.729,0.27,0.171,137.1,0
191,2006,Houston Astros,4.54,4418,800,4.9,113,0.286,0.255,0.272,0.332,0.343,0.409,0.442,0.741,0.785,89,0.477,-90.2,-8.8,0.701,0.268,0.154,108.7,0
192,2006,Kansas City Royals,4.67,4338,773,4.7,112,0.311,0.271,0.277,0.332,0.341,0.411,0.44,0.743,0.781,91,0.457,-76.3,-7.2,0.684,0.23,0.14,85.3,0
193,2006,Los Angeles Angels of Anaheim,4.73,4337,810,5.0,111,0.301,0.274,0.275,0.334,0.34,0.425,0.438,0.759,0.778,95,0.479,-40.6,-3.9,0.719,0.253,0.15,153.3,0
194,2006,Los Angeles Dodgers,5.06,4379,877,5.4,114,0.307,0.276,0.273,0.348,0.344,0.432,0.444,0.781,0.788,99,0.523,-11.3,-1.2,0.754,0.278,0.157,139.4,1
195,2006,Milwaukee Brewers,4.51,4314,770,4.8,114,0.3,0.258,0.273,0.327,0.344,0.42,0.444,0.747,0.788,89,0.471,-89.9,-8.6,0.699,0.261,0.162,101.8,0
196,2006,Minnesota Twins,4.94,4285,827,5.1,109,0.316,0.287,0.273,0.347,0.337,0.425,0.434,0.771,0.771,101,0.494,10.6,0.8,0.719,0.236,0.138,118.4,1
197,2006,New York Mets,5.15,4362,877,5.4,111,0.293,0.264,0.27,0.334,0.34,0.445,0.438,0.78,0.778,100,0.525,-2.3,-0.5,0.762,0.299,0.181,168.8,1
198,2006,New York Yankees,5.74,4300,981,6.1,112,0.315,0.285,0.277,0.363,0.341,0.461,0.44,0.824,0.781,111,0.57,104.9,9.5,0.822,0.31,0.177,167.3,1
199,2006,Oakland Athletics,4.76,4342,786,4.8,108,0.285,0.26,0.272,0.34,0.336,0.412,0.432,0.752,0.768,97,0.464,-15.0,-1.5,0.71,0.277,0.152,90.5,1
200,2006,Philadelphia Phillies,5.34,4410,950,5.8,117,0.302,0.267,0.278,0.347,0.35,0.447,0.452,0.794,0.801,98,0.556,-21.6,-2.4,0.779,0.302,0.18,129.0,0
201,2006,Pittsburgh Pirates,4.27,4383,743,4.5,111,0.31,0.263,0.27,0.327,0.34,0.397,0.438,0.723,0.779,86,0.447,-110.2,-10.5,0.66,0.224,0.134,91.8,0
202,2006,San Diego Padres,4.51,4375,806,4.9,105,0.299,0.263,0.261,0.332,0.33,0.416,0.424,0.749,0.754,99,0.485,6.3,0.4,0.714,0.271,0.154,139.5,1
203,2006,Seattle Mariners,4.67,4360,788,4.8,108,0.3,0.272,0.272,0.325,0.336,0.424,0.432,0.749,0.768,95,0.464,-49.5,-4.7,0.695,0.236,0.153,131.2,0
204,2006,San Francisco Giants,4.63,4332,760,4.7,113,0.282,0.259,0.272,0.324,0.343,0.422,0.442,0.746,0.785,90,0.463,-91.6,-8.8,0.691,0.259,0.163,85.6,0
205,2006,St. Louis Cardinals,4.85,4310,834,5.2,112,0.292,0.269,0.271,0.337,0.342,0.431,0.44,0.769,0.782,97,0.508,-28.5,-3.0,0.722,0.264,0.163,89.4,1
206,2006,Tampa Bay Devil Rays,4.25,4310,743,4.6,110,0.285,0.255,0.274,0.314,0.339,0.42,0.436,0.733,0.775,89,0.442,-100.9,-9.5,0.69,0.261,0.165,157.2,0
207,2006,Texas Rangers,5.15,4328,855,5.3,112,0.311,0.278,0.277,0.338,0.341,0.446,0.44,0.784,0.781,101,0.504,3.6,0.2,0.733,0.263,0.168,82.2,0
208,2006,Toronto Blue Jays,4.99,4272,892,5.6,111,0.306,0.284,0.275,0.348,0.34,0.463,0.438,0.811,0.778,108,0.53,70.4,6.4,0.769,0.276,0.179,98.0,0
209,2006,Washington Nationals,4.6,4363,820,5.0,107,0.301,0.262,0.265,0.338,0.335,0.418,0.43,0.756,0.765,98,0.494,2.2,-0.1,0.727,0.275,0.156,140.6,0
210,2007,Arizona Diamondbacks,4.4,4306,754,4.7,117,0.282,0.25,0.281,0.321,0.351,0.413,0.449,0.734,0.8,83,0.465,-151.2,-14.4,0.698,0.277,0.163,133.1,1
211,2007,Atlanta Braves,5.0,4396,870,5.3,109,0.314,0.275,0.27,0.339,0.339,0.435,0.432,0.774,0.771,101,0.521,5.9,0.3,0.726,0.26,0.16,93.9,0
212,2007,Baltimore Orioles,4.67,4368,787,4.8,108,0.302,0.272,0.272,0.333,0.34,0.412,0.426,0.746,0.765,95,0.478,-44.4,-4.3,0.703,0.248,0.141,143.0,0
213,2007,Boston Red Sox,5.35,4282,940,5.9,112,0.315,0.279,0.278,0.362,0.346,0.444,0.435,0.806,0.781,107,0.568,63.1,5.7,0.793,0.301,0.165,121.6,1
214,2007,Chicago Cubs,4.64,4358,819,5.1,115,0.308,0.271,0.279,0.333,0.349,0.422,0.445,0.754,0.794,90,0.498,-93.7,-9.1,0.703,0.248,0.15,109.6,1
215,2007,Chicago White Sox,4.28,4359,704,4.3,110,0.278,0.246,0.276,0.318,0.344,0.404,0.431,0.722,0.775,86,0.428,-125.3,-12.0,0.668,0.262,0.158,110.6,0
216,2007,Cincinnati Reds,4.83,4401,851,5.2,115,0.298,0.267,0.278,0.335,0.347,0.436,0.444,0.772,0.791,95,0.511,-52.8,-5.2,0.735,0.277,0.17,131.5,0
217,2007,Cleveland Indians,5.01,4346,848,5.2,108,0.31,0.268,0.272,0.343,0.34,0.428,0.425,0.771,0.765,102,0.514,16.3,1.4,0.738,0.27,0.159,102.5,1
218,2007,Colorado Rockies,5.28,4398,931,5.7,117,0.322,0.28,0.281,0.354,0.351,0.437,0.449,0.791,0.8,98,0.552,-19.0,-2.1,0.765,0.279,0.158,126.2,1
219,2007,Detroit Tigers,5.48,4339,929,5.7,109,0.323,0.287,0.273,0.345,0.341,0.458,0.427,0.802,0.769,108,0.556,59.7,5.3,0.767,0.266,0.171,130.2,0
220,2007,Florida Marlins,4.88,4378,890,5.5,108,0.315,0.267,0.269,0.336,0.338,0.448,0.43,0.784,0.768,104,0.533,29.0,2.4,0.758,0.286,0.181,137.9,0
221,2007,Houston Astros,4.46,4440,786,4.8,111,0.291,0.26,0.273,0.33,0.342,0.412,0.436,0.742,0.778,91,0.47,-80.7,-7.8,0.689,0.256,0.152,93.6,0
222,2007,Kansas City Royals,4.36,4370,687,4.2,107,0.305,0.261,0.271,0.322,0.339,0.388,0.424,0.71,0.762,87,0.416,-111.0,-10.5,0.64,0.21,0.126,88.4,0
223,2007,Los Angeles Angels of Anaheim,5.07,4274,811,5.1,108,0.315,0.284,0.272,0.345,0.34,0.417,0.426,0.762,0.765,99,0.501,0.9,-0.1,0.719,0.239,0.133,130.5,1
224,2007,Los Angeles Dodgers,4.54,4349,803,5.0,112,0.303,0.275,0.274,0.337,0.344,0.406,0.438,0.743,0.781,91,0.49,-80.1,-7.7,0.7,0.237,0.131,132.9,0
225,2007,Milwaukee Brewers,4.94,4350,866,5.4,111,0.289,0.262,0.273,0.329,0.342,0.456,0.436,0.785,0.778,101,0.524,-5.3,-0.8,0.755,0.296,0.194,135.6,0
226,2007,Minnesota Twins,4.43,4320,725,4.5,103,0.291,0.264,0.265,0.33,0.332,0.391,0.414,0.721,0.746,94,0.445,-41.6,-4.1,0.668,0.234,0.127,114.9,0
227,2007,New York Mets,4.96,4357,878,5.4,109,0.303,0.275,0.27,0.342,0.339,0.432,0.432,0.775,0.771,101,0.529,11.0,0.8,0.764,0.282,0.157,187.8,0
228,2007,New York Yankees,5.98,4334,1003,6.2,108,0.318,0.29,0.272,0.366,0.34,0.463,0.426,0.829,0.765,116,0.591,145.9,13.4,0.823,0.3,0.174,152.6,1
229,2007,Oakland Athletics,4.57,4383,796,4.8,102,0.29,0.256,0.264,0.338,0.33,0.407,0.412,0.745,0.743,101,0.481,27.4,2.4,0.704,0.275,0.151,79.7,0
230,2007,Philadelphia Phillies,5.51,4391,981,6.0,115,0.311,0.274,0.278,0.354,0.347,0.458,0.444,0.812,0.791,105,0.576,43.0,3.8,0.813,0.318,0.184,167.5,1
231,2007,Pittsburgh Pirates,4.47,4377,766,4.7,108,0.303,0.263,0.269,0.325,0.338,0.411,0.43,0.736,0.768,92,0.465,-68.5,-6.6,0.678,0.239,0.149,93.2,0
232,2007,San Diego Padres,4.55,4449,775,4.7,102,0.291,0.251,0.26,0.322,0.328,0.411,0.416,0.732,0.744,97,0.463,-11.4,-1.2,0.683,0.265,0.16,83.2,0
233,2007,Seattle Mariners,4.9,4312,807,5.0,103,0.313,0.287,0.266,0.337,0.333,0.425,0.416,0.762,0.749,103,0.495,24.3,2.2,0.695,0.216,0.138,105.9,0
234,2007,San Francisco Giants,4.22,4409,714,4.4,112,0.281,0.254,0.274,0.322,0.344,0.387,0.438,0.708,0.781,82,0.43,-156.9,-15.0,0.657,0.244,0.133,124.7,0
235,2007,St. Louis Cardinals,4.48,4325,770,4.8,110,0.303,0.274,0.272,0.337,0.341,0.405,0.434,0.743,0.775,92,0.473,-59.2,-5.8,0.68,0.227,0.132,80.2,0
236,2007,Tampa Bay Devil Rays,4.83,4346,847,5.2,105,0.318,0.268,0.269,0.336,0.336,0.433,0.42,0.769,0.756,103,0.514,25.9,2.2,0.74,0.277,0.165,154.1,0
237,2007,Texas Rangers,5.04,4348,795,4.9,108,0.305,0.263,0.272,0.328,0.34,0.426,0.425,0.754,0.765,97,0.484,-36.1,-3.5,0.709,0.265,0.163,118.0,0
238,2007,Toronto Blue Jays,4.65,4332,777,4.8,107,0.29,0.259,0.271,0.327,0.339,0.419,0.424,0.746,0.762,95,0.476,-37.5,-3.7,0.696,0.263,0.16,84.7,0
239,2007,Washington Nationals,4.15,4375,722,4.4,106,0.3,0.256,0.265,0.325,0.334,0.39,0.424,0.715,0.758,89,0.438,-77.9,-7.5,0.656,0.237,0.134,88.4,0
240,2008,Arizona Diamondbacks,4.44,4293,766,4.8,114,0.299,0.251,0.275,0.327,0.348,0.415,0.439,0.742,0.788,88,0.489,-103.6,-10.0,0.703,0.279,0.164,85.0,0
241,2008,Atlanta Braves,4.65,4363,825,5.1,106,0.309,0.27,0.265,0.345,0.336,0.408,0.423,0.753,0.759,99,0.516,1.5,-0.2,0.705,0.254,0.138,80.2,0
242,2008,Baltimore Orioles,4.86,4296,822,5.1,106,0.296,0.267,0.269,0.333,0.337,0.429,0.423,0.762,0.76,100,0.514,-1.7,-0.4,0.72,0.265,0.162,110.1,0
243,2008,Boston Red Sox,5.22,4303,927,5.8,111,0.315,0.28,0.276,0.358,0.345,0.447,0.434,0.805,0.779,107,0.568,62.6,5.7,0.793,0.298,0.168,141.7,1
244,2008,Chicago Cubs,5.31,4314,907,5.6,114,0.321,0.278,0.275,0.354,0.348,0.443,0.439,0.797,0.788,103,0.564,22.1,2.0,0.773,0.288,0.165,118.1,1
245,2008,Chicago White Sox,4.98,4361,820,5.0,109,0.281,0.263,0.273,0.332,0.341,0.448,0.428,0.78,0.77,102,0.506,4.5,0.3,0.736,0.288,0.185,104.3,1
246,2008,Cincinnati Reds,4.35,4375,754,4.6,110,0.278,0.247,0.27,0.321,0.342,0.408,0.43,0.729,0.772,89,0.473,-100.8,-9.9,0.686,0.27,0.161,116.9,0
247,2008,Cleveland Indians,4.97,4332,824,5.1,104,0.305,0.262,0.266,0.339,0.333,0.424,0.417,0.763,0.751,103,0.512,34.0,3.1,0.729,0.271,0.162,106.2,0
248,2008,Colorado Rockies,4.61,4379,827,5.1,115,0.308,0.263,0.278,0.336,0.351,0.415,0.443,0.751,0.794,89,0.515,-96.1,-9.5,0.724,0.274,0.152,149.9,0
249,2008,Detroit Tigers,5.07,4361,859,5.3,107,0.301,0.271,0.27,0.34,0.339,0.444,0.425,0.784,0.763,105,0.528,33.8,3.1,0.742,0.28,0.173,95.8,0
250,2008,Florida Marlins,4.78,4323,821,5.1,109,0.3,0.254,0.269,0.326,0.341,0.433,0.428,0.759,0.769,97,0.518,-32.9,-3.4,0.725,0.286,0.179,111.3,0
251,2008,Houston Astros,4.42,4285,753,4.7,105,0.296,0.263,0.264,0.323,0.335,0.415,0.421,0.737,0.756,95,0.482,-45.1,-4.6,0.687,0.246,0.152,135.5,0
252,2008,Kansas City Royals,4.27,4351,704,4.3,104,0.307,0.269,0.266,0.32,0.333,0.397,0.417,0.717,0.751,91,0.438,-76.6,-7.4,0.641,0.205,0.128,95.3,0
253,2008,Los Angeles Angels of Anaheim,4.72,4324,761,4.7,107,0.299,0.268,0.27,0.33,0.339,0.413,0.425,0.743,0.763,95,0.476,-50.8,-5.0,0.695,0.246,0.145,142.4,1
254,2008,Los Angeles Dodgers,4.32,4349,762,4.7,106,0.301,0.264,0.265,0.333,0.336,0.399,0.423,0.732,0.759,93,0.481,-52.5,-5.3,0.684,0.248,0.134,131.3,1
255,2008,Milwaukee Brewers,4.63,4369,813,5.0,106,0.287,0.253,0.265,0.325,0.336,0.431,0.423,0.757,0.759,99,0.508,-13.3,-1.5,0.729,0.291,0.179,139.8,1
256,2008,Minnesota Twins,5.09,4377,796,4.9,102,0.316,0.279,0.263,0.34,0.331,0.408,0.413,0.748,0.744,102,0.491,23.0,2.1,0.698,0.234,0.129,106.3,0
257,2008,New York Mets,4.93,4402,847,5.2,106,0.296,0.266,0.265,0.34,0.336,0.42,0.423,0.761,0.759,101,0.524,8.6,0.6,0.737,0.283,0.154,153.1,0
258,2008,New York Yankees,4.87,4318,832,5.2,108,0.302,0.271,0.272,0.342,0.34,0.427,0.426,0.769,0.767,101,0.518,1.4,-0.1,0.733,0.266,0.156,142.6,0
259,2008,Oakland Athletics,4.01,4345,662,4.1,100,0.289,0.242,0.261,0.318,0.328,0.369,0.41,0.686,0.738,87,0.411,-91.6,-8.8,0.635,0.244,0.127,103.3,0
260,2008,Philadelphia Phillies,4.93,4346,856,5.3,110,0.283,0.255,0.27,0.332,0.342,0.438,0.43,0.77,0.772,99,0.534,-16.9,-1.8,0.756,0.309,0.182,166.3,1
261,2008,Pittsburgh Pirates,4.54,4421,769,4.7,104,0.29,0.258,0.262,0.32,0.334,0.403,0.419,0.723,0.752,92,0.478,-62.3,-6.2,0.664,0.236,0.145,83.1,0
262,2008,San Diego Padres,3.93,4429,707,4.3,96,0.294,0.25,0.251,0.317,0.321,0.39,0.401,0.707,0.722,96,0.439,-9.5,-1.1,0.642,0.237,0.14,58.4,0
263,2008,Seattle Mariners,4.14,4392,700,4.3,102,0.294,0.265,0.263,0.318,0.331,0.389,0.413,0.707,0.744,90,0.431,-79.7,-7.7,0.635,0.208,0.124,104.3,0
264,2008,San Francisco Giants,3.95,4377,695,4.3,110,0.305,0.262,0.27,0.321,0.342,0.382,0.43,0.703,0.772,83,0.436,-146.1,-14.2,0.638,0.213,0.12,100.5,0
265,2008,St. Louis Cardinals,4.81,4348,889,5.5,106,0.312,0.281,0.265,0.35,0.336,0.433,0.423,0.783,0.759,107,0.551,57.4,5.1,0.74,0.262,0.152,102.9,0
266,2008,Tampa Bay Rays,4.78,4334,829,5.1,106,0.302,0.26,0.269,0.34,0.337,0.422,0.423,0.762,0.76,101,0.514,6.9,0.6,0.746,0.292,0.162,158.8,1
267,2008,Texas Rangers,5.56,4342,967,6.0,106,0.325,0.283,0.269,0.354,0.337,0.462,0.423,0.816,0.76,114,0.583,121.2,11.3,0.797,0.293,0.179,114.3,0
268,2008,Toronto Blue Jays,4.41,4331,736,4.5,103,0.295,0.264,0.265,0.331,0.332,0.399,0.415,0.731,0.747,96,0.46,-25.3,-2.5,0.676,0.24,0.135,97.9,0
269,2008,Washington Nationals,3.98,4411,683,4.2,106,0.292,0.251,0.265,0.323,0.336,0.373,0.423,0.696,0.759,84,0.425,-124.4,-12.1,0.633,0.227,0.122,95.7,0
270,2009,Arizona Diamondbacks,4.44,4385,789,4.8,111,0.299,0.253,0.272,0.324,0.345,0.418,0.431,0.742,0.777,91,0.501,-88.8,-8.8,0.707,0.278,0.165,128.3,0
271,2009,Atlanta Braves,4.54,4390,791,4.8,106,0.3,0.263,0.265,0.339,0.338,0.405,0.42,0.744,0.758,97,0.502,-19.2,-2.1,0.696,0.257,0.142,83.5,0
272,2009,Baltimore Orioles,4.57,4337,783,4.8,109,0.3,0.268,0.268,0.332,0.338,0.415,0.431,0.747,0.769,95,0.477,-44.9,-4.3,0.693,0.246,0.147,103.1,0
273,2009,Boston Red Sox,5.38,4294,918,5.7,112,0.301,0.27,0.273,0.352,0.343,0.454,0.438,0.806,0.781,106,0.554,55.6,5.0,0.798,0.319,0.184,158.1,1
274,2009,Chicago Cubs,4.39,4363,768,4.7,113,0.296,0.255,0.274,0.332,0.348,0.407,0.435,0.738,0.783,89,0.491,-98.7,-9.8,0.691,0.264,0.152,83.1,0
275,2009,Chicago White Sox,4.47,4314,751,4.6,112,0.285,0.258,0.273,0.329,0.343,0.411,0.438,0.74,0.781,90,0.461,-91.0,-8.7,0.697,0.263,0.153,140.0,0
276,2009,Cincinnati Reds,4.15,4397,720,4.4,107,0.282,0.247,0.266,0.318,0.339,0.394,0.422,0.712,0.761,87,0.458,-108.4,-10.7,0.666,0.255,0.147,119.4,0
277,2009,Cleveland Indians,4.77,4360,810,5.0,103,0.308,0.264,0.261,0.339,0.329,0.417,0.419,0.756,0.749,102,0.49,34.0,3.1,0.718,0.267,0.153,110.4,0
278,2009,Colorado Rockies,4.96,4292,857,5.3,117,0.305,0.261,0.279,0.343,0.354,0.441,0.444,0.784,0.798,96,0.549,-39.2,-4.0,0.768,0.311,0.18,136.1,1
279,2009,Detroit Tigers,4.56,4353,784,4.8,109,0.294,0.26,0.268,0.331,0.338,0.416,0.431,0.747,0.769,95,0.476,-50.1,-4.9,0.699,0.26,0.156,103.3,0
280,2009,Florida Marlins,4.77,4333,830,5.1,108,0.316,0.268,0.268,0.34,0.342,0.416,0.426,0.756,0.767,97,0.53,-24.2,-2.6,0.715,0.257,0.148,101.9,0
281,2009,Houston Astros,3.97,4329,711,4.4,105,0.293,0.26,0.263,0.319,0.336,0.4,0.418,0.719,0.755,91,0.46,-80.1,-7.9,0.659,0.235,0.14,125.9,0
282,2009,Kansas City Royals,4.23,4334,719,4.4,105,0.298,0.259,0.264,0.318,0.332,0.405,0.423,0.724,0.756,92,0.439,-73.2,-7.0,0.663,0.24,0.146,109.2,0
283,2009,Los Angeles Angels of Anaheim,5.45,4304,880,5.5,107,0.322,0.285,0.266,0.35,0.335,0.441,0.427,0.792,0.762,108,0.534,68.4,6.3,0.765,0.269,0.156,159.5,1
284,2009,Los Angeles Dodgers,4.81,4392,825,5.0,102,0.309,0.27,0.26,0.346,0.332,0.412,0.413,0.758,0.745,104,0.521,43.6,4.0,0.723,0.262,0.141,128.9,1
285,2009,Milwaukee Brewers,4.85,4333,845,5.2,105,0.305,0.263,0.263,0.341,0.336,0.426,0.418,0.767,0.754,103,0.538,30.2,2.6,0.732,0.28,0.164,99.0,0
286,2009,Minnesota Twins,5.01,4356,851,5.2,106,0.306,0.274,0.265,0.345,0.334,0.429,0.425,0.774,0.759,104,0.513,39.8,3.5,0.735,0.268,0.155,113.8,1
287,2009,New York Mets,4.14,4312,747,4.6,104,0.307,0.27,0.262,0.335,0.335,0.394,0.416,0.729,0.751,95,0.484,-34.4,-3.5,0.68,0.235,0.124,106.8,0
288,2009,New York Yankees,5.65,4298,1003,6.2,112,0.306,0.283,0.273,0.362,0.343,0.478,0.438,0.839,0.781,114,0.593,123.7,11.4,0.835,0.326,0.194,152.6,1
289,2009,Oakland Athletics,4.69,4383,747,4.5,106,0.298,0.262,0.265,0.328,0.334,0.397,0.425,0.726,0.759,92,0.451,-59.3,-5.7,0.681,0.245,0.135,134.0,0
290,2009,Philadelphia Phillies,5.06,4357,890,5.5,108,0.286,0.258,0.267,0.334,0.34,0.447,0.424,0.781,0.764,104,0.559,22.3,1.9,0.769,0.311,0.189,155.4,1
291,2009,Pittsburgh Pirates,3.95,4305,694,4.3,105,0.296,0.252,0.263,0.318,0.336,0.387,0.418,0.705,0.754,87,0.451,-103.0,-10.2,0.649,0.238,0.135,104.7,0
292,2009,San Diego Padres,3.94,4380,697,4.3,98,0.284,0.242,0.254,0.321,0.325,0.381,0.403,0.701,0.728,93,0.445,-33.8,-3.5,0.653,0.256,0.138,103.7,0
293,2009,Seattle Mariners,3.95,4370,709,4.3,102,0.293,0.258,0.26,0.314,0.328,0.402,0.417,0.716,0.745,92,0.429,-62.8,-6.0,0.653,0.23,0.144,114.4,0
294,2009,San Francisco Giants,4.06,4347,686,4.2,108,0.302,0.257,0.268,0.309,0.342,0.389,0.426,0.699,0.767,82,0.442,-157.8,-15.5,0.629,0.213,0.132,95.2,0
295,2009,St. Louis Cardinals,4.51,4298,789,4.9,105,0.296,0.263,0.263,0.332,0.336,0.415,0.418,0.747,0.755,98,0.511,-15.7,-1.8,0.7,0.257,0.152,102.1,1
296,2009,Tampa Bay Rays,4.96,4263,867,5.4,106,0.303,0.263,0.265,0.343,0.334,0.439,0.425,0.782,0.759,106,0.532,55.1,5.0,0.783,0.319,0.177,196.5,0
297,2009,Texas Rangers,4.84,4314,812,5.0,111,0.296,0.26,0.272,0.32,0.342,0.445,0.436,0.764,0.778,95,0.496,-51.0,-4.9,0.738,0.291,0.185,179.0,0
298,2009,Toronto Blue Jays,4.93,4406,852,5.2,108,0.29,0.266,0.267,0.333,0.336,0.44,0.429,0.773,0.765,102,0.509,13.0,1.0,0.733,0.279,0.174,108.2,0
299,2009,Washington Nationals,4.38,4356,783,4.8,106,0.302,0.258,0.265,0.337,0.338,0.406,0.42,0.743,0.758,96,0.501,-27.0,-2.9,0.7,0.267,0.148,99.5,0
300,2010,Arizona Diamondbacks,4.4,4343,766,4.7,106,0.312,0.25,0.268,0.325,0.339,0.416,0.422,0.74,0.76,94,0.513,-49.3,-5.0,0.701,0.282,0.166,116.4,0
301,2010,Atlanta Braves,4.56,4321,765,4.7,101,0.301,0.258,0.26,0.339,0.329,0.401,0.409,0.74,0.738,101,0.515,18.8,1.7,0.697,0.265,0.143,86.7,1
302,2010,Baltimore Orioles,3.78,4378,677,4.1,99,0.296,0.259,0.259,0.316,0.327,0.386,0.406,0.702,0.733,92,0.444,-67.7,-6.8,0.627,0.211,0.127,96.7,0
303,2010,Boston Red Sox,5.05,4357,888,5.4,105,0.299,0.268,0.267,0.339,0.336,0.451,0.418,0.79,0.754,109,0.569,68.6,6.4,0.759,0.296,0.183,102.9,0
304,2010,Chicago Cubs,4.23,4351,725,4.5,106,0.304,0.257,0.267,0.32,0.337,0.401,0.42,0.721,0.757,90,0.487,-83.6,-8.4,0.658,0.236,0.145,80.3,0
305,2010,Chicago White Sox,4.64,4327,762,4.7,102,0.292,0.268,0.264,0.332,0.332,0.42,0.413,0.752,0.745,102,0.503,5.7,0.4,0.71,0.253,0.152,168.1,0
306,2010,Cincinnati Reds,4.88,4336,858,5.3,104,0.314,0.272,0.264,0.338,0.335,0.436,0.416,0.774,0.751,106,0.565,43.5,4.1,0.738,0.267,0.164,124.4,1
307,2010,Cleveland Indians,3.99,4345,698,4.3,95,0.293,0.248,0.253,0.322,0.32,0.378,0.397,0.7,0.717,96,0.461,-19.0,-2.1,0.649,0.24,0.13,106.4,0
308,2010,Colorado Rockies,4.75,4326,828,5.1,114,0.31,0.263,0.279,0.336,0.351,0.425,0.439,0.76,0.79,92,0.55,-70.5,-7.2,0.729,0.278,0.162,125.9,0
309,2010,Detroit Tigers,4.64,4358,810,5.0,102,0.311,0.268,0.263,0.335,0.331,0.415,0.411,0.75,0.742,102,0.527,17.4,1.5,0.701,0.25,0.147,94.9,0
310,2010,Florida Marlins,4.44,4355,753,4.6,105,0.309,0.254,0.265,0.321,0.336,0.403,0.418,0.724,0.754,92,0.504,-70.5,-7.2,0.678,0.254,0.149,114.6,0
311,2010,Houston Astros,3.77,4374,616,3.8,100,0.285,0.247,0.258,0.303,0.328,0.362,0.407,0.665,0.735,81,0.411,-148.3,-14.8,0.591,0.203,0.115,103.8,0
312,2010,Kansas City Royals,4.17,4370,739,4.5,99,0.305,0.274,0.259,0.331,0.327,0.399,0.406,0.73,0.733,100,0.484,-1.9,-0.3,0.669,0.221,0.126,117.9,0
313,2010,Los Angeles Angels of Anaheim,4.2,4381,676,4.1,96,0.281,0.248,0.256,0.311,0.323,0.39,0.4,0.702,0.723,94,0.443,-46.4,-4.7,0.642,0.236,0.142,124.5,0
314,2010,Los Angeles Dodgers,4.12,4366,694,4.2,99,0.299,0.252,0.257,0.322,0.327,0.379,0.405,0.7,0.732,92,0.466,-53.8,-5.5,0.645,0.233,0.127,104.2,0
315,2010,Milwaukee Brewers,4.63,4346,830,5.1,102,0.304,0.262,0.262,0.335,0.332,0.424,0.413,0.759,0.745,103,0.549,26.0,2.4,0.721,0.269,0.161,112.1,0
316,2010,Minnesota Twins,4.82,4325,814,5.0,98,0.306,0.273,0.258,0.341,0.325,0.422,0.404,0.762,0.73,109,0.533,76.6,7.2,0.712,0.256,0.148,92.0,1
317,2010,New York Mets,4.05,4380,692,4.2,100,0.287,0.249,0.258,0.314,0.328,0.383,0.407,0.697,0.735,90,0.463,-76.4,-7.7,0.652,0.241,0.134,129.0,0
318,2010,New York Yankees,5.3,4313,883,5.5,105,0.3,0.267,0.267,0.35,0.336,0.436,0.418,0.786,0.754,108,0.571,69.0,6.6,0.771,0.301,0.169,136.2,1
319,2010,Oakland Athletics,4.09,4313,694,4.3,99,0.297,0.256,0.259,0.324,0.327,0.378,0.406,0.702,0.733,92,0.462,-52.3,-5.2,0.661,0.24,0.122,128.3,0
320,2010,Philadelphia Phillies,4.77,4358,811,5.0,104,0.292,0.26,0.264,0.332,0.335,0.413,0.416,0.745,0.751,98,0.538,-13.8,-1.7,0.711,0.269,0.153,130.9,1
321,2010,Pittsburgh Pirates,3.62,4329,639,3.9,101,0.288,0.242,0.26,0.304,0.329,0.373,0.409,0.678,0.738,84,0.432,-128.5,-12.9,0.612,0.227,0.131,102.9,0
322,2010,San Diego Padres,4.1,4377,672,4.1,94,0.29,0.246,0.251,0.317,0.32,0.371,0.396,0.689,0.716,93,0.45,-37.2,-3.8,0.642,0.238,0.125,127.9,0
323,2010,Seattle Mariners,3.17,4366,570,3.5,94,0.282,0.236,0.252,0.298,0.319,0.339,0.395,0.637,0.713,79,0.369,-144.0,-14.2,0.578,0.208,0.104,118.0,0
324,2010,San Francisco Giants,4.3,4384,729,4.4,100,0.293,0.257,0.258,0.321,0.328,0.408,0.407,0.729,0.735,98,0.486,-16.0,-1.8,0.664,0.244,0.151,82.1,1
325,2010,St. Louis Cardinals,4.54,4357,773,4.7,100,0.296,0.263,0.258,0.332,0.328,0.402,0.407,0.733,0.735,100,0.516,3.5,0.0,0.681,0.244,0.139,103.5,0
326,2010,Tampa Bay Rays,4.95,4331,785,4.8,96,0.293,0.247,0.255,0.333,0.321,0.403,0.399,0.736,0.72,105,0.516,53.0,5.1,0.73,0.303,0.156,165.8,1
327,2010,Texas Rangers,4.86,4363,828,5.1,107,0.307,0.276,0.271,0.338,0.34,0.419,0.424,0.757,0.763,98,0.537,-18.0,-2.1,0.714,0.247,0.143,139.8,1
328,2010,Toronto Blue Jays,4.66,4315,788,4.9,102,0.269,0.248,0.263,0.312,0.331,0.454,0.411,0.766,0.742,105,0.519,21.8,2.0,0.722,0.299,0.206,94.6,0
329,2010,Washington Nationals,4.04,4347,709,4.4,101,0.294,0.25,0.261,0.318,0.331,0.39,0.411,0.708,0.741,91,0.477,-69.9,-7.1,0.659,0.246,0.14,126.6,0
330,2011,Arizona Diamondbacks,4.51,4284,759,4.8,101,0.294,0.25,0.262,0.322,0.33,0.413,0.408,0.736,0.739,99,0.533,-14.9,-1.7,0.706,0.275,0.163,150.0,1
331,2011,Atlanta Braves,3.96,4445,677,4.1,99,0.284,0.243,0.26,0.308,0.328,0.387,0.405,0.695,0.733,90,0.464,-88.3,-9.1,0.633,0.241,0.144,106.6,0
332,2011,Baltimore Orioles,4.37,4397,727,4.4,100,0.288,0.257,0.261,0.316,0.326,0.413,0.412,0.729,0.738,97,0.481,-28.8,-3.0,0.668,0.247,0.156,113.8,0
333,2011,Boston Red Sox,5.4,4360,935,5.8,103,0.314,0.28,0.264,0.349,0.33,0.461,0.418,0.81,0.747,116,0.599,132.6,12.8,0.784,0.292,0.181,135.8,0
334,2011,Chicago Cubs,4.04,4367,718,4.4,99,0.301,0.256,0.26,0.314,0.328,0.401,0.405,0.715,0.733,95,0.499,-48.5,-5.1,0.65,0.229,0.144,94.1,0
335,2011,Chicago White Sox,4.04,4391,692,4.2,104,0.28,0.252,0.265,0.319,0.331,0.388,0.419,0.706,0.75,89,0.46,-90.9,-9.1,0.646,0.227,0.136,106.2,0
336,2011,Cincinnati Reds,4.54,4440,785,4.8,102,0.297,0.256,0.264,0.326,0.332,0.408,0.41,0.734,0.742,98,0.532,-23.7,-2.6,0.69,0.255,0.152,126.8,0
337,2011,Cleveland Indians,4.35,4356,709,4.4,94,0.297,0.25,0.251,0.317,0.315,0.396,0.398,0.714,0.713,100,0.474,10.6,0.9,0.661,0.244,0.146,112.8,0
338,2011,Colorado Rockies,4.54,4388,787,4.8,113,0.3,0.258,0.28,0.329,0.35,0.41,0.435,0.739,0.785,88,0.538,-101.1,-10.4,0.703,0.266,0.152,136.9,0
339,2011,Detroit Tigers,4.86,4293,836,5.2,100,0.318,0.277,0.261,0.34,0.326,0.434,0.412,0.773,0.738,109,0.556,74.8,7.1,0.722,0.256,0.157,76.0,1
340,2011,Florida Marlins,3.86,4433,712,4.3,99,0.291,0.247,0.26,0.318,0.328,0.388,0.405,0.706,0.733,93,0.488,-56.4,-5.8,0.657,0.25,0.142,116.0,0
341,2011,Houston Astros,3.8,4403,677,4.1,97,0.308,0.258,0.257,0.311,0.324,0.374,0.4,0.684,0.723,89,0.468,-82.3,-8.4,0.618,0.203,0.116,105.3,0
342,2011,Kansas City Royals,4.51,4403,783,4.8,98,0.311,0.275,0.257,0.329,0.322,0.415,0.407,0.744,0.729,104,0.515,33.0,3.1,0.696,0.235,0.14,140.0,0
343,2011,Los Angeles Angels of Anaheim,4.12,4379,692,4.2,92,0.288,0.253,0.249,0.313,0.313,0.402,0.394,0.714,0.706,102,0.461,19.5,1.8,0.662,0.244,0.149,144.3,0
344,2011,Los Angeles Dodgers,4.0,4296,699,4.4,95,0.299,0.257,0.254,0.322,0.321,0.375,0.396,0.697,0.717,95,0.494,-32.7,-3.6,0.648,0.226,0.118,121.3,0
345,2011,Milwaukee Brewers,4.45,4299,794,5.0,101,0.293,0.261,0.262,0.325,0.33,0.425,0.408,0.75,0.739,102,0.552,10.5,0.7,0.706,0.264,0.164,124.7,1
346,2011,Minnesota Twins,3.82,4340,618,3.8,98,0.288,0.247,0.257,0.306,0.322,0.36,0.407,0.666,0.729,84,0.414,-127.0,-12.7,0.594,0.202,0.113,97.2,0
347,2011,New York Mets,4.43,4383,782,4.8,95,0.307,0.264,0.254,0.335,0.321,0.391,0.396,0.725,0.717,103,0.536,35.7,3.4,0.689,0.246,0.127,118.0,0
348,2011,New York Yankees,5.35,4345,863,5.3,104,0.292,0.263,0.265,0.343,0.331,0.444,0.419,0.788,0.75,110,0.565,77.4,7.5,0.775,0.313,0.181,176.9,1
349,2011,Oakland Athletics,3.98,4375,648,4.0,97,0.283,0.244,0.256,0.311,0.321,0.369,0.405,0.68,0.726,88,0.432,-82.4,-8.2,0.627,0.232,0.125,115.5,0
350,2011,Philadelphia Phillies,4.4,4405,750,4.6,99,0.283,0.253,0.26,0.323,0.328,0.395,0.405,0.717,0.733,96,0.515,-35.2,-3.7,0.672,0.252,0.142,118.0,1
351,2011,Pittsburgh Pirates,3.77,4390,640,3.9,94,0.301,0.244,0.253,0.309,0.32,0.368,0.394,0.676,0.714,90,0.444,-69.6,-7.2,0.614,0.224,0.123,107.5,0
352,2011,San Diego Padres,3.66,4384,621,3.8,92,0.294,0.237,0.251,0.305,0.317,0.349,0.391,0.653,0.708,85,0.431,-96.5,-9.9,0.609,0.227,0.112,118.5,0
353,2011,Seattle Mariners,3.43,4359,575,3.5,90,0.283,0.233,0.246,0.292,0.31,0.348,0.39,0.64,0.7,84,0.38,-106.7,-10.6,0.58,0.211,0.115,116.5,0
354,2011,San Francisco Giants,3.52,4432,626,3.8,91,0.281,0.242,0.25,0.303,0.316,0.368,0.389,0.671,0.704,91,0.43,-59.6,-6.2,0.602,0.214,0.126,99.9,0
355,2011,St. Louis Cardinals,4.7,4351,808,5.0,97,0.305,0.273,0.257,0.341,0.324,0.425,0.4,0.766,0.723,112,0.554,93.5,9.1,0.708,0.253,0.151,84.3,1
356,2011,Tampa Bay Rays,4.36,4347,740,4.6,93,0.281,0.244,0.25,0.322,0.314,0.402,0.396,0.724,0.71,104,0.495,41.9,3.9,0.698,0.281,0.159,163.1,1
357,2011,Texas Rangers,5.28,4328,894,5.5,106,0.304,0.283,0.268,0.34,0.335,0.46,0.424,0.8,0.759,110,0.582,71.8,6.9,0.769,0.279,0.177,170.1,1
358,2011,Toronto Blue Jays,4.59,4413,756,4.6,102,0.283,0.249,0.263,0.317,0.328,0.413,0.416,0.73,0.744,96,0.498,-38.9,-4.1,0.692,0.273,0.164,153.7,0
359,2011,Washington Nationals,3.88,4377,673,4.1,98,0.292,0.242,0.259,0.309,0.327,0.383,0.403,0.691,0.73,89,0.468,-84.9,-8.7,0.639,0.239,0.14,125.6,0
360,2012,Arizona Diamondbacks,4.53,4311,777,4.8,103,0.307,0.259,0.264,0.328,0.33,0.418,0.419,0.746,0.75,99,0.531,-7.4,-1.0,0.703,0.265,0.159,119.0,0
361,2012,Atlanta Braves,4.32,4323,718,4.4,103,0.296,0.247,0.263,0.32,0.329,0.389,0.417,0.709,0.747,90,0.493,-72.4,-7.4,0.666,0.259,0.142,120.4,1
362,2012,Baltimore Orioles,4.4,4434,716,4.3,100,0.286,0.247,0.258,0.311,0.323,0.417,0.416,0.728,0.739,97,0.474,-32.2,-3.4,0.666,0.261,0.17,91.3,1
363,2012,Boston Red Sox,4.53,4370,760,4.7,102,0.301,0.26,0.26,0.315,0.326,0.415,0.419,0.73,0.745,96,0.508,-34.0,-3.6,0.676,0.243,0.155,122.2,0
364,2012,Chicago Cubs,3.78,4350,631,3.9,102,0.286,0.24,0.262,0.302,0.328,0.378,0.416,0.68,0.744,83,0.432,-137.8,-14.0,0.614,0.23,0.138,111.5,0
365,2012,Chicago White Sox,4.62,4331,757,4.7,102,0.289,0.255,0.26,0.318,0.326,0.422,0.419,0.74,0.745,98,0.51,-22.1,-2.4,0.695,0.262,0.167,143.7,0
366,2012,Cincinnati Reds,4.13,4337,750,4.6,104,0.296,0.251,0.266,0.315,0.332,0.411,0.421,0.726,0.753,93,0.512,-64.0,-6.7,0.678,0.258,0.159,115.6,1
367,2012,Cleveland Indians,4.12,4381,696,4.3,94,0.288,0.251,0.249,0.324,0.313,0.381,0.401,0.705,0.713,99,0.466,5.3,0.4,0.655,0.243,0.131,121.6,0
368,2012,Colorado Rockies,4.68,4336,808,5.0,115,0.321,0.274,0.28,0.33,0.348,0.436,0.443,0.766,0.791,93,0.546,-63.9,-6.5,0.715,0.254,0.163,124.8,0
369,2012,Detroit Tigers,4.48,4263,786,4.9,103,0.307,0.268,0.262,0.335,0.327,0.422,0.421,0.757,0.748,103,0.534,19.9,1.6,0.702,0.254,0.154,86.6,1
370,2012,Houston Astros,3.6,4375,627,3.8,101,0.288,0.236,0.261,0.302,0.326,0.371,0.414,0.673,0.74,82,0.426,-141.4,-14.2,0.614,0.232,0.135,122.2,0
371,2012,Kansas City Royals,4.17,4379,719,4.4,100,0.302,0.265,0.258,0.317,0.323,0.4,0.416,0.716,0.739,94,0.481,-49.8,-5.1,0.657,0.224,0.135,131.5,0
372,2012,Los Angeles Angels of Anaheim,4.73,4277,809,5.1,94,0.311,0.274,0.249,0.332,0.313,0.433,0.401,0.764,0.714,114,0.546,110.8,10.7,0.722,0.258,0.159,156.1,0
373,2012,Los Angeles Dodgers,3.93,4372,663,4.0,97,0.298,0.252,0.256,0.317,0.321,0.374,0.406,0.69,0.727,91,0.452,-64.5,-6.6,0.628,0.221,0.122,109.7,0
374,2012,Miami Marlins,3.76,4365,686,4.2,103,0.289,0.244,0.263,0.308,0.329,0.382,0.417,0.69,0.747,85,0.468,-120.1,-12.3,0.644,0.247,0.138,142.7,0
375,2012,Milwaukee Brewers,4.79,4376,827,5.0,105,0.299,0.259,0.267,0.325,0.333,0.437,0.423,0.762,0.756,101,0.552,-1.5,-0.4,0.736,0.282,0.177,177.3,0
376,2012,Minnesota Twins,4.33,4389,721,4.4,97,0.298,0.26,0.254,0.325,0.318,0.39,0.408,0.715,0.726,98,0.481,-8.8,-1.1,0.666,0.238,0.13,133.0,0
377,2012,New York Mets,4.01,4343,682,4.2,97,0.298,0.249,0.255,0.316,0.32,0.386,0.405,0.701,0.724,94,0.468,-38.1,-4.0,0.642,0.237,0.137,100.7,0
378,2012,New York Yankees,4.96,4305,855,5.3,102,0.293,0.265,0.26,0.337,0.326,0.453,0.419,0.79,0.745,112,0.568,91.1,8.9,0.763,0.303,0.188,134.8,1
379,2012,Oakland Athletics,4.4,4402,726,4.4,94,0.281,0.238,0.25,0.31,0.314,0.404,0.403,0.714,0.717,99,0.483,-2.5,-0.4,0.679,0.282,0.166,150.1,1
380,2012,Philadelphia Phillies,4.22,4378,734,4.5,103,0.29,0.255,0.263,0.317,0.329,0.4,0.417,0.716,0.747,92,0.498,-68.5,-7.0,0.667,0.243,0.144,133.8,0
381,2012,Pittsburgh Pirates,4.02,4356,679,4.2,97,0.291,0.243,0.255,0.304,0.32,0.395,0.405,0.699,0.724,93,0.464,-56.9,-5.9,0.637,0.238,0.152,102.1,0
382,2012,San Diego Padres,4.02,4326,709,4.4,93,0.297,0.247,0.25,0.319,0.314,0.38,0.397,0.699,0.711,97,0.487,-3.6,-0.7,0.664,0.252,0.133,135.9,0
383,2012,Seattle Mariners,3.82,4406,617,3.8,92,0.276,0.234,0.247,0.296,0.31,0.369,0.397,0.665,0.707,88,0.409,-79.5,-8.0,0.605,0.232,0.135,122.5,0
384,2012,San Francisco Giants,4.43,4346,764,4.7,91,0.315,0.269,0.248,0.327,0.312,0.397,0.393,0.724,0.704,106,0.519,64.8,6.1,0.672,0.229,0.128,110.0,1
385,2012,St. Louis Cardinals,4.72,4386,826,5.0,99,0.316,0.271,0.259,0.338,0.324,0.421,0.41,0.759,0.734,107,0.551,59.7,5.7,0.713,0.254,0.15,115.8,1
386,2012,Tampa Bay Rays,4.3,4358,696,4.3,94,0.284,0.24,0.25,0.317,0.314,0.394,0.403,0.711,0.717,99,0.469,1.1,0.0,0.675,0.277,0.155,151.8,0
387,2012,Texas Rangers,4.99,4318,840,5.2,106,0.306,0.273,0.266,0.334,0.332,0.446,0.428,0.78,0.76,105,0.559,34.5,3.2,0.738,0.267,0.173,125.1,1
388,2012,Toronto Blue Jays,4.42,4369,713,4.4,100,0.281,0.245,0.258,0.309,0.323,0.407,0.416,0.716,0.739,94,0.478,-54.5,-5.6,0.672,0.262,0.161,151.7,0
389,2012,Washington Nationals,4.51,4378,793,4.8,102,0.308,0.261,0.262,0.322,0.328,0.428,0.416,0.75,0.744,101,0.533,3.6,0.2,0.705,0.264,0.166,136.3,1
390,2013,Arizona Diamondbacks,4.23,4502,724,4.3,98,0.301,0.259,0.26,0.323,0.325,0.391,0.404,0.715,0.73,96,0.502,-28.1,-3.1,0.645,0.228,0.133,84.0,0
391,2013,Atlanta Braves,4.25,4330,727,4.5,97,0.3,0.249,0.259,0.321,0.324,0.402,0.402,0.723,0.726,99,0.522,-8.8,-1.1,0.672,0.259,0.153,94.6,1
392,2013,Baltimore Orioles,4.6,4366,773,4.8,100,0.288,0.26,0.26,0.313,0.325,0.431,0.411,0.744,0.736,101,0.521,-1.2,-0.4,0.688,0.254,0.171,115.1,0
393,2013,Boston Red Sox,5.27,4315,912,5.7,100,0.329,0.277,0.26,0.349,0.325,0.446,0.411,0.795,0.736,116,0.601,136.0,13.3,0.777,0.29,0.169,145.5,1
394,2013,Chicago Cubs,3.72,4416,657,4.0,98,0.275,0.238,0.26,0.3,0.325,0.392,0.404,0.693,0.73,89,0.466,-87.1,-9.1,0.627,0.24,0.154,92.2,0
395,2013,Chicago White Sox,3.69,4411,639,3.9,100,0.291,0.249,0.261,0.302,0.326,0.378,0.413,0.68,0.739,84,0.43,-130.1,-13.0,0.611,0.214,0.129,122.8,0
396,2013,Cincinnati Reds,4.31,4424,738,4.5,97,0.293,0.249,0.259,0.327,0.324,0.391,0.402,0.718,0.726,98,0.519,-6.2,-1.0,0.67,0.254,0.142,93.6,1
397,2013,Cleveland Indians,4.6,4303,764,4.8,93,0.3,0.255,0.251,0.327,0.314,0.41,0.396,0.737,0.711,107,0.522,65.8,6.4,0.704,0.273,0.155,138.9,1
398,2013,Colorado Rockies,4.36,4331,785,4.9,111,0.317,0.27,0.277,0.323,0.345,0.418,0.431,0.741,0.776,91,0.556,-84.5,-8.9,0.687,0.239,0.149,131.4,0
399,2013,Detroit Tigers,4.91,4355,874,5.4,100,0.32,0.283,0.261,0.346,0.326,0.434,0.413,0.78,0.739,111,0.578,91.6,8.8,0.725,0.246,0.151,58.4,1
400,2013,Houston Astros,3.77,4405,619,3.8,96,0.304,0.24,0.255,0.299,0.32,0.375,0.404,0.674,0.723,86,0.416,-104.3,-10.5,0.61,0.223,0.136,126.2,0
401,2013,Kansas City Royals,4.0,4348,679,4.2,100,0.3,0.26,0.26,0.315,0.325,0.379,0.411,0.694,0.736,89,0.464,-89.0,-9.0,0.637,0.216,0.119,129.3,0
402,2013,Los Angeles Angels of Anaheim,4.52,4397,769,4.7,92,0.307,0.264,0.25,0.329,0.313,0.414,0.395,0.743,0.708,110,0.515,85.1,8.2,0.691,0.253,0.15,109.3,0
403,2013,Los Angeles Dodgers,4.01,4321,739,4.6,93,0.308,0.264,0.253,0.326,0.318,0.396,0.394,0.722,0.711,103,0.53,33.4,3.1,0.663,0.229,0.133,99.7,1
404,2013,Miami Marlins,3.17,4435,552,3.4,98,0.28,0.231,0.26,0.293,0.325,0.335,0.404,0.627,0.73,73,0.387,-210.7,-21.8,0.549,0.192,0.104,85.7,0
405,2013,Milwaukee Brewers,3.95,4371,700,4.3,99,0.294,0.252,0.261,0.311,0.327,0.398,0.406,0.708,0.733,93,0.5,-64.3,-6.8,0.656,0.236,0.145,149.1,0
406,2013,Minnesota Twins,3.79,4415,679,4.1,98,0.298,0.242,0.258,0.312,0.322,0.38,0.407,0.692,0.73,90,0.457,-74.0,-7.5,0.632,0.237,0.138,77.4,0
407,2013,New York Mets,3.82,4467,660,4.0,91,0.291,0.237,0.251,0.306,0.315,0.366,0.39,0.672,0.705,91,0.463,-60.4,-6.4,0.619,0.235,0.129,121.5,0
408,2013,New York Yankees,4.01,4352,658,4.1,97,0.285,0.242,0.256,0.307,0.321,0.376,0.406,0.683,0.727,88,0.449,-90.5,-9.2,0.628,0.234,0.133,127.9,0
409,2013,Oakland Athletics,4.73,4324,781,4.9,96,0.289,0.254,0.254,0.327,0.318,0.419,0.402,0.745,0.72,107,0.53,57.1,5.5,0.706,0.277,0.165,105.9,1
410,2013,Philadelphia Phillies,3.77,4349,651,4.0,97,0.293,0.248,0.258,0.306,0.323,0.384,0.401,0.69,0.724,91,0.469,-75.9,-7.9,0.619,0.22,0.135,96.0,0
411,2013,Pittsburgh Pirates,3.91,4393,708,4.3,92,0.294,0.245,0.252,0.313,0.316,0.396,0.392,0.709,0.708,100,0.503,3.9,0.1,0.656,0.246,0.151,118.7,1
412,2013,San Diego Padres,3.81,4387,672,4.1,89,0.294,0.245,0.247,0.308,0.311,0.378,0.384,0.686,0.695,97,0.48,-10.8,-1.3,0.633,0.233,0.133,130.5,0
413,2013,Seattle Mariners,3.85,4439,672,4.1,90,0.279,0.237,0.247,0.306,0.31,0.39,0.391,0.695,0.701,98,0.449,-9.3,-1.0,0.633,0.252,0.152,77.7,0
414,2013,San Francisco Giants,3.88,4371,702,4.3,91,0.304,0.26,0.25,0.32,0.314,0.381,0.388,0.702,0.702,100,0.501,13.0,1.1,0.631,0.213,0.121,82.4,0
415,2013,St. Louis Cardinals,4.83,4339,764,4.7,97,0.314,0.269,0.259,0.332,0.324,0.401,0.402,0.733,0.726,102,0.543,22.1,1.9,0.665,0.223,0.133,66.2,1
416,2013,Tampa Bay Rays,4.29,4374,754,4.6,95,0.295,0.257,0.253,0.329,0.317,0.408,0.4,0.737,0.717,106,0.509,53.5,5.2,0.688,0.264,0.151,101.2,1
417,2013,Texas Rangers,4.48,4377,757,4.7,100,0.294,0.262,0.26,0.323,0.325,0.412,0.411,0.735,0.736,100,0.51,-6.9,-0.8,0.693,0.251,0.15,161.4,0
418,2013,Toronto Blue Jays,4.4,4380,739,4.5,99,0.284,0.252,0.259,0.318,0.324,0.411,0.409,0.729,0.733,99,0.499,-15.1,-1.7,0.68,0.263,0.158,139.5,0
419,2013,Washington Nationals,4.05,4321,710,4.4,99,0.292,0.251,0.261,0.313,0.327,0.398,0.406,0.71,0.733,94,0.512,-54.3,-5.8,0.653,0.243,0.146,113.8,0
420,2014,Arizona Diamondbacks,3.8,4413,651,4.0,96,0.293,0.248,0.259,0.302,0.323,0.376,0.399,0.678,0.722,88,0.472,-101.3,-10.7,0.605,0.209,0.127,99.5,0
421,2014,Atlanta Braves,3.54,4386,630,3.9,93,0.298,0.241,0.254,0.305,0.317,0.36,0.392,0.665,0.709,88,0.46,-89.6,-9.5,0.599,0.217,0.119,107.2,0
422,2014,Baltimore Orioles,4.35,4365,742,4.6,95,0.296,0.256,0.257,0.311,0.32,0.422,0.396,0.734,0.717,104,0.526,15.6,1.4,0.668,0.242,0.166,72.8,1
423,2014,Boston Red Sox,3.91,4431,674,4.1,95,0.297,0.244,0.258,0.316,0.322,0.369,0.398,0.684,0.72,91,0.475,-64.0,-6.8,0.622,0.228,0.124,83.3,0
424,2014,Chicago Cubs,3.79,4425,661,4.0,96,0.296,0.239,0.259,0.3,0.323,0.385,0.399,0.684,0.722,89,0.478,-87.0,-9.3,0.619,0.231,0.146,91.9,0
425,2014,Chicago White Sox,4.07,4363,690,4.3,90,0.306,0.253,0.25,0.31,0.313,0.398,0.386,0.708,0.699,102,0.493,13.3,1.1,0.643,0.23,0.146,109.8,0
426,2014,Cincinnati Reds,3.67,4366,613,3.8,94,0.284,0.238,0.256,0.296,0.32,0.365,0.396,0.661,0.716,85,0.45,-113.4,-12.0,0.601,0.217,0.127,126.3,0
427,2014,Cleveland Indians,4.13,4417,714,4.3,95,0.296,0.253,0.257,0.317,0.32,0.389,0.396,0.706,0.717,97,0.503,-21.4,-2.4,0.653,0.24,0.136,120.1,0
428,2014,Colorado Rockies,4.66,4337,836,5.2,107,0.326,0.276,0.274,0.327,0.34,0.445,0.422,0.772,0.762,102,0.594,5.9,0.3,0.716,0.246,0.169,116.7,0
429,2014,Detroit Tigers,4.67,4336,797,4.9,93,0.319,0.277,0.255,0.331,0.318,0.426,0.393,0.757,0.711,113,0.562,94.7,9.4,0.704,0.24,0.15,125.9,1
430,2014,Houston Astros,3.88,4347,667,4.1,92,0.298,0.242,0.254,0.309,0.316,0.383,0.391,0.692,0.708,96,0.479,-34.1,-3.7,0.643,0.247,0.141,139.6,0
431,2014,Kansas City Royals,4.02,4336,664,4.1,95,0.302,0.263,0.258,0.314,0.321,0.376,0.398,0.69,0.719,92,0.478,-63.3,-6.5,0.628,0.203,0.113,117.2,1
432,2014,Los Angeles Angels of Anaheim,4.77,4419,760,4.6,88,0.305,0.259,0.248,0.322,0.31,0.406,0.382,0.728,0.692,110,0.531,81.5,8.1,0.675,0.242,0.147,106.4,1
433,2014,Los Angeles Dodgers,4.43,4343,788,4.9,91,0.318,0.265,0.252,0.333,0.315,0.406,0.388,0.738,0.703,110,0.567,83.3,8.3,0.699,0.249,0.14,136.0,1
434,2014,Miami Marlins,3.98,4413,683,4.2,94,0.316,0.253,0.256,0.317,0.32,0.378,0.396,0.694,0.716,94,0.494,-42.1,-4.6,0.624,0.222,0.125,78.6,0
435,2014,Milwaukee Brewers,4.01,4381,690,4.2,97,0.293,0.25,0.26,0.311,0.324,0.397,0.401,0.708,0.725,95,0.502,-41.5,-4.5,0.647,0.235,0.147,121.4,0
436,2014,Minnesota Twins,4.41,4357,730,4.5,94,0.309,0.254,0.256,0.324,0.319,0.389,0.395,0.713,0.714,100,0.52,6.3,0.5,0.667,0.244,0.135,111.6,0
437,2014,New York Mets,3.88,4415,651,4.0,89,0.286,0.239,0.25,0.308,0.312,0.364,0.385,0.673,0.697,93,0.472,-35.9,-3.9,0.618,0.232,0.126,111.7,0
438,2014,New York Yankees,3.91,4361,665,4.1,92,0.282,0.245,0.254,0.307,0.316,0.38,0.391,0.687,0.708,94,0.476,-46.0,-4.8,0.632,0.232,0.135,127.1,0
439,2014,Oakland Athletics,4.5,4391,706,4.3,91,0.278,0.244,0.251,0.32,0.314,0.381,0.388,0.7,0.701,100,0.501,6.6,0.5,0.653,0.254,0.137,105.8,1
440,2014,Philadelphia Phillies,3.82,4463,649,3.9,95,0.292,0.242,0.258,0.302,0.321,0.363,0.397,0.665,0.719,85,0.466,-114.1,-11.9,0.605,0.215,0.121,116.5,0
441,2014,Pittsburgh Pirates,4.21,4363,777,4.8,94,0.307,0.259,0.255,0.33,0.319,0.404,0.394,0.734,0.713,106,0.558,49.6,4.8,0.688,0.249,0.145,124.8,1
442,2014,San Diego Padres,3.3,4348,552,3.4,88,0.277,0.226,0.247,0.292,0.309,0.342,0.381,0.634,0.691,84,0.405,-101.7,-10.7,0.567,0.215,0.115,99.2,0
443,2014,Seattle Mariners,3.91,4345,623,3.9,88,0.29,0.244,0.248,0.3,0.31,0.376,0.382,0.676,0.692,95,0.448,-37.4,-4.0,0.608,0.214,0.132,112.6,0
444,2014,San Francisco Giants,4.1,4350,688,4.3,90,0.304,0.255,0.251,0.311,0.313,0.388,0.387,0.699,0.7,100,0.504,-3.9,-0.6,0.627,0.216,0.133,78.6,1
445,2014,St. Louis Cardinals,3.82,4330,655,4.1,94,0.3,0.253,0.256,0.32,0.32,0.369,0.396,0.689,0.716,93,0.484,-42.0,-4.5,0.619,0.208,0.116,73.9,1
446,2014,Tampa Bay Rays,3.78,4413,659,4.0,90,0.287,0.247,0.25,0.317,0.312,0.367,0.386,0.684,0.698,96,0.467,-15.3,-1.6,0.621,0.222,0.12,81.9,0
447,2014,Texas Rangers,3.93,4353,637,3.9,95,0.305,0.256,0.258,0.314,0.322,0.375,0.398,0.689,0.72,92,0.458,-62.5,-6.6,0.617,0.204,0.119,107.9,0
448,2014,Toronto Blue Jays,4.46,4338,766,4.8,92,0.295,0.259,0.254,0.323,0.316,0.414,0.391,0.736,0.708,108,0.543,55.0,5.3,0.684,0.256,0.155,108.3,0
449,2014,Washington Nationals,4.23,4378,737,4.5,98,0.303,0.253,0.261,0.321,0.325,0.393,0.402,0.714,0.728,96,0.533,-28.1,-3.1,0.667,0.247,0.14,121.4,1
450,2015,Arizona Diamondbacks,4.44,4436,796,4.8,103,0.316,0.264,0.266,0.324,0.331,0.414,0.419,0.738,0.749,97,0.54,-28.2,-3.2,0.691,0.252,0.15,142.2,0
451,2015,Atlanta Braves,3.54,4338,623,3.9,97,0.297,0.251,0.257,0.314,0.32,0.359,0.404,0.674,0.725,87,0.438,-90.2,-9.3,0.597,0.202,0.108,81.7,0
452,2015,Baltimore Orioles,4.4,4319,708,4.4,100,0.291,0.25,0.258,0.307,0.321,0.421,0.417,0.728,0.738,97,0.485,-35.4,-3.7,0.661,0.251,0.171,73.2,0
453,2015,Boston Red Sox,4.62,4371,773,4.7,104,0.305,0.265,0.264,0.325,0.327,0.415,0.426,0.74,0.753,97,0.52,-27.9,-3.0,0.682,0.242,0.149,98.5,0
454,2015,Chicago Cubs,4.25,4355,748,4.6,98,0.305,0.244,0.258,0.321,0.322,0.398,0.406,0.719,0.728,98,0.52,-9.7,-1.3,0.681,0.268,0.154,122.1,1
455,2015,Chicago White Sox,3.84,4386,646,3.9,95,0.296,0.25,0.251,0.306,0.313,0.38,0.406,0.686,0.719,92,0.437,-62.3,-6.3,0.611,0.208,0.13,90.7,0
456,2015,Cincinnati Reds,3.95,4426,721,4.4,99,0.29,0.248,0.26,0.312,0.324,0.394,0.41,0.706,0.734,92,0.496,-61.3,-6.5,0.661,0.252,0.146,148.7,0
457,2015,Cleveland Indians,4.16,4303,731,4.6,104,0.299,0.256,0.264,0.325,0.327,0.401,0.426,0.725,0.753,93,0.501,-47.9,-5.0,0.675,0.253,0.144,106.8,0
458,2015,Colorado Rockies,4.55,4328,771,4.8,113,0.313,0.265,0.28,0.315,0.346,0.432,0.441,0.748,0.787,89,0.536,-102.0,-10.5,0.689,0.246,0.167,127.5,0
459,2015,Detroit Tigers,4.28,4351,765,4.7,98,0.322,0.27,0.255,0.328,0.317,0.42,0.411,0.748,0.729,105,0.517,40.9,3.9,0.683,0.237,0.15,107.1,0
460,2015,Houston Astros,4.5,4317,758,4.7,96,0.292,0.25,0.253,0.315,0.315,0.437,0.408,0.752,0.722,107,0.517,54.6,5.3,0.717,0.289,0.187,158.6,1
461,2015,Kansas City Royals,4.47,4326,747,4.6,102,0.301,0.269,0.26,0.322,0.324,0.412,0.42,0.734,0.744,98,0.509,-22.4,-2.4,0.674,0.225,0.144,119.0,1
462,2015,Los Angeles Angels of Anaheim,4.08,4313,676,4.2,93,0.28,0.246,0.249,0.307,0.31,0.396,0.402,0.702,0.713,97,0.465,-16.9,-1.9,0.635,0.234,0.15,80.3,0
463,2015,Los Angeles Dodgers,4.12,4287,743,4.6,95,0.292,0.25,0.254,0.326,0.318,0.413,0.401,0.739,0.718,106,0.524,49.8,4.8,0.69,0.272,0.163,89.7,1
464,2015,Miami Marlins,3.78,4332,663,4.1,96,0.307,0.26,0.256,0.31,0.319,0.384,0.402,0.694,0.721,93,0.467,-58.9,-6.1,0.621,0.205,0.124,115.9,0
465,2015,Milwaukee Brewers,4.04,4350,679,4.2,99,0.303,0.251,0.26,0.307,0.324,0.393,0.41,0.7,0.734,91,0.476,-77.3,-8.0,0.632,0.227,0.142,106.4,0
466,2015,Minnesota Twins,4.3,4360,661,4.1,98,0.292,0.247,0.256,0.305,0.318,0.399,0.413,0.704,0.732,92,0.45,-60.5,-6.2,0.637,0.239,0.152,96.6,0
467,2015,New York Mets,4.22,4392,708,4.3,97,0.287,0.244,0.257,0.312,0.32,0.4,0.404,0.712,0.725,96,0.491,-25.5,-2.8,0.651,0.249,0.156,79.2,1
468,2015,New York Yankees,4.72,4378,785,4.8,99,0.283,0.251,0.257,0.323,0.32,0.421,0.415,0.744,0.735,102,0.526,22.5,2.1,0.703,0.276,0.17,97.1,1
469,2015,Oakland Athletics,4.28,4400,698,4.3,96,0.288,0.251,0.252,0.312,0.315,0.395,0.408,0.707,0.722,96,0.47,-28.8,-3.0,0.645,0.238,0.144,101.7,0
470,2015,Philadelphia Phillies,3.86,4388,646,3.9,97,0.299,0.249,0.257,0.303,0.32,0.382,0.404,0.684,0.725,89,0.449,-88.6,-9.1,0.613,0.213,0.133,105.0,0
471,2015,Pittsburgh Pirates,4.3,4433,749,4.5,98,0.314,0.26,0.259,0.323,0.323,0.396,0.408,0.719,0.731,97,0.512,-18.5,-2.1,0.664,0.227,0.136,115.3,1
472,2015,San Diego Padres,4.01,4364,654,4.0,95,0.292,0.243,0.254,0.3,0.318,0.385,0.401,0.685,0.718,91,0.457,-70.7,-7.3,0.62,0.23,0.142,105.5,0
473,2015,Seattle Mariners,4.05,4406,725,4.4,94,0.292,0.249,0.25,0.311,0.312,0.411,0.404,0.722,0.716,101,0.487,12.1,1.0,0.661,0.253,0.162,102.3,0
474,2015,San Francisco Giants,4.3,4339,750,4.6,98,0.313,0.267,0.259,0.326,0.323,0.406,0.408,0.732,0.731,101,0.523,4.4,0.3,0.672,0.231,0.139,110.5,0
475,2015,St. Louis Cardinals,3.99,4345,719,4.4,100,0.303,0.253,0.262,0.321,0.325,0.394,0.412,0.716,0.737,95,0.503,-39.8,-4.2,0.658,0.24,0.142,91.8,1
476,2015,Tampa Bay Rays,3.98,4334,711,4.4,95,0.3,0.252,0.251,0.314,0.313,0.406,0.406,0.72,0.719,100,0.485,7.6,0.6,0.664,0.241,0.154,114.4,0
477,2015,Texas Rangers,4.64,4327,771,4.8,102,0.3,0.257,0.262,0.325,0.325,0.413,0.422,0.739,0.747,98,0.523,-13.5,-1.5,0.699,0.258,0.156,127.3,1
478,2015,Toronto Blue Jays,5.5,4290,878,5.5,101,0.298,0.269,0.259,0.34,0.322,0.457,0.419,0.797,0.741,115,0.586,119.3,11.6,0.771,0.304,0.188,127.6,1
479,2015,Washington Nationals,4.34,4323,736,4.6,101,0.3,0.251,0.263,0.321,0.327,0.403,0.413,0.724,0.74,96,0.516,-30.7,-3.5,0.67,0.257,0.151,86.2,0
480,2016,Arizona Diamondbacks,4.64,4415,810,4.9,111,0.315,0.261,0.268,0.32,0.339,0.432,0.438,0.752,0.777,93,0.522,-72.0,-7.3,0.714,0.271,0.171,159.2,0
481,2016,Atlanta Braves,4.03,4405,706,4.3,103,0.305,0.255,0.258,0.321,0.328,0.384,0.422,0.705,0.749,89,0.46,-78.5,-7.9,0.642,0.228,0.13,92.9,0
482,2016,Baltimore Orioles,4.59,4296,777,4.8,104,0.291,0.256,0.26,0.317,0.324,0.443,0.428,0.76,0.752,101,0.511,4.8,0.4,0.702,0.273,0.188,35.3,1
483,2016,Boston Red Sox,5.42,4281,929,5.8,107,0.32,0.282,0.264,0.348,0.329,0.461,0.435,0.81,0.764,112,0.594,100.7,9.5,0.779,0.288,0.179,118.7,1
484,2016,Chicago Cubs,4.99,4314,857,5.3,106,0.302,0.256,0.262,0.343,0.332,0.429,0.427,0.772,0.759,104,0.558,40.5,3.7,0.75,0.298,0.173,99.1,1
485,2016,Chicago White Sox,4.23,4353,726,4.5,99,0.304,0.257,0.253,0.317,0.316,0.41,0.416,0.727,0.733,99,0.474,-5.6,-0.7,0.668,0.242,0.153,105.6,0
486,2016,Cincinnati Reds,4.42,4366,733,4.5,106,0.303,0.256,0.262,0.316,0.332,0.408,0.427,0.724,0.759,91,0.481,-77.9,-7.9,0.676,0.251,0.152,150.5,0
487,2016,Cleveland Indians,4.83,4308,801,5.0,110,0.304,0.262,0.267,0.329,0.333,0.43,0.44,0.759,0.773,96,0.524,-27.6,-2.8,0.728,0.284,0.168,155.4,1
488,2016,Colorado Rockies,5.22,4310,886,5.5,118,0.326,0.275,0.278,0.336,0.35,0.457,0.454,0.794,0.804,97,0.573,-36.6,-3.8,0.75,0.275,0.182,99.7,0
489,2016,Detroit Tigers,4.66,4269,810,5.1,102,0.312,0.267,0.258,0.331,0.322,0.438,0.424,0.769,0.746,106,0.533,46.8,4.3,0.718,0.265,0.171,91.0,0
490,2016,Houston Astros,4.47,4414,753,4.6,97,0.298,0.247,0.25,0.319,0.314,0.417,0.412,0.735,0.726,103,0.485,29.2,2.6,0.692,0.28,0.17,134.6,0
491,2016,Kansas City Royals,4.17,4343,683,4.2,104,0.309,0.261,0.26,0.312,0.324,0.4,0.428,0.712,0.752,90,0.448,-87.4,-8.6,0.648,0.223,0.139,132.7,0
492,2016,Los Angeles Angels,4.43,4287,720,4.5,98,0.289,0.26,0.252,0.322,0.315,0.405,0.414,0.726,0.73,100,0.478,9.1,0.7,0.664,0.239,0.145,99.5,0
493,2016,Los Angeles Dodgers,4.48,4350,747,4.6,102,0.294,0.249,0.257,0.319,0.326,0.409,0.42,0.728,0.746,95,0.492,-35.3,-3.6,0.673,0.258,0.16,72.7,1
494,2016,Miami Marlins,4.07,4339,720,4.4,99,0.314,0.263,0.252,0.322,0.321,0.394,0.412,0.716,0.733,96,0.476,-23.5,-2.5,0.648,0.219,0.131,91.3,0
495,2016,Milwaukee Brewers,4.14,4310,736,4.6,107,0.304,0.244,0.263,0.322,0.333,0.407,0.429,0.729,0.762,92,0.489,-65.7,-6.6,0.708,0.299,0.163,187.3,0
496,2016,Minnesota Twins,4.46,4407,771,4.7,102,0.3,0.251,0.258,0.316,0.322,0.421,0.424,0.738,0.746,98,0.496,-19.5,-2.0,0.695,0.272,0.171,125.1,0
497,2016,New York Mets,4.14,4334,738,4.6,101,0.282,0.246,0.256,0.316,0.325,0.417,0.418,0.733,0.742,97,0.488,-23.7,-2.4,0.68,0.27,0.171,70.4,1
498,2016,New York Yankees,4.2,4293,710,4.4,105,0.289,0.252,0.261,0.315,0.326,0.405,0.429,0.72,0.755,91,0.471,-73.4,-7.3,0.663,0.249,0.153,103.3,0
499,2016,Oakland Athletics,4.03,4360,658,4.0,99,0.28,0.246,0.253,0.304,0.316,0.395,0.416,0.699,0.733,91,0.429,-68.3,-6.8,0.625,0.234,0.149,77.2,0
500,2016,Philadelphia Phillies,3.77,4362,636,3.9,104,0.291,0.24,0.259,0.301,0.329,0.384,0.424,0.685,0.752,82,0.417,-148.3,-14.7,0.622,0.232,0.144,120.3,0
501,2016,Pittsburgh Pirates,4.5,4371,768,4.7,104,0.311,0.257,0.259,0.332,0.329,0.402,0.423,0.734,0.752,96,0.502,-26.2,-2.8,0.694,0.257,0.144,128.0,0
502,2016,San Diego Padres,4.23,4354,666,4.1,100,0.291,0.235,0.255,0.299,0.323,0.39,0.416,0.689,0.739,86,0.439,-107.0,-10.7,0.642,0.253,0.155,146.5,0
503,2016,Seattle Mariners,4.74,4368,793,4.8,99,0.297,0.259,0.253,0.326,0.316,0.43,0.416,0.756,0.733,106,0.513,54.7,5.1,0.705,0.267,0.171,89.5,0
504,2016,San Francisco Giants,4.41,4372,756,4.6,101,0.299,0.258,0.256,0.329,0.325,0.398,0.418,0.728,0.743,97,0.495,-17.3,-1.8,0.679,0.25,0.14,98.3,1
505,2016,St. Louis Cardinals,4.81,4354,810,5.0,103,0.294,0.255,0.258,0.325,0.328,0.442,0.422,0.767,0.749,104,0.528,31.8,3.0,0.721,0.284,0.187,60.6,0
506,2016,Tampa Bay Rays,4.15,4319,726,4.5,98,0.293,0.243,0.252,0.307,0.315,0.426,0.414,0.733,0.73,100,0.478,1.8,0.1,0.681,0.269,0.182,93.9,0
507,2016,Texas Rangers,4.72,4287,780,4.9,108,0.298,0.262,0.265,0.322,0.331,0.433,0.437,0.755,0.767,96,0.514,-36.4,-3.6,0.709,0.262,0.172,135.6,1
508,2016,Toronto Blue Jays,4.69,4364,789,4.8,104,0.289,0.248,0.26,0.33,0.324,0.426,0.428,0.755,0.752,101,0.511,14.6,1.2,0.715,0.299,0.178,86.8,1
509,2016,Washington Nationals,4.71,4339,808,5.0,107,0.293,0.256,0.264,0.326,0.334,0.426,0.431,0.751,0.765,96,0.529,-31.4,-3.3,0.724,0.283,0.17,151.6,1
510,2017,Arizona Diamondbacks,5.01,4322,845,5.2,116,0.306,0.254,0.27,0.329,0.344,0.445,0.452,0.774,0.796,94,0.533,-57.9,-5.8,0.75,0.308,0.19,140.3,1
511,2017,Atlanta Braves,4.52,4376,772,4.7,109,0.305,0.263,0.261,0.326,0.334,0.412,0.437,0.738,0.771,92,0.486,-67.2,-6.7,0.681,0.243,0.15,105.0,0
512,2017,Baltimore Orioles,4.59,4379,760,4.6,102,0.306,0.26,0.253,0.312,0.321,0.435,0.424,0.747,0.745,100,0.481,-6.9,-0.8,0.677,0.248,0.175,56.2,0
513,2017,Boston Red Sox,4.85,4425,772,4.7,109,0.3,0.258,0.262,0.329,0.331,0.407,0.439,0.736,0.77,92,0.483,-64.2,-6.2,0.693,0.263,0.149,130.0,1
514,2017,Chicago Cubs,5.07,4339,840,5.2,111,0.302,0.255,0.265,0.338,0.338,0.437,0.443,0.775,0.781,99,0.528,-10.3,-1.2,0.744,0.301,0.182,97.0,1
515,2017,Chicago White Sox,4.36,4324,727,4.5,102,0.309,0.256,0.253,0.314,0.321,0.417,0.424,0.731,0.745,96,0.467,-33.6,-3.4,0.669,0.241,0.161,102.8,0
516,2017,Cincinnati Reds,4.65,4341,838,5.2,110,0.294,0.253,0.263,0.329,0.335,0.433,0.439,0.761,0.774,97,0.527,-30.8,-3.3,0.736,0.297,0.179,155.0,0
517,2017,Cleveland Indians,5.05,4278,866,5.4,109,0.295,0.263,0.263,0.339,0.332,0.449,0.441,0.788,0.773,104,0.551,33.3,3.1,0.764,0.308,0.186,124.4,1
518,2017,Colorado Rockies,5.09,4304,844,5.2,123,0.332,0.273,0.28,0.338,0.355,0.444,0.468,0.781,0.823,90,0.534,-93.8,-9.2,0.732,0.269,0.171,90.3,1
519,2017,Detroit Tigers,4.54,4321,768,4.7,105,0.306,0.258,0.257,0.324,0.326,0.424,0.432,0.748,0.758,98,0.492,-22.1,-2.3,0.695,0.262,0.166,96.5,0
520,2017,Houston Astros,5.53,4283,937,5.8,99,0.309,0.282,0.249,0.346,0.316,0.478,0.418,0.823,0.735,123,0.586,200.0,18.9,0.797,0.297,0.196,138.8,1
521,2017,Kansas City Royals,4.33,4345,713,4.4,105,0.295,0.259,0.257,0.311,0.326,0.42,0.432,0.731,0.758,93,0.456,-66.6,-6.6,0.664,0.242,0.16,123.7,0
522,2017,Los Angeles Angels,4.38,4349,702,4.3,102,0.277,0.243,0.253,0.315,0.321,0.397,0.424,0.712,0.745,92,0.448,-56.0,-5.6,0.672,0.268,0.155,157.1,0
523,2017,Los Angeles Dodgers,4.75,4277,833,5.2,105,0.293,0.249,0.257,0.334,0.328,0.437,0.429,0.771,0.758,104,0.531,40.5,3.7,0.749,0.317,0.188,114.2,1
524,2017,Miami Marlins,4.8,4345,836,5.1,100,0.313,0.267,0.249,0.331,0.32,0.431,0.417,0.761,0.737,107,0.525,66.2,6.0,0.718,0.261,0.163,123.9,0
525,2017,Milwaukee Brewers,4.52,4329,783,4.8,110,0.308,0.249,0.263,0.322,0.335,0.429,0.439,0.751,0.774,94,0.497,-55.9,-5.5,0.721,0.296,0.18,162.9,0
526,2017,Minnesota Twins,5.03,4311,828,5.1,104,0.306,0.26,0.256,0.334,0.325,0.434,0.43,0.768,0.754,104,0.527,34.2,3.2,0.74,0.293,0.174,130.0,1
527,2017,New York Mets,4.54,4345,793,4.9,103,0.286,0.25,0.254,0.32,0.325,0.434,0.425,0.755,0.751,101,0.501,7.7,0.6,0.711,0.286,0.184,92.1,0
528,2017,New York Yankees,5.3,4346,886,5.4,108,0.304,0.262,0.261,0.339,0.33,0.447,0.437,0.785,0.767,105,0.554,40.9,3.7,0.765,0.307,0.185,131.1,1
529,2017,Oakland Athletics,4.56,4324,774,4.8,100,0.294,0.246,0.251,0.319,0.318,0.436,0.42,0.755,0.738,104,0.495,40.6,3.8,0.713,0.3,0.19,91.7,0
530,2017,Philadelphia Phillies,4.26,4363,728,4.5,107,0.304,0.25,0.259,0.315,0.331,0.409,0.433,0.723,0.764,89,0.46,-88.3,-8.6,0.665,0.255,0.159,88.1,0
531,2017,Pittsburgh Pirates,4.12,4353,694,4.3,106,0.286,0.244,0.258,0.318,0.33,0.386,0.431,0.704,0.761,86,0.44,-110.4,-10.8,0.649,0.243,0.142,92.8,0
532,2017,San Diego Padres,3.73,4322,649,4.0,104,0.287,0.234,0.255,0.299,0.327,0.393,0.427,0.692,0.754,83,0.413,-132.5,-12.9,0.639,0.256,0.16,121.0,0
533,2017,Seattle Mariners,4.63,4330,777,4.8,100,0.3,0.259,0.25,0.325,0.318,0.424,0.42,0.749,0.738,103,0.496,31.7,2.9,0.702,0.262,0.165,123.2,0
534,2017,San Francisco Giants,3.94,4422,669,4.0,107,0.294,0.249,0.259,0.309,0.331,0.38,0.433,0.689,0.764,81,0.416,-151.6,-14.7,0.62,0.223,0.132,95.4,0
535,2017,St. Louis Cardinals,4.7,4329,808,5.0,107,0.304,0.256,0.259,0.334,0.331,0.426,0.433,0.76,0.764,99,0.511,-0.1,-0.2,0.724,0.287,0.17,114.6,0
536,2017,Tampa Bay Rays,4.28,4351,744,4.6,101,0.296,0.245,0.252,0.317,0.319,0.422,0.422,0.739,0.741,99,0.474,-3.7,-0.5,0.7,0.287,0.178,127.0,0
537,2017,Texas Rangers,4.93,4324,767,4.7,113,0.291,0.244,0.267,0.32,0.337,0.43,0.448,0.75,0.785,91,0.491,-82.8,-8.1,0.721,0.299,0.186,153.0,0
538,2017,Toronto Blue Jays,4.28,4416,717,4.3,105,0.276,0.24,0.257,0.312,0.326,0.412,0.432,0.724,0.758,91,0.451,-71.8,-7.1,0.668,0.276,0.172,85.6,0
539,2017,Washington Nationals,5.06,4310,872,5.4,112,0.311,0.266,0.266,0.332,0.339,0.449,0.445,0.782,0.784,99,0.548,-12.4,-1.5,0.752,0.295,0.183,143.8,1
540,2018,Arizona Diamondbacks,4.28,4395,716,4.4,106,0.286,0.235,0.259,0.31,0.333,0.397,0.426,0.707,0.76,86,0.48,-116.8,-11.8,0.663,0.275,0.162,109.1,0
541,2018,Atlanta Braves,4.69,4376,800,4.9,103,0.302,0.257,0.255,0.324,0.328,0.417,0.419,0.742,0.747,98,0.533,-13.5,-1.6,0.7,0.262,0.161,118.9,1
542,2018,Baltimore Orioles,3.84,4392,650,4.0,98,0.286,0.239,0.248,0.298,0.316,0.391,0.413,0.689,0.729,89,0.429,-89.0,-8.9,0.625,0.239,0.152,113.2,0
543,2018,Boston Red Sox,5.41,4330,905,5.6,103,0.309,0.268,0.254,0.339,0.324,0.453,0.424,0.792,0.748,112,0.585,96.0,9.0,0.772,0.303,0.185,156.2,1
544,2018,Chicago Cubs,4.67,4402,806,4.9,105,0.313,0.258,0.258,0.333,0.332,0.41,0.424,0.744,0.756,97,0.534,-22.4,-2.4,0.702,0.259,0.152,94.6,1
545,2018,Chicago White Sox,4.05,4387,678,4.1,98,0.304,0.241,0.248,0.302,0.316,0.401,0.413,0.703,0.729,93,0.448,-63.5,-6.3,0.648,0.248,0.16,127.4,0
546,2018,Cincinnati Reds,4.3,4373,758,4.7,104,0.307,0.254,0.256,0.328,0.33,0.401,0.421,0.729,0.75,95,0.509,-42.0,-4.4,0.681,0.257,0.148,106.4,0
547,2018,Cleveland Indians,5.05,4351,847,5.2,102,0.291,0.259,0.253,0.332,0.323,0.434,0.422,0.766,0.745,106,0.553,46.8,4.4,0.747,0.292,0.176,166.2,1
548,2018,Colorado Rockies,4.79,4349,807,5.0,116,0.304,0.256,0.272,0.322,0.348,0.435,0.447,0.757,0.795,90,0.54,-94.3,-9.6,0.718,0.282,0.179,130.8,1
549,2018,Detroit Tigers,3.89,4363,640,3.9,102,0.293,0.241,0.253,0.3,0.323,0.38,0.422,0.68,0.745,83,0.425,-137.0,-13.7,0.612,0.223,0.138,92.2,0
550,2018,Houston Astros,4.92,4304,772,4.8,98,0.289,0.255,0.249,0.329,0.318,0.425,0.415,0.754,0.732,106,0.516,52.6,5.0,0.71,0.282,0.17,105.5,1
551,2018,Kansas City Royals,3.94,4380,672,4.1,99,0.293,0.245,0.25,0.305,0.319,0.392,0.417,0.697,0.735,90,0.445,-81.2,-8.2,0.641,0.238,0.146,133.3,0
552,2018,Los Angeles Angels,4.45,4328,751,4.6,98,0.277,0.242,0.248,0.313,0.316,0.413,0.413,0.726,0.729,99,0.501,-7.8,-1.1,0.686,0.277,0.171,125.7,0
553,2018,Los Angeles Dodgers,4.93,4399,861,5.3,100,0.294,0.25,0.252,0.333,0.324,0.442,0.413,0.774,0.737,109,0.564,77.6,7.4,0.751,0.317,0.191,113.7,1
554,2018,Miami Marlins,3.66,4398,612,3.7,97,0.293,0.237,0.247,0.303,0.319,0.357,0.406,0.659,0.724,83,0.409,-127.7,-12.9,0.584,0.205,0.119,66.6,0
555,2018,Milwaukee Brewers,4.63,4374,795,4.9,104,0.302,0.252,0.256,0.323,0.33,0.424,0.421,0.747,0.75,99,0.53,-16.2,-1.9,0.714,0.286,0.172,158.1,1
556,2018,Minnesota Twins,4.56,4320,733,4.5,100,0.298,0.25,0.251,0.318,0.32,0.405,0.418,0.723,0.738,96,0.491,-28.1,-2.9,0.67,0.256,0.155,73.3,0
557,2018,New York Mets,4.17,4411,695,4.2,95,0.283,0.234,0.244,0.312,0.316,0.389,0.402,0.701,0.718,96,0.465,-22.2,-2.4,0.653,0.264,0.154,100.2,0
558,2018,New York Yankees,5.25,4338,855,5.3,99,0.285,0.249,0.25,0.329,0.319,0.451,0.417,0.781,0.735,112,0.559,93.2,8.9,0.759,0.323,0.202,101.9,1
559,2018,Oakland Athletics,5.02,4379,806,4.9,97,0.294,0.252,0.246,0.325,0.315,0.439,0.411,0.764,0.726,110,0.528,84.8,8.2,0.719,0.288,0.187,60.6,1
560,2018,Philadelphia Phillies,4.18,4346,709,4.4,104,0.289,0.234,0.256,0.314,0.33,0.393,0.421,0.707,0.75,89,0.481,-92.8,-9.3,0.664,0.274,0.158,100.7,0
561,2018,Pittsburgh Pirates,4.3,4308,729,4.6,98,0.298,0.254,0.249,0.317,0.322,0.407,0.409,0.725,0.731,98,0.498,-11.8,-1.4,0.668,0.247,0.154,96.8,0
562,2018,San Diego Padres,3.81,4426,637,3.9,96,0.294,0.235,0.246,0.297,0.317,0.38,0.404,0.677,0.721,88,0.424,-92.4,-9.3,0.616,0.242,0.145,119.8,0
563,2018,Seattle Mariners,4.18,4346,712,4.4,94,0.295,0.254,0.243,0.314,0.311,0.408,0.405,0.722,0.716,102,0.475,15.4,1.4,0.662,0.239,0.154,109.1,0
564,2018,San Francisco Giants,3.72,4439,629,3.8,96,0.299,0.239,0.246,0.3,0.317,0.368,0.404,0.667,0.721,85,0.417,-107.8,-10.8,0.599,0.217,0.129,97.5,0
565,2018,St. Louis Cardinals,4.69,4347,759,4.7,99,0.294,0.249,0.25,0.321,0.323,0.409,0.411,0.73,0.734,99,0.512,-6.1,-0.7,0.686,0.261,0.16,96.4,0
566,2018,Tampa Bay Rays,4.42,4311,766,4.8,97,0.317,0.258,0.246,0.333,0.315,0.406,0.411,0.74,0.726,105,0.512,46.9,4.4,0.707,0.261,0.148,138.1,0
567,2018,Texas Rangers,4.55,4351,727,4.5,108,0.292,0.24,0.261,0.318,0.331,0.404,0.435,0.722,0.766,89,0.484,-90.0,-9.0,0.682,0.273,0.164,107.1,0
568,2018,Toronto Blue Jays,4.38,4331,728,4.5,98,0.286,0.244,0.248,0.312,0.316,0.427,0.413,0.739,0.729,102,0.486,16.5,1.5,0.686,0.277,0.183,77.3,0
569,2018,Washington Nationals,4.76,4333,829,5.2,107,0.297,0.254,0.26,0.335,0.335,0.419,0.428,0.753,0.763,98,0.554,-15.7,-1.9,0.733,0.294,0.164,146.6,0
570,2019,Arizona Diamondbacks,5.02,4419,831,5.0,111,0.293,0.252,0.259,0.323,0.332,0.434,0.447,0.757,0.779,94,0.507,-51.3,-5.1,0.723,0.291,0.182,125.7,0
571,2019,Atlanta Braves,5.28,4320,898,5.6,115,0.305,0.258,0.265,0.336,0.339,0.452,0.457,0.789,0.795,98,0.553,-18.7,-2.0,0.77,0.317,0.195,131.1,1
572,2019,Baltimore Orioles,4.5,4417,737,4.5,107,0.293,0.246,0.254,0.31,0.323,0.415,0.44,0.725,0.763,90,0.447,-85.5,-8.2,0.674,0.26,0.168,120.5,0
573,2019,Boston Red Sox,5.56,4437,941,5.7,112,0.313,0.269,0.26,0.34,0.331,0.466,0.452,0.806,0.783,106,0.557,50.4,4.5,0.776,0.305,0.197,106.5,0
574,2019,Chicago Cubs,5.02,4303,848,5.3,110,0.297,0.252,0.258,0.331,0.331,0.452,0.445,0.783,0.776,102,0.528,13.2,1.0,0.75,0.31,0.2,76.5,0
575,2019,Chicago White Sox,4.4,4296,730,4.6,105,0.329,0.261,0.252,0.314,0.321,0.414,0.436,0.728,0.757,93,0.456,-59.3,-5.8,0.661,0.228,0.153,93.6,0
576,2019,Cincinnati Reds,4.33,4334,747,4.6,115,0.288,0.244,0.265,0.315,0.339,0.422,0.457,0.736,0.795,85,0.467,-134.0,-12.9,0.693,0.276,0.178,118.3,0
577,2019,Cleveland Indians,4.75,4302,787,4.9,110,0.289,0.25,0.258,0.323,0.328,0.432,0.448,0.756,0.776,95,0.489,-41.1,-4.1,0.726,0.299,0.183,140.9,0
578,2019,Colorado Rockies,5.15,4394,872,5.3,124,0.321,0.265,0.275,0.326,0.351,0.456,0.475,0.782,0.826,89,0.531,-109.0,-10.6,0.74,0.284,0.19,107.8,0
579,2019,Detroit Tigers,3.61,4395,644,3.9,107,0.308,0.24,0.255,0.294,0.325,0.388,0.442,0.682,0.767,78,0.39,-181.1,-17.3,0.61,0.225,0.148,82.5,0
580,2019,Houston Astros,5.68,4315,1004,6.2,109,0.296,0.274,0.257,0.352,0.327,0.495,0.446,0.848,0.773,119,0.598,163.1,15.1,0.838,0.343,0.221,108.7,1
581,2019,Kansas City Royals,4.27,4358,705,4.3,108,0.301,0.247,0.256,0.309,0.326,0.401,0.444,0.71,0.77,85,0.433,-123.7,-11.9,0.661,0.251,0.154,135.9,0
582,2019,Los Angeles Angels,4.75,4383,794,4.9,107,0.281,0.247,0.254,0.324,0.323,0.422,0.44,0.746,0.763,96,0.485,-28.2,-3.0,0.705,0.289,0.175,100.4,0
583,2019,Los Angeles Dodgers,5.47,4289,930,5.8,107,0.291,0.257,0.254,0.338,0.327,0.472,0.439,0.81,0.766,111,0.572,94.8,8.7,0.797,0.334,0.215,94.7,1
584,2019,Miami Marlins,3.8,4419,625,3.8,106,0.3,0.241,0.253,0.298,0.326,0.375,0.437,0.673,0.763,77,0.379,-182.1,-17.5,0.594,0.21,0.134,79.9,0
585,2019,Milwaukee Brewers,4.75,4379,855,5.2,111,0.296,0.246,0.259,0.329,0.332,0.438,0.447,0.767,0.779,97,0.524,-23.0,-2.5,0.748,0.319,0.192,143.9,1
586,2019,Minnesota Twins,5.8,4358,967,5.9,106,0.3,0.27,0.253,0.338,0.322,0.494,0.438,0.832,0.76,118,0.577,146.7,13.6,0.805,0.317,0.224,51.3,1
587,2019,New York Mets,4.88,4390,840,5.1,104,0.299,0.257,0.25,0.328,0.321,0.442,0.431,0.77,0.752,105,0.515,46.5,4.2,0.727,0.282,0.185,91.0,0
588,2019,New York Yankees,5.82,4268,944,5.9,105,0.306,0.267,0.251,0.339,0.321,0.49,0.436,0.829,0.757,118,0.575,146.1,13.6,0.807,0.33,0.222,93.2,1
589,2019,Oakland Athletics,5.22,4381,830,5.1,101,0.282,0.249,0.247,0.327,0.315,0.448,0.428,0.776,0.743,108,0.505,79.4,7.3,0.739,0.308,0.199,82.3,1
590,2019,Philadelphia Phillies,4.78,4385,799,4.9,111,0.293,0.246,0.259,0.319,0.332,0.427,0.447,0.746,0.779,92,0.492,-71.8,-7.0,0.712,0.293,0.181,114.5,0
591,2019,Pittsburgh Pirates,4.68,4389,782,4.8,107,0.309,0.265,0.254,0.321,0.327,0.42,0.439,0.741,0.766,94,0.482,-49.4,-4.9,0.68,0.237,0.156,91.9,0
592,2019,San Diego Padres,4.21,4335,697,4.3,105,0.293,0.238,0.251,0.308,0.323,0.41,0.433,0.718,0.756,90,0.436,-77.9,-7.6,0.665,0.272,0.172,106.1,0
593,2019,Seattle Mariners,4.68,4376,766,4.7,101,0.287,0.237,0.247,0.316,0.315,0.424,0.428,0.74,0.743,99,0.469,1.8,0.0,0.715,0.306,0.187,155.3,0
594,2019,San Francisco Giants,4.19,4452,677,4.1,106,0.29,0.239,0.252,0.302,0.324,0.392,0.435,0.694,0.759,83,0.411,-131.8,-12.7,0.629,0.241,0.153,73.4,0
595,2019,St. Louis Cardinals,4.72,4331,764,4.7,106,0.292,0.245,0.253,0.322,0.326,0.415,0.437,0.737,0.763,94,0.478,-43.7,-4.3,0.709,0.288,0.17,149.4,1
596,2019,Tampa Bay Rays,4.75,4394,810,4.9,103,0.306,0.254,0.249,0.325,0.318,0.431,0.432,0.757,0.75,102,0.493,23.8,2.1,0.721,0.284,0.178,131.2,1
597,2019,Texas Rangers,5.0,4363,799,4.9,116,0.304,0.248,0.266,0.319,0.337,0.431,0.461,0.75,0.798,88,0.49,-105.5,-10.2,0.725,0.296,0.183,165.0,0
598,2019,Toronto Blue Jays,4.48,4363,733,4.5,104,0.28,0.236,0.25,0.305,0.319,0.428,0.434,0.733,0.753,94,0.45,-48.6,-4.8,0.684,0.29,0.192,84.5,0
599,2019,Washington Nationals,5.39,4288,907,5.7,112,0.306,0.265,0.26,0.342,0.334,0.454,0.449,0.796,0.783,104,0.56,33.1,2.8,0.783,0.311,0.19,154.4,1
600,2020,Arizona Diamondbacks,4.48,1583,258,4.2,101,0.282,0.241,0.245,0.312,0.324,0.391,0.419,0.704,0.743,90,0.447,-27.6,-2.7,0.655,0.248,0.15,32.9,0
601,2020,Atlanta Braves,5.8,1569,369,6.0,107,0.322,0.268,0.253,0.349,0.333,0.483,0.432,0.832,0.765,117,0.613,49.6,4.6,0.824,0.339,0.215,37.6,1
602,2020,Baltimore Orioles,4.57,1574,286,4.7,101,0.309,0.258,0.246,0.321,0.322,0.429,0.42,0.75,0.742,102,0.518,1.9,0.1,0.697,0.255,0.171,30.5,0
603,2020,Boston Red Sox,4.87,1604,312,5.1,105,0.321,0.265,0.251,0.33,0.329,0.445,0.429,0.775,0.757,104,0.549,10.0,0.9,0.733,0.28,0.18,44.8,0
604,2020,Chicago Cubs,4.42,1562,250,4.1,102,0.27,0.22,0.247,0.318,0.325,0.387,0.421,0.705,0.746,90,0.439,-26.7,-2.6,0.676,0.294,0.167,36.2,1
605,2020,Chicago White Sox,5.1,1579,307,5.1,99,0.314,0.261,0.243,0.326,0.318,0.453,0.414,0.779,0.733,112,0.549,30.5,2.9,0.735,0.286,0.192,33.1,1
606,2020,Cincinnati Reds,4.05,1512,245,4.2,110,0.245,0.212,0.256,0.312,0.337,0.403,0.438,0.715,0.774,85,0.445,-44.4,-4.3,0.693,0.332,0.191,43.9,1
607,2020,Cleveland Indians,4.13,1586,248,4.1,99,0.277,0.228,0.244,0.317,0.32,0.372,0.416,0.689,0.736,88,0.45,-28.0,-2.9,0.651,0.274,0.144,35.1,1
608,2020,Colorado Rockies,4.58,1605,269,4.3,114,0.316,0.257,0.261,0.311,0.343,0.405,0.447,0.716,0.789,81,0.46,-62.2,-6.0,0.662,0.243,0.148,50.4,0
609,2020,Detroit Tigers,4.29,1493,236,4.1,99,0.314,0.245,0.243,0.303,0.319,0.397,0.414,0.7,0.733,91,0.454,-26.7,-2.7,0.633,0.237,0.152,29.1,0
610,2020,Houston Astros,4.65,1583,262,4.3,100,0.273,0.24,0.245,0.312,0.321,0.408,0.418,0.72,0.739,95,0.475,-16.0,-1.6,0.671,0.27,0.168,33.4,1
611,2020,Kansas City Royals,4.13,1569,258,4.3,102,0.297,0.244,0.247,0.309,0.324,0.402,0.422,0.711,0.745,91,0.472,-29.0,-2.9,0.67,0.26,0.158,57.0,0
612,2020,Los Angeles Angels,4.9,1600,302,4.9,99,0.284,0.248,0.244,0.332,0.32,0.43,0.416,0.763,0.736,107,0.535,22.6,2.1,0.732,0.307,0.182,33.7,0
613,2020,Los Angeles Dodgers,5.82,1588,339,5.5,101,0.276,0.256,0.245,0.338,0.324,0.483,0.419,0.821,0.743,119,0.57,55.1,5.2,0.809,0.349,0.227,46.6,1
614,2020,Miami Marlins,4.38,1529,250,4.2,102,0.306,0.244,0.246,0.319,0.325,0.384,0.421,0.703,0.746,89,0.449,-30.1,-2.9,0.668,0.258,0.141,55.1,1
615,2020,Milwaukee Brewers,4.12,1565,236,3.9,104,0.278,0.223,0.249,0.313,0.328,0.389,0.425,0.702,0.753,87,0.412,-36.0,-3.5,0.655,0.283,0.166,25.0,1
616,2020,Minnesota Twins,4.48,1530,267,4.5,97,0.283,0.242,0.241,0.315,0.316,0.427,0.41,0.743,0.726,104,0.5,9.8,0.9,0.698,0.285,0.186,24.3,1
617,2020,New York Mets,4.77,1549,329,5.5,98,0.32,0.272,0.241,0.348,0.319,0.459,0.412,0.807,0.73,121,0.568,62.5,5.9,0.776,0.289,0.187,32.5,0
618,2020,New York Yankees,5.25,1512,305,5.2,96,0.28,0.247,0.239,0.342,0.315,0.447,0.409,0.789,0.723,118,0.565,51.7,4.9,0.776,0.342,0.2,42.0,1
619,2020,Oakland Athletics,4.57,1541,259,4.4,95,0.271,0.225,0.238,0.322,0.313,0.396,0.407,0.718,0.72,100,0.482,5.5,0.5,0.694,0.308,0.171,38.1,1
620,2020,Philadelphia Phillies,5.1,1514,307,5.2,102,0.299,0.257,0.247,0.342,0.325,0.439,0.421,0.781,0.746,109,0.547,27.1,2.5,0.767,0.314,0.183,49.1,0
621,2020,Pittsburgh Pirates,3.65,1574,206,3.4,101,0.268,0.22,0.244,0.284,0.323,0.357,0.417,0.641,0.74,74,0.351,-74.3,-7.2,0.57,0.226,0.137,25.2,0
622,2020,San Diego Padres,5.42,1542,321,5.3,96,0.291,0.257,0.239,0.333,0.316,0.466,0.408,0.798,0.724,120,0.559,55.8,5.2,0.795,0.334,0.209,69.7,1
623,2020,Seattle Mariners,4.23,1560,235,3.9,94,0.281,0.226,0.237,0.309,0.312,0.37,0.405,0.678,0.717,90,0.433,-21.6,-2.2,0.647,0.269,0.144,54.5,0
624,2020,San Francisco Giants,4.98,1563,317,5.2,98,0.311,0.263,0.241,0.335,0.319,0.451,0.412,0.785,0.73,115,0.547,42.3,3.9,0.745,0.289,0.187,30.8,0
625,2020,St. Louis Cardinals,4.14,1410,221,4.0,97,0.29,0.234,0.24,0.323,0.317,0.371,0.41,0.694,0.727,92,0.43,-12.4,-1.2,0.652,0.259,0.137,26.6,1
626,2020,Tampa Bay Rays,4.82,1566,291,4.8,93,0.3,0.238,0.236,0.328,0.311,0.425,0.403,0.753,0.713,111,0.528,35.7,3.4,0.746,0.33,0.187,60.0,1
627,2020,Texas Rangers,3.73,1583,210,3.4,98,0.266,0.217,0.242,0.285,0.317,0.364,0.412,0.648,0.73,78,0.377,-60.4,-6.0,0.604,0.251,0.147,54.7,0
628,2020,Toronto Blue Jays,5.03,1574,301,5.0,99,0.297,0.255,0.243,0.325,0.319,0.441,0.414,0.766,0.733,108,0.541,22.9,2.2,0.735,0.3,0.186,48.0,1
629,2020,Washington Nationals,4.88,1529,303,5.1,101,0.308,0.264,0.245,0.336,0.324,0.433,0.419,0.769,0.743,107,0.536,22.3,2.0,0.739,0.278,0.17,44.0,0
630,2021,Arizona Diamondbacks,4.19,4367,685,4.1,101,0.295,0.236,0.247,0.309,0.324,0.382,0.417,0.692,0.74,87,0.455,-97.2,-9.7,0.635,0.249,0.146,66.2,0
631,2021,Atlanta Braves,4.91,4231,801,5.0,107,0.288,0.244,0.254,0.319,0.333,0.435,0.43,0.754,0.762,97,0.541,-28.7,-3.1,0.724,0.301,0.191,94.6,1
632,2021,Baltimore Orioles,4.07,4297,678,4.2,99,0.29,0.239,0.247,0.304,0.318,0.402,0.418,0.705,0.735,92,0.461,-67.1,-6.8,0.646,0.251,0.163,84.6,0
633,2021,Boston Red Sox,5.12,4234,835,5.2,106,0.309,0.261,0.256,0.328,0.328,0.449,0.432,0.777,0.76,104,0.563,30.5,2.8,0.736,0.285,0.188,67.6,1
634,2021,Chicago Cubs,4.35,4291,697,4.3,102,0.296,0.237,0.249,0.312,0.326,0.407,0.42,0.719,0.746,93,0.471,-64.3,-6.6,0.673,0.275,0.171,122.0,0
635,2021,Chicago White Sox,4.91,4206,777,4.9,100,0.31,0.256,0.248,0.336,0.319,0.422,0.419,0.758,0.738,106,0.533,51.6,4.9,0.72,0.282,0.166,87.7,1
636,2021,Cincinnati Reds,4.85,4304,800,4.9,112,0.296,0.249,0.261,0.328,0.34,0.431,0.44,0.759,0.78,94,0.532,-47.0,-4.9,0.718,0.286,0.182,62.0,0
637,2021,Cleveland Indians,4.43,4241,683,4.2,98,0.282,0.238,0.246,0.303,0.316,0.407,0.416,0.71,0.732,94,0.47,-51.1,-5.2,0.668,0.271,0.169,141.8,0
638,2021,Colorado Rockies,4.59,4241,742,4.6,112,0.299,0.249,0.261,0.317,0.34,0.414,0.44,0.731,0.78,87,0.505,-111.0,-11.1,0.686,0.267,0.165,107.2,0
639,2021,Detroit Tigers,4.3,4282,679,4.2,98,0.3,0.242,0.245,0.308,0.315,0.399,0.414,0.707,0.729,94,0.463,-46.5,-4.7,0.657,0.26,0.158,118.0,0
640,2021,Houston Astros,5.33,4312,864,5.3,99,0.303,0.267,0.247,0.339,0.318,0.444,0.418,0.783,0.735,113,0.57,108.7,10.5,0.747,0.285,0.177,85.5,1
641,2021,Kansas City Royals,4.23,4294,675,4.1,101,0.292,0.249,0.249,0.306,0.32,0.396,0.421,0.702,0.741,90,0.459,-84.6,-8.5,0.652,0.241,0.147,140.9,0
642,2021,Los Angeles Angels,4.46,4294,708,4.3,101,0.294,0.245,0.249,0.31,0.32,0.407,0.421,0.717,0.741,93,0.481,-58.1,-6.0,0.664,0.257,0.162,111.6,0
643,2021,Los Angeles Dodgers,5.12,4305,837,5.1,104,0.284,0.244,0.251,0.33,0.329,0.429,0.424,0.759,0.753,101,0.553,10.9,0.7,0.737,0.306,0.185,102.0,1
644,2021,Miami Marlins,3.85,4288,630,3.9,101,0.296,0.233,0.247,0.298,0.324,0.372,0.417,0.671,0.74,82,0.425,-145.4,-14.5,0.618,0.238,0.139,126.9,0
645,2021,Milwaukee Brewers,4.56,4294,721,4.4,102,0.283,0.233,0.249,0.317,0.326,0.396,0.42,0.713,0.746,91,0.486,-64.6,-6.6,0.68,0.283,0.163,115.3,1
646,2021,Minnesota Twins,4.5,4306,746,4.6,96,0.282,0.241,0.243,0.314,0.313,0.423,0.41,0.738,0.723,104,0.504,30.9,2.9,0.693,0.286,0.182,87.3,0
647,2021,New York Mets,3.93,4173,663,4.2,100,0.291,0.239,0.246,0.315,0.322,0.391,0.415,0.705,0.737,92,0.461,-60.6,-6.2,0.651,0.252,0.152,82.6,0
648,2021,New York Yankees,4.39,4281,711,4.4,98,0.285,0.237,0.245,0.322,0.315,0.407,0.414,0.729,0.729,101,0.484,8.4,0.7,0.688,0.294,0.169,98.1,1
649,2021,Oakland Athletics,4.59,4296,733,4.5,94,0.278,0.238,0.24,0.317,0.31,0.406,0.406,0.723,0.716,102,0.497,26.9,2.5,0.691,0.282,0.168,122.0,0
650,2021,Philadelphia Phillies,4.53,4290,749,4.6,102,0.286,0.24,0.248,0.318,0.325,0.408,0.418,0.726,0.743,95,0.504,-34.9,-3.8,0.69,0.284,0.168,110.9,0
651,2021,Pittsburgh Pirates,3.76,4275,643,4.0,102,0.29,0.236,0.248,0.309,0.325,0.364,0.418,0.673,0.743,82,0.436,-135.5,-13.6,0.614,0.233,0.128,80.9,0
652,2021,San Diego Padres,4.5,4321,737,4.5,95,0.287,0.242,0.24,0.321,0.316,0.401,0.405,0.722,0.72,101,0.493,21.2,1.9,0.688,0.281,0.159,136.6,0
653,2021,Seattle Mariners,4.3,4307,655,4.0,95,0.273,0.226,0.241,0.303,0.311,0.385,0.408,0.688,0.719,92,0.444,-57.3,-5.8,0.641,0.266,0.159,96.9,0
654,2021,San Francisco Giants,4.96,4299,828,5.1,102,0.295,0.249,0.248,0.329,0.325,0.44,0.418,0.769,0.743,106,0.549,47.8,4.5,0.741,0.311,0.191,103.6,1
655,2021,St. Louis Cardinals,4.36,4253,735,4.5,97,0.287,0.244,0.242,0.313,0.318,0.412,0.409,0.725,0.727,99,0.499,-3.7,-0.6,0.685,0.27,0.168,122.8,1
656,2021,Tampa Bay Rays,5.29,4335,792,4.8,93,0.294,0.243,0.239,0.321,0.309,0.429,0.404,0.75,0.713,110,0.528,85.9,8.3,0.725,0.301,0.186,126.0,1
657,2021,Texas Rangers,3.86,4340,613,3.7,98,0.28,0.232,0.246,0.294,0.316,0.375,0.416,0.67,0.732,83,0.411,-131.9,-13.2,0.611,0.238,0.143,129.7,0
658,2021,Toronto Blue Jays,5.22,4198,866,5.4,102,0.296,0.266,0.25,0.33,0.322,0.466,0.423,0.797,0.745,113,0.583,93.3,8.9,0.766,0.302,0.2,123.7,0
659,2021,Washington Nationals,4.47,4250,779,4.8,97,0.307,0.258,0.242,0.337,0.318,0.417,0.409,0.754,0.727,108,0.526,70.5,6.6,0.708,0.271,0.159,85.6,0
