Year,Tm,#Bat,BatAge,R/G,G,PA,AB,R,H,2B,3B,HR,RBI,SB,CS,BB,SO,BA,OBP,SLG,OPS,OPS+,TB,GDP,HBP,SH,SF,IBB,LOB
2001,Anaheim Angels,38,27.9,4.27,162,6226,5551,691,1447,275,26,158,662,116,52,494,1001,.261,.327,.405,.732,91,2248,109,77,46,53,34,1203
2001,Arizona Diamondbacks,31.9,5.05,162,6349,5595,818,1494,284,35,208,776,71,38,587,1052,.267,.341,.442,.783,94,2472,105,57,71,36,73,1183,47
2001,Atlanta Braves,4.50,162,6152,5498,729,1432,263,24,174,696,85,46,493,1039,.260,.324,.412,.736,87,2265,132,45,64,52,51,1095,46,30.2
2001,Baltimore Orioles,162,6151,5472,687,1359,262,24,136,663,133,53,514,989,.248,.319,.380,.699,88,2077,121,77,38,49,26,1106,48,30.0,4.80
2001,Boston Red Sox,6264,5605,772,1493,316,29,198,739,46,35,520,1131,.266,.334,.439,.773,101,2461,132,70,28,41,50,1161,43,30.7,4.80,162
2001,Chicago Cubs,5406,777,1409,268,32,194,748,67,36,577,1077,.261,.336,.430,.766,101,2323,132,66,117,53,72,1156,42,28.5,4.93,162,6151
2001,Chicago White Sox,798,1463,300,29,214,770,123,59,520,998,.268,.334,.451,.785,102,2463,128,52,63,51,31,1054,50,28.0,4.54,162,6222,5583
2001,Cincinnati Reds,1464,304,22,176,690,103,54,468,1172,.262,.324,.419,.744,87,2340,130,65,66,40,47,1115,44,31.1,5.54,162,6357,5600,897
2001,Cleveland Indians,294,37,212,868,79,41,577,1076,.278,.350,.458,.807,111,2563,126,69,49,62,32,1136,53,28.2,5.70,162,6394,5690,923,1663
2001,Colorado Rockies,61,213,874,132,54,511,1027,.292,.354,.483,.837,97,2748,116,61,81,50,50,1158,44,28.2,4.47,162,6145,5537,724,1439,291
2001,Detroit Tigers,139,691,133,61,466,972,.260,.320,.409,.730,97,2267,120,51,41,49,26,1093,42,27.3,4.58,162,6184,5542,742,1461,325,30
2001,Florida Marlins,713,89,40,470,1145,.264,.326,.423,.749,95,2344,118,67,60,45,43,1117,45,30.3,5.23,162,6325,5528,847,1500,313,29,208
2001,Houston Astros,64,49,581,1119,.271,.347,.451,.798,100,2495,128,89,71,56,52,1151,44,28.2,4.50,162,6176,5643,729,1503,277,37,152,691
2001,Kansas City Royals,42,406,898,.266,.318,.409,.727,86,2310,134,44,36,47,31,1086,41,30.2,4.68,162,6169,5493,758,1399,264,27,206,714,89
2001,Los Angeles Dodgers,519,1062,.255,.323,.425,.748,99,2335,115,56,57,44,45,1075,46,29.4,4.57,162,6148,5488,740,1378,273,30,209,712,66,36
2001,Milwaukee Brewers,1399,.251,.319,.426,.745,93,2338,102,72,65,35,44,1067,42,26.2,4.76,162,6185,5560,771,1514,328,38,164,717,146,67,495
2001,Minnesota Twins,.272,.337,.433,.770,101,2410,124,64,25,38,42,1101,47,27.6,4.14,162,6026,5379,670,1361,320,28,131,622,101,51,478,1071
2001,Montreal Expos,.319,.396,.715,83,2130,151,60,64,45,59,1024,44,30.4,3.96,162,6156,5459,642,1361,273,18,147,608,66,48,545,1062,.249
2001,New York Mets,.387,.710,87,2111,124,65,52,35,59,1181,47,31.2,4.99,161,6233,5577,804,1488,289,20,203,774,161,53,519,1035,.267,.334
2001,New York Yankees,.769,100,2426,119,64,30,43,38,1123,42,27.3,5.46,162,6385,5573,884,1469,334,22,199,835,68,29,640,1021,.264,.345,.439
2001,Oakland Athletics,107,2444,131,88,25,59,57,1171,46,26.9,4.60,162,6219,5497,746,1431,295,29,164,708,153,47,551,1125,.260,.329,.414,.743
2001,Philadelphia Phillies,2276,104,43,67,61,52,1157,49,27.7,4.06,162,6027,5398,657,1333,256,25,161,618,93,73,467,1106,.247,.313,.393,.706,79
2001,Pittsburgh Pirates,114,67,60,35,51,1058,48,28.9,4.87,162,6278,5482,789,1379,273,26,161,753,129,44,678,1273,.252,.336,.399,.735,97,2187
2001,San Diego Padres,41,29,48,37,1160,35,31.3,5.72,162,6474,5680,927,1637,310,38,169,881,174,42,614,989,.288,.360,.445,.805,117,2530,112
2001,Seattle Mariners,48,70,54,1257,41,31.4,4.93,162,6408,5612,799,1493,304,40,235,775,57,42,625,1090,.266,.342,.460,.802,112,2582,108,50
2001,San Francisco Giants,54,79,1242,40,28.8,5.02,162,6177,5450,814,1469,274,32,199,768,91,35,529,1089,.270,.339,.441,.780,100,2404,125,65,83
2001,St. Louis Cardinals,51,1095,46,28.0,4.15,162,6104,5524,672,1426,311,21,121,645,115,52,456,1116,.258,.320,.388,.707,88,2142,130,54,45,25
2001,Tampa Bay Devil Rays,1104,51,29.8,5.49,162,6388,5685,890,1566,326,23,246,844,97,32,548,1093,.275,.344,.471,.815,109,2676,131,75,25,55,27
2001,Texas Rangers,41,28.2,4.73,162,6284,5663,767,1489,287,36,195,728,156,55,470,1094,.263,.325,.430,.755,96,2433,111,74,34,43,47,1124
2001,Toronto Blue Jays,29.2,4.78,162,6233,5541,773,1463,294,31,182,736,103,47,527,1080,.264,.332,.427,.759,97,2364,122,63,54,47,46,1130,League Average
2002,Anaheim Angels,40,28.3,5.25,162,6327,5678,851,1603,333,32,152,811,117,51,462,805,.282,.341,.433,.773,105,2456,105,74,49,64,42,1165
2002,Arizona Diamondbacks,31.7,5.06,162,6318,5508,819,1471,283,41,165,783,92,46,643,1016,.267,.346,.423,.769,93,2331,130,50,62,53,58,1211,38
2002,Atlanta Braves,4.40,161,6224,5495,708,1428,280,25,164,669,76,39,558,1028,.260,.331,.409,.741,93,2250,147,54,67,49,68,1185,46,29.2
2002,Baltimore Orioles,162,6096,5491,667,1353,311,27,165,636,110,48,452,993,.246,.309,.403,.712,92,2213,128,64,40,49,25,1037,39,29.9,5.30
2002,Boston Red Sox,6332,5640,859,1560,348,33,177,810,80,28,545,944,.277,.345,.444,.789,106,2505,139,72,22,53,39,1175,44,30.1,4.36,162
2002,Chicago Cubs,5496,706,1351,259,29,200,676,63,21,585,1269,.246,.321,.413,.734,94,2268,117,44,78,39,52,1173,35,28.9,5.28,162,6208
2002,Chicago White Sox,856,1475,289,29,217,819,75,31,555,952,.268,.338,.449,.787,107,2473,111,49,48,53,17,1085,43,27.8,4.38,162,6254,5470
2002,Cincinnati Reds,1386,297,21,169,678,116,52,583,1188,.253,.330,.408,.738,91,2232,119,66,95,40,66,1169,59,30.4,4.56,162,6099,5423,739
2002,Cleveland Indians,255,26,192,706,52,37,542,1000,.249,.321,.412,.733,96,2232,149,56,39,39,35,1066,43,28.6,4.80,162,6165,5512,778,1508
2002,Colorado Rockies,41,152,726,103,53,497,1043,.274,.337,.423,.760,88,2329,133,56,49,50,40,1094,57,28.1,3.57,161,5920,5406,575,1340,265
2002,Detroit Tigers,124,546,65,44,363,1035,.248,.300,.379,.679,86,2051,125,64,30,57,22,1029,41,28.4,4.31,162,6263,5496,699,1433,280,32
2002,Florida Marlins,653,177,73,595,1130,.261,.337,.403,.740,97,2215,129,61,59,49,69,1190,41,30.1,4.62,162,6252,5503,749,1441,291,32,167
2002,Houston Astros,71,27,589,1120,.262,.338,.417,.755,93,2297,144,59,64,37,57,1177,52,29.3,4.55,162,6206,5535,737,1415,285,42,140,695
2002,Kansas City Royals,65,524,921,.256,.323,.398,.721,84,2204,106,52,44,51,27,1092,41,30.0,4.40,162,6146,5554,713,1464,286,29,155,693,96
2002,Los Angeles Dodgers,428,940,.264,.320,.409,.729,98,2273,140,53,67,44,50,1087,49,29.9,3.87,162,6083,5415,627,1369,269,29,139,597,94,50
2002,Milwaukee Brewers,1125,.253,.320,.390,.711,88,2113,144,55,79,34,37,1086,42,26.6,4.77,161,6196,5582,768,1518,348,36,167,731,79,62,472
2002,Minnesota Twins,.272,.332,.437,.769,103,2439,121,56,34,52,30,1124,43,28.2,4.54,162,6250,5479,735,1432,300,36,162,695,118,64,575,1104
2002,Montreal Expos,.334,.418,.752,95,2290,123,46,108,42,85,1158,48,30.6,4.29,161,6150,5496,690,1409,238,22,160,650,87,42,486,1044,.256
2002,New York Mets,.395,.717,92,2171,142,63,75,30,46,1111,38,30.0,5.57,161,6377,5601,897,1540,314,12,223,857,100,38,640,1171,.275,.354
2002,New York Yankees,.809,114,2547,150,72,23,41,48,1191,41,28.6,4.94,162,6291,5558,800,1450,279,28,205,772,46,20,609,1008,.261,.339,.432
2002,Oakland Athletics,106,2400,128,68,20,36,37,1197,39,27.5,4.41,161,6323,5523,710,1428,325,41,165,676,104,43,640,1095,.259,.339,.422,.761
2002,Philadelphia Phillies,2330,129,53,67,39,70,1260,38,27.9,3.98,161,6049,5330,641,1300,263,20,142,610,86,49,537,1109,.244,.319,.381,.700,82
2002,Pittsburgh Pirates,97,73,68,41,44,1149,59,29.1,4.09,162,6178,5515,662,1393,243,29,136,627,71,44,547,1062,.253,.321,.381,.702,93,2102
2002,San Diego Padres,30,45,41,42,1158,40,31.2,5.02,162,6362,5569,814,1531,285,31,152,771,137,58,629,1003,.275,.350,.419,.769,107,2334,123
2002,Seattle Mariners,41,72,62,1239,38,32.0,4.83,162,6298,5497,783,1465,300,35,198,751,74,21,616,961,.267,.344,.442,.786,110,2429,136,65
2002,San Francisco Giants,52,103,1241,44,28.9,4.86,162,6246,5505,787,1475,285,26,175,758,86,42,542,927,.268,.338,.425,.763,102,2337,123,67,83
2002,St. Louis Cardinals,77,1160,43,27.0,4.18,161,6198,5604,673,1418,297,35,133,640,102,45,456,1115,.253,.314,.390,.704,89,2184,116,58,44,36
2002,Tampa Bay Devil Rays,1132,51,29.0,5.20,162,6332,5618,843,1510,304,27,230,806,62,34,554,1055,.269,.338,.455,.794,104,2558,129,62,48,50,45
2002,Texas Rangers,45,27.2,5.02,162,6230,5581,813,1457,305,38,187,771,71,18,522,1142,.261,.327,.430,.757,96,2399,130,53,17,57,30,1104
2002,Toronto Blue Jays,29.2,4.62,162,6220,5519,747,1442,290,31,169,711,92,43,542,1046,.261,.331,.417,.748,97,2300,128,58,54,47,48,1147,League Average
2003,Anaheim Angels,43,29.1,4.54,162,6119,5487,736,1473,276,33,150,687,129,61,476,838,.268,.330,.413,.743,97,2265,125,56,50,50,42,1086
2003,Arizona Diamondbacks,30.5,4.43,162,6261,5570,717,1467,303,47,152,696,76,38,531,1006,.263,.330,.417,.746,87,2320,126,45,63,52,63,1185,34
2003,Atlanta Braves,5.60,162,6378,5670,907,1608,321,31,235,872,68,22,545,933,.284,.349,.475,.824,112,2696,124,49,65,49,46,1170,42,29.3
2003,Baltimore Orioles,163,6241,5665,743,1516,277,24,152,695,89,36,431,902,.268,.323,.405,.729,92,2297,123,54,51,40,32,1121,47,29.7,5.93
2003,Boston Red Sox,6530,5769,961,1667,371,40,238,932,88,35,620,943,.289,.360,.491,.851,118,2832,126,53,24,64,61,1224,42,31.3,4.47,162
2003,Chicago Cubs,5519,724,1431,302,24,172,691,73,31,492,1158,.259,.323,.416,.739,91,2297,135,50,80,46,40,1114,40,29.3,4.88,162,6148
2003,Chicago White Sox,791,1445,303,19,220,766,77,29,519,916,.263,.331,.446,.777,102,2446,132,58,43,41,27,1074,57,27.3,4.28,162,6211,5509
2003,Cincinnati Reds,1349,239,21,182,669,80,34,524,1326,.245,.318,.395,.713,89,2176,102,79,66,32,34,1134,54,27.0,4.31,162,6188,5572,699
2003,Cleveland Indians,296,26,158,660,86,61,466,1062,.254,.316,.401,.717,92,2235,128,62,46,41,25,1068,50,29.4,5.27,162,6283,5518,853,1472
2003,Colorado Rockies,31,198,814,63,37,619,1134,.267,.344,.445,.790,93,2458,140,52,55,38,46,1156,43,27.3,3.65,162,6071,5466,591,1312,201
2003,Detroit Tigers,153,553,98,63,443,1099,.240,.300,.375,.675,83,2050,114,47,65,49,24,1047,40,27.7,4.64,162,6186,5490,751,1459,292,44
2003,Florida Marlins,709,150,74,515,978,.266,.333,.421,.754,97,2310,114,57,82,41,44,1114,44,31.1,4.97,162,6320,5583,805,1466,308,30,191
2003,Houston Astros,66,30,557,1021,.263,.336,.431,.767,96,2407,125,81,61,38,44,1185,53,29.2,5.16,162,6239,5568,836,1526,288,39,162,781
2003,Kansas City Royals,42,476,926,.274,.336,.427,.763,95,2378,128,75,63,57,32,1096,44,29.8,3.54,162,6036,5458,574,1328,260,25,124,544,80
2003,Los Angeles Dodgers,407,985,.243,.303,.368,.671,79,2010,121,72,71,28,43,1108,42,29.7,4.41,162,6270,5548,714,1423,266,24,196,685,99,39
2003,Milwaukee Brewers,1221,.256,.329,.419,.748,96,2325,158,71,62,40,41,1155,42,27.2,4.94,162,6324,5655,801,1567,318,45,155,755,94,44,512
2003,Minnesota Twins,.277,.341,.431,.772,102,2440,139,63,42,52,36,1166,43,27.7,4.39,162,6116,5437,711,1404,294,25,144,682,100,39,522,990
2003,Montreal Expos,.326,.401,.727,85,2180,143,45,72,40,58,1102,50,29.3,3.99,161,6007,5341,642,1317,262,24,124,607,70,31,489,1035,.247
2003,New York Mets,.374,.688,81,1999,136,54,78,45,42,1086,49,30.4,5.38,163,6431,5605,877,1518,304,14,230,845,98,33,684,1042,.271,.356
2003,New York Yankees,.810,114,2540,154,81,25,35,54,1239,41,28.3,4.74,162,6189,5497,768,1398,317,24,176,742,48,14,556,898,.254,.327,.417
2003,Oakland Athletics,96,2291,118,59,22,53,52,1130,38,28.3,4.88,162,6333,5543,791,1448,325,27,166,757,72,29,651,1155,.261,.343,.419,.762
2003,Philadelphia Phillies,2325,120,55,46,38,56,1220,46,29.7,4.65,162,6315,5581,753,1492,275,45,163,711,86,37,529,1049,.267,.338,.420,.758,95
2003,Pittsburgh Pirates,112,87,79,38,42,1214,51,28.5,4.19,162,6246,5531,678,1442,257,32,128,641,76,39,565,1073,.261,.333,.388,.721,96,2147
2003,San Diego Padres,57,50,42,34,1219,37,32.0,4.91,162,6281,5561,795,1509,290,33,139,759,108,37,586,989,.271,.344,.410,.754,103,2282,130
2003,Seattle Mariners,35,46,34,1202,46,32.1,4.69,161,6204,5456,755,1440,281,29,180,713,53,37,593,980,.264,.338,.425,.763,99,2319,130,40
2003,San Francisco Giants,39,79,1188,42,29.9,5.41,162,6466,5672,876,1580,342,32,196,827,82,32,580,952,.279,.350,.454,.804,111,2574,136,73,87
2003,St. Louis Cardinals,68,1217,51,26.3,4.41,162,6212,5654,715,1501,298,38,137,678,142,42,420,1030,.265,.320,.404,.724,94,2286,108,56,32,50
2003,Tampa Bay Devil Rays,1129,52,28.4,5.10,162,6293,5664,826,1506,274,36,239,799,65,25,488,1052,.266,.330,.454,.784,96,2569,115,75,24,42,31
2003,Texas Rangers,40,28.3,5.52,162,6364,5661,894,1580,357,33,190,853,37,25,546,1081,.279,.349,.455,.803,107,2573,146,90,11,56,40,1175
2003,Toronto Blue Jays,29.2,4.73,162,6248,5558,766,1469,294,31,174,730,86,38,530,1027,.264,.333,.422,.755,97,2346,128,62,54,45,44,1149,League Average
2004,Anaheim Angels,38,28.9,5.16,162,6296,5675,836,1603,272,37,162,783,143,46,450,942,.282,.341,.429,.770,102,2435,123,73,56,41,43,1133
2004,Arizona Diamondbacks,28.8,3.80,162,6114,5544,615,1401,295,38,135,582,53,32,441,1022,.253,.310,.393,.703,77,2177,137,35,56,37,38,1108,39
2004,Atlanta Braves,4.96,162,6339,5570,803,1503,304,37,178,767,86,32,587,1158,.270,.343,.434,.777,99,2415,123,59,75,48,51,1230,47,30.4
2004,Baltimore Orioles,162,6431,5736,842,1614,319,18,169,803,101,41,528,949,.281,.345,.432,.776,103,2476,126,57,46,62,34,1216,50,30.4,5.86
2004,Boston Red Sox,6515,5720,949,1613,373,25,222,912,68,30,659,1189,.282,.360,.472,.832,110,2702,123,69,12,55,39,1257,43,30.1,4.87,162
2004,Chicago Cubs,5628,789,1508,308,29,235,755,66,28,489,1080,.268,.328,.458,.786,99,2579,120,38,78,48,46,1121,42,28.6,5.34,162,6197
2004,Chicago White Sox,865,1481,284,19,242,823,78,51,499,1030,.268,.333,.457,.790,102,2529,119,63,58,42,25,1031,44,28.4,4.63,162,6278,5518
2004,Cincinnati Reds,1380,287,28,194,713,77,25,599,1335,.250,.331,.418,.749,95,2305,125,81,55,25,38,1176,52,28.6,5.30,162,6452,5676,858
2004,Cleveland Indians,345,29,184,820,94,55,606,1009,.276,.351,.444,.795,111,2520,143,78,47,42,41,1197,47,30.3,5.14,162,6333,5577,833,1531
2004,Colorado Rockies,34,202,795,44,33,568,1181,.275,.345,.455,.800,95,2536,132,54,97,37,51,1167,39,28.1,5.10,162,6285,5623,827,1531,284
2004,Detroit Tigers,201,800,86,50,518,1144,.272,.337,.449,.786,108,2526,110,50,50,43,32,1116,45,28.9,4.43,162,6160,5486,718,1447,275,32
2004,Florida Marlins,677,96,43,499,968,.264,.329,.406,.736,94,2230,142,58,77,40,37,1127,42,31.8,4.96,162,6269,5468,803,1458,294,36,187
2004,Houston Astros,89,30,590,999,.267,.342,.436,.778,99,2385,128,61,98,52,54,1175,58,29.0,4.44,162,6153,5538,720,1432,261,29,150,675
2004,Kansas City Royals,48,461,1057,.259,.322,.397,.720,86,2201,130,76,40,38,28,1099,43,28.9,4.70,162,6244,5542,761,1450,226,30,203,731,102
2004,Los Angeles Dodgers,536,1092,.262,.332,.423,.755,98,2345,121,62,69,35,45,1152,41,28.5,3.94,161,6195,5483,634,1358,295,32,135,601,138,40
2004,Milwaukee Brewers,1312,.248,.321,.387,.708,83,2122,120,68,56,40,49,1199,42,27.8,4.81,162,6286,5623,780,1494,310,24,191,735,116,46,513
2004,Minnesota Twins,.266,.332,.431,.763,96,2425,130,64,46,40,42,1110,46,27.5,3.92,162,6138,5474,635,1361,276,27,151,605,109,38,496,925
2004,Montreal Expos,.313,.392,.705,79,2144,115,35,100,33,51,1123,52,29.8,4.22,162,6209,5532,684,1376,289,20,185,658,107,23,512,1159,.249
2004,New York Mets,.409,.726,88,2260,129,61,69,34,54,1142,43,32.3,5.54,162,6364,5527,897,1483,281,20,242,863,84,33,670,982,.268,.353
2004,New York Yankees,.811,111,2530,157,80,37,50,40,1190,36,29.6,4.90,162,6459,5728,793,1545,336,15,189,752,47,22,608,1061,.270,.343,.433
2004,Oakland Athletics,102,2478,142,55,25,43,40,1274,39,29.3,5.19,162,6456,5643,840,1505,303,23,215,802,100,27,645,1133,.267,.345,.443,.788
2004,Philadelphia Phillies,2499,123,58,64,46,60,1236,43,27.2,4.22,161,6115,5483,680,1428,267,39,142,648,63,40,415,1066,.260,.321,.401,.722,87
2004,Pittsburgh Pirates,117,95,79,42,33,1123,47,29.5,4.74,162,6313,5573,768,1521,304,32,139,722,52,25,566,910,.273,.342,.414,.756,104,2306
2004,San Diego Padres,56,52,66,45,1235,48,31.5,4.31,162,6362,5722,698,1544,276,20,136,658,110,42,492,1058,.270,.331,.396,.727,91,2268,131
2004,Seattle Mariners,46,48,49,1241,43,31.5,5.25,162,6466,5546,850,1500,314,33,183,805,43,23,705,874,.270,.357,.438,.795,104,2429,142,72
2004,San Francisco Giants,51,153,1289,37,30.6,5.28,162,6297,5555,855,1544,319,24,214,817,111,47,548,1085,.278,.344,.460,.804,107,2553,121,51,73
2004,St. Louis Cardinals,64,1156,48,28.1,4.43,161,6098,5483,714,1416,278,46,145,685,132,42,469,944,.258,.320,.405,.725,91,2221,97,55,35,56
2004,Tampa Bay Devil Rays,1096,52,27.7,5.31,162,6256,5615,860,1492,323,34,227,825,69,36,500,1099,.266,.329,.457,.786,96,2564,91,61,23,57,41
2004,Texas Rangers,47,27.9,4.47,161,6178,5531,719,1438,290,34,145,680,58,31,513,1083,.260,.328,.403,.732,87,2231,139,71,20,42,25,1164
2004,Toronto Blue Jays,29.3,4.81,162,6285,5578,779,1484,297,30,182,742,86,37,541,1061,.266,.335,.428,.763,97,2386,126,62,58,45,46,1166,League Average
2005,Arizona Diamondbacks,43,30.3,4.30,162,6327,5550,696,1419,291,27,191,670,67,26,606,1094,.256,.332,.421,.754,94,2337,132,55,71,45,51,1247
2005,Atlanta Braves,28.1,4.75,162,6186,5486,769,1453,308,37,184,733,92,32,534,1084,.265,.333,.435,.768,99,2387,146,45,75,46,56,1114,46
2005,Baltimore Orioles,4.50,162,6135,5551,729,1492,296,27,189,700,83,37,447,902,.269,.327,.434,.761,102,2409,145,54,40,42,31,1103,52,31.3
2005,Boston Red Sox,162,6403,5626,910,1579,339,21,199,863,45,12,653,1044,.281,.357,.454,.811,111,2557,135,47,14,63,34,1249,46,29.8,4.34
2005,Chicago Cubs,6161,5584,703,1506,323,23,194,674,65,39,419,920,.270,.324,.440,.764,95,2457,131,50,69,37,49,1133,38,29.3,4.57,162
2005,Chicago White Sox,5529,741,1450,253,23,200,713,137,67,435,1002,.262,.322,.425,.747,95,2349,122,79,53,49,27,1032,46,28.6,5.03,163,6321
2005,Cincinnati Reds,820,1453,335,15,222,784,72,23,611,1303,.261,.339,.446,.785,104,2484,116,62,43,39,42,1176,38,27.5,4.88,162,6255,5609
2005,Cleveland Indians,1522,337,30,207,760,62,36,503,1093,.271,.334,.453,.787,111,2540,128,54,39,50,33,1148,54,27.2,4.57,162,6238,5542,740
2005,Colorado Rockies,280,34,150,704,65,32,509,1103,.267,.333,.411,.744,85,2275,125,64,88,34,36,1197,45,28.5,4.46,162,6136,5602,723,1521
2005,Detroit Tigers,45,168,678,66,28,384,1038,.272,.321,.428,.750,100,2398,137,53,44,52,24,1077,47,29.7,4.43,162,6214,5502,717,1499,306
2005,Florida Marlins,128,678,96,38,512,918,.272,.339,.409,.748,101,2253,144,67,82,50,61,1181,36,30.2,4.25,163,6139,5462,693,1400,281,32
2005,Houston Astros,654,115,44,481,1037,.256,.322,.408,.730,90,2228,116,72,82,42,43,1136,46,28.0,4.33,162,6086,5503,701,1445,289,34,126
2005,Kansas City Royals,53,33,424,1008,.263,.320,.396,.716,91,2180,139,63,46,50,23,1062,40,29.8,4.70,162,6186,5624,761,1520,278,30,147,726
2005,Los Angeles Angels of Anaheim,57,447,848,.270,.325,.409,.734,96,2299,125,29,43,39,51,1086,44,28.6,4.23,162,6134,5433,685,1374,284,21,149,653,58
2005,Los Angeles Dodgers,541,1094,.253,.326,.395,.721,90,2147,139,67,57,33,30,1135,39,28.4,4.48,162,6156,5448,726,1413,327,19,175,689,79,34
2005,Milwaukee Brewers,1162,.259,.331,.423,.754,97,2303,137,73,66,38,55,1120,37,27.6,4.25,162,6192,5564,688,1441,269,32,134,644,102,44,485
2005,Minnesota Twins,.259,.323,.391,.714,88,2176,155,59,42,42,49,1109,42,28.8,4.46,162,6146,5505,722,1421,279,32,175,683,153,40,486,1075
2005,New York Mets,.322,.416,.738,95,2289,103,48,69,38,49,1122,51,32.3,5.47,162,6406,5624,886,1552,259,16,229,847,84,27,637,989,.276
2005,New York Yankees,.450,.805,115,2530,125,73,28,43,41,1264,41,28.6,4.77,162,6275,5627,772,1476,310,20,155,739,31,22,537,819,.262,.330
2005,Oakland Athletics,.737,96,2291,148,52,19,40,22,1170,40,30.0,4.98,162,6345,5542,807,1494,282,35,167,760,116,27,639,1083,.270,.348,.423
2005,Philadelphia Phillies,98,2347,107,56,62,46,76,1251,44,27.4,4.20,162,6221,5573,680,1445,292,38,139,656,73,30,471,1092,.259,.322,.400,.723
2005,Pittsburgh Pirates,2230,130,72,56,49,38,1193,46,31.0,4.22,162,6271,5502,684,1416,269,39,130,655,99,44,600,977,.257,.333,.391,.724,97
2005,San Diego Padres,122,49,72,48,41,1220,48,28.7,4.31,162,6095,5507,699,1408,289,34,130,657,102,47,466,986,.256,.317,.391,.709,92,2155
2005,Seattle Mariners,48,37,37,50,1076,50,32.2,4.01,162,6077,5462,649,1427,299,26,128,617,71,35,431,901,.261,.319,.396,.714,86,2162,147
2005,San Francisco Giants,91,44,26,1093,40,30.8,4.97,162,6246,5538,805,1494,287,26,170,757,83,36,534,947,.270,.339,.423,.762,98,2343,127,62
2005,St. Louis Cardinals,35,60,1152,43,27.5,4.63,162,6120,5552,750,1519,289,40,157,717,151,49,412,990,.274,.329,.425,.754,101,2359,133,69,34
2005,Tampa Bay Devil Rays,25,1065,50,27.9,5.34,162,6301,5716,865,1528,311,29,260,834,67,15,495,1112,.267,.329,.468,.798,105,2677,123,48,9,32
2005,Texas Rangers,1104,37,27.9,4.78,162,6233,5581,775,1480,307,39,136,735,72,35,486,955,.265,.331,.407,.738,94,2273,126,89,21,56,18
2005,Toronto Blue Jays,55,29.3,3.94,162,6142,5426,639,1367,311,32,117,615,45,45,491,1090,.252,.322,.386,.708,89,2093,130,89,91,45,55,1137
2005,Washington Nationals,29.2,4.59,162,6210,5544,744,1466,295,30,167,708,86,36,507,1021,.264,.330,.419,.749,97,2323,130,60,54,44,41,1142,League Average
2006,Arizona Diamondbacks,45,29.6,4.77,162,6330,5645,773,1506,331,38,160,743,76,30,504,965,.267,.331,.424,.755,89,2393,136,67,61,53,47,1166
2006,Atlanta Braves,27.4,5.24,162,6284,5583,849,1510,312,26,222,818,52,35,526,1169,.270,.337,.455,.791,101,2540,131,52,78,44,48,1105,46
2006,Baltimore Orioles,4.74,162,6240,5610,768,1556,288,20,164,727,121,32,474,878,.277,.339,.424,.763,97,2376,145,73,40,41,35,1177,53,30.4
2006,Boston Red Sox,162,6435,5619,820,1510,327,16,192,777,51,23,672,1056,.269,.351,.435,.786,98,2445,136,66,22,56,56,1301,46,28.6,4.42
2006,Chicago Cubs,6147,5587,716,1496,271,46,166,677,121,49,395,928,.268,.319,.422,.741,86,2357,135,43,84,37,24,1082,37,29.7,5.36,162
2006,Chicago White Sox,5657,868,1586,291,20,236,839,93,48,502,1056,.280,.342,.464,.806,103,2625,118,58,44,57,33,1125,54,29.6,4.62,162,6296
2006,Cincinnati Reds,749,1419,291,12,217,718,124,33,614,1192,.257,.336,.432,.768,93,2385,122,59,66,38,52,1196,45,27.7,5.37,162,6303,5619
2006,Cleveland Indians,1576,351,27,196,839,55,23,556,1204,.280,.349,.457,.806,108,2569,127,54,30,43,42,1162,50,27.8,5.02,162,6348,5562,813
2006,Colorado Rockies,325,54,157,761,85,50,561,1108,.270,.341,.433,.774,90,2408,119,60,119,45,64,1174,40,29.3,5.07,162,6198,5642,822,1548
2006,Detroit Tigers,40,203,785,60,40,430,1133,.274,.329,.449,.777,99,2531,120,45,45,36,27,1068,40,25.6,4.68,162,6191,5502,758,1454,309
2006,Florida Marlins,182,713,110,58,497,1249,.264,.331,.435,.766,99,2393,109,74,76,42,55,1126,39,30.5,4.54,162,6326,5521,735,1407,275,27
2006,Houston Astros,708,79,36,585,1076,.255,.332,.409,.741,89,2258,122,73,100,46,54,1191,55,29.7,4.67,162,6229,5589,757,1515,335,37,124
2006,Kansas City Royals,65,34,474,1040,.271,.332,.411,.743,91,2296,130,64,52,48,32,1144,40,28.8,4.73,162,6221,5609,766,1539,309,29,159,737
2006,Los Angeles Angels of Anaheim,57,486,914,.274,.334,.425,.759,95,2383,126,42,31,53,49,1121,50,29.9,5.06,162,6394,5628,820,1552,307,58,153,787,128
2006,Los Angeles Dodgers,601,959,.276,.348,.432,.781,99,2434,140,51,66,48,61,1223,49,28.8,4.51,162,6130,5433,730,1400,301,20,180,695,71,37
2006,Milwaukee Brewers,1233,.258,.327,.420,.747,89,2281,133,82,58,53,48,1108,39,28.4,4.94,162,6228,5602,801,1608,275,34,143,754,101,42,490
2006,Minnesota Twins,.287,.347,.425,.771,101,2380,163,50,31,55,46,1143,49,30.1,5.15,162,6291,5558,834,1469,323,41,200,800,146,35,547,1071
2006,New York Mets,.334,.445,.780,100,2474,114,62,77,47,63,1115,49,30.9,5.74,162,6455,5651,930,1608,327,21,210,902,139,35,649,1053,.285
2006,New York Yankees,.461,.824,111,2607,139,72,34,49,43,1253,40,29.7,4.76,162,6281,5500,771,1429,266,22,175,735,61,20,650,976,.260,.340
2006,Oakland Athletics,.752,97,2264,170,50,25,56,28,1187,45,29.3,5.34,162,6509,5687,865,1518,294,41,216,823,92,25,626,1203,.267,.347,.447
2006,Philadelphia Phillies,98,2542,115,95,57,44,67,1275,42,27.8,4.27,162,6218,5558,691,1462,286,17,141,656,68,23,459,1200,.263,.327,.397,.723
2006,Pittsburgh Pirates,2205,153,89,62,49,49,1175,46,30.7,4.51,162,6287,5576,731,1465,298,38,161,698,123,31,564,1104,.263,.332,.416,.749,99
2006,San Diego Padres,127,40,59,47,37,1188,49,28.6,4.67,162,6213,5670,756,1540,266,42,172,703,106,37,404,974,.272,.325,.424,.749,95,2406
2006,Seattle Mariners,63,38,38,49,1110,44,33.5,4.63,161,6136,5472,746,1418,297,52,163,711,58,25,494,891,.259,.324,.422,.746,90,2308,136
2006,San Francisco Giants,80,37,76,1092,41,29.6,4.85,161,6225,5522,781,1484,292,27,184,745,59,32,531,922,.269,.337,.431,.769,97,2382,129,61
2006,St. Louis Cardinals,40,70,1158,49,27.3,4.25,162,6041,5474,689,1395,267,33,190,650,134,52,441,1106,.255,.314,.420,.733,89,2298,101,47,35
2006,Tampa Bay Devil Rays,23,1038,51,28.4,5.15,162,6273,5659,835,1571,357,23,183,799,53,24,505,1061,.278,.338,.446,.784,101,2523,148,40,18,50
2006,Texas Rangers,1139,42,28.6,4.99,162,6241,5596,809,1591,348,27,199,778,65,33,514,906,.284,.348,.463,.811,108,2590,166,63,16,52,31
2006,Toronto Blue Jays,57,28.5,4.60,162,6283,5495,746,1437,322,22,164,695,123,62,594,1156,.262,.338,.418,.756,98,2295,118,69,76,49,66,1194
2006,Washington Nationals,29.2,4.86,162,6269,5578,787,1502,304,32,180,750,92,37,528,1055,.269,.337,.432,.768,97,2409,132,61,55,47,47,1157,League Average
2007,Arizona Diamondbacks,47,26.6,4.40,162,6101,5398,712,1350,286,40,171,687,109,24,532,1111,.250,.321,.413,.734,83,2229,121,57,55,58,38,1090
2007,Atlanta Braves,27.6,5.00,162,6374,5689,810,1562,328,27,176,781,64,30,534,1149,.275,.339,.435,.774,101,2472,137,49,55,47,43,1205,49
2007,Baltimore Orioles,4.67,162,6264,5631,756,1529,306,30,142,718,144,42,500,939,.272,.333,.412,.746,95,2321,139,47,38,47,31,1152,40,30.1
2007,Boston Red Sox,162,6426,5589,867,1561,352,35,166,829,96,24,689,1042,.279,.362,.444,.806,107,2481,146,64,30,54,54,1291,47,29.3,4.64
2007,Chicago Cubs,6268,5643,752,1530,340,28,151,711,86,33,500,1054,.271,.333,.422,.754,90,2379,127,40,48,37,48,1190,43,29.7,4.28,162
2007,Chicago White Sox,5441,693,1341,249,20,190,667,78,45,532,1149,.246,.318,.404,.722,86,2200,138,52,41,35,33,1074,51,29.7,4.83,162,6332
2007,Cincinnati Reds,783,1496,293,23,204,747,97,31,536,1113,.267,.335,.436,.772,95,2447,140,66,73,46,51,1170,41,28.0,5.01,162,6367,5604
2007,Cleveland Indians,1504,305,27,178,784,72,41,590,1202,.268,.343,.428,.771,102,2397,114,80,32,59,56,1215,53,27.9,5.28,163,6498,5691,860
2007,Colorado Rockies,313,36,171,823,100,31,622,1152,.280,.354,.437,.791,98,2489,140,58,83,44,51,1251,44,30.9,5.48,162,6364,5757,887,1652
2007,Detroit Tigers,50,177,857,103,30,474,1054,.287,.345,.458,.802,108,2635,128,56,31,45,45,1148,50,26.7,4.88,162,6344,5627,790,1504,340
2007,Florida Marlins,201,749,105,34,521,1332,.267,.336,.448,.784,104,2523,107,82,72,42,46,1192,41,31.4,4.46,162,6324,5605,723,1457,293,30
2007,Houston Astros,700,65,33,547,1043,.260,.330,.412,.742,91,2311,142,55,77,40,40,1181,45,28.0,4.36,162,6140,5534,706,1447,300,46,102
2007,Kansas City Royals,78,44,428,1069,.261,.322,.388,.710,87,2145,151,89,41,47,34,1089,42,28.6,5.07,162,6198,5554,822,1578,324,23,123,776
2007,Los Angeles Angels of Anaheim,55,507,883,.284,.345,.417,.762,99,2317,146,40,32,65,55,1100,45,29.7,4.54,162,6282,5614,735,1544,276,35,129,706,137
2007,Los Angeles Dodgers,511,864,.275,.337,.406,.743,91,2277,116,41,58,55,41,1200,40,27.8,4.94,162,6238,5554,801,1455,310,37,231,774,96,32
2007,Milwaukee Brewers,1137,.262,.329,.456,.785,101,2532,112,76,60,47,60,1117,42,28.5,4.43,162,6161,5522,718,1460,273,36,118,671,112,30,512
2007,Minnesota Twins,.264,.330,.391,.721,94,2159,149,48,34,45,41,1121,49,30.8,4.96,162,6344,5605,804,1543,294,27,177,761,200,46,549,981
2007,New York Mets,.342,.432,.775,101,2422,114,54,77,58,64,1196,49,30.7,5.98,162,6528,5717,968,1656,326,32,201,929,123,40,637,991,.290
2007,New York Yankees,.463,.829,116,2649,138,78,41,54,32,1249,54,29.0,4.57,162,6365,5577,741,1430,295,16,171,711,52,20,664,1119,.256,.338
2007,Oakland Athletics,.745,101,2270,142,49,18,56,29,1258,46,28.8,5.51,162,6537,5688,892,1558,326,41,213,850,138,19,641,1205,.274,.354,.458
2007,Philadelphia Phillies,105,2605,125,90,65,52,74,1295,46,27.2,4.47,162,6214,5569,724,1463,322,31,148,694,68,30,463,1135,.263,.325,.411,.736
2007,Pittsburgh Pirates,2291,130,71,60,51,31,1119,49,29.9,4.55,163,6326,5612,741,1408,322,31,171,704,55,24,557,1229,.251,.322,.411,.732,97
2007,San Diego Padres,113,49,64,44,45,1152,44,29.9,4.90,162,6209,5684,794,1629,284,22,153,754,81,30,389,861,.287,.337,.425,.762,103,2416
2007,Seattle Mariners,62,33,40,32,1128,44,32.6,4.22,162,6213,5538,683,1407,267,37,131,641,119,33,532,907,.254,.322,.387,.708,82,2141,142
2007,San Francisco Giants,67,36,74,1141,45,30.3,4.48,162,6211,5529,725,1513,279,13,141,690,56,33,506,909,.274,.337,.405,.743,92,2241,154,54
2007,St. Louis Cardinals,54,47,1167,45,25.9,4.83,162,6280,5593,782,1500,291,36,187,750,131,48,545,1324,.268,.336,.433,.769,103,2424,119,53,34
2007,Tampa Bay Devil Rays,31,1166,50,29.4,5.04,162,6214,5555,816,1460,298,36,179,768,88,25,503,1224,.263,.328,.426,.754,97,2367,129,56,57,42
2007,Texas Rangers,1092,46,30.4,4.65,162,6197,5536,753,1434,344,24,165,719,57,22,533,1044,.259,.327,.419,.746,95,2321,127,47,33,48,32
2007,Toronto Blue Jays,47,27.9,4.15,162,6201,5520,673,1415,309,31,123,646,69,23,524,1128,.256,.325,.390,.715,89,2155,143,53,63,41,38,1163
2007,Washington Nationals,29.1,4.80,162,6287,5593,777,1499,307,31,165,742,97,33,536,1073,.268,.336,.423,.758,97,2364,133,58,51,48,44,1167,League Average
2008,Arizona Diamondbacks,41,26.7,4.44,162,6156,5409,720,1355,318,47,159,683,58,23,587,1287,.251,.327,.415,.742,88,2244,105,49,68,43,49,1142
2008,Atlanta Braves,27.1,4.65,162,6368,5604,753,1514,316,33,130,721,58,27,618,1023,.270,.345,.408,.753,99,2286,143,42,69,34,56,1274,46
2008,Baltimore Orioles,4.86,161,6211,5559,782,1486,322,30,172,750,81,37,533,990,.267,.333,.429,.762,100,2384,111,42,27,48,37,1134,47,29.8
2008,Boston Red Sox,162,6402,5596,845,1565,353,33,173,807,120,35,646,1068,.280,.358,.447,.805,107,2503,147,70,28,62,49,1262,42,30.0,5.31
2008,Chicago Cubs,6384,5588,855,1552,329,21,184,811,87,34,636,1186,.278,.354,.443,.797,103,2475,134,50,65,45,48,1237,39,30.6,4.98,163
2008,Chicago White Sox,5553,811,1458,296,13,235,785,67,34,540,1016,.263,.332,.448,.780,102,2485,157,63,28,47,33,1067,48,28.6,4.35,162,6188
2008,Cincinnati Reds,704,1351,269,24,187,677,85,47,560,1125,.247,.321,.408,.729,89,2229,101,50,72,41,50,1138,49,27.6,4.97,162,6299,5543
2008,Cleveland Indians,1455,339,22,171,772,77,29,560,1213,.262,.339,.424,.763,103,2351,123,103,43,49,44,1184,49,27.5,4.61,162,6312,5557,747
2008,Colorado Rockies,310,28,160,714,141,37,570,1209,.263,.336,.415,.751,89,2308,119,57,90,38,36,1207,46,30.3,5.07,162,6331,5641,821,1529
2008,Detroit Tigers,41,200,780,63,31,572,1076,.271,.340,.444,.784,105,2504,144,44,30,44,23,1159,45,28.0,4.78,161,6206,5499,770,1397,302
2008,Florida Marlins,208,741,76,28,543,1371,.254,.326,.433,.759,97,2379,98,69,49,46,50,1140,41,31.1,4.42,161,6051,5451,712,1432,284,22
2008,Houston Astros,684,114,52,449,1051,.263,.323,.415,.737,95,2261,116,52,57,41,42,1073,43,28.0,4.27,162,6118,5608,691,1507,303,28,120
2008,Kansas City Royals,79,38,392,1005,.269,.320,.397,.717,91,2226,144,50,32,36,31,1073,41,29.0,4.72,162,6155,5540,765,1486,274,25,159,721
2008,Los Angeles Angels of Anaheim,48,481,987,.268,.330,.413,.743,95,2287,140,52,32,50,52,1087,46,28.5,4.32,162,6194,5506,700,1455,271,29,137,659,126
2008,Los Angeles Dodgers,543,1032,.264,.333,.399,.732,93,2195,153,43,64,38,62,1161,44,28.6,4.63,162,6252,5535,750,1398,324,35,198,722,108,38
2008,Milwaukee Brewers,1203,.253,.325,.431,.757,99,2386,97,69,54,43,44,1153,40,26.2,5.09,163,6331,5641,829,1572,298,49,111,791,102,42,529
2008,Minnesota Twins,.279,.340,.408,.748,102,2301,142,36,52,72,48,1140,50,30.1,4.93,162,6388,5606,799,1491,274,38,172,751,138,36,619,1024
2008,New York Mets,.340,.420,.761,101,2357,129,39,73,49,71,1220,51,31.3,4.87,162,6257,5572,789,1512,289,20,180,758,118,39,535,1015,.271
2008,New York Yankees,.427,.769,101,2381,149,80,31,39,36,1160,51,27.2,4.01,161,6138,5451,646,1318,270,23,125,610,88,21,574,1226,.242,.318
2008,Oakland Athletics,.686,87,2009,126,48,30,35,23,1166,40,30.1,4.93,162,6273,5509,799,1407,291,36,214,762,136,25,586,1117,.255,.332,.438
2008,Philadelphia Phillies,99,2412,108,67,71,40,68,1154,47,28.4,4.54,162,6278,5628,735,1454,314,21,153,705,57,19,474,1039,.258,.320,.403,.723
2008,Pittsburgh Pirates,2269,111,59,66,51,40,1135,59,28.9,3.93,162,6244,5568,637,1390,264,27,154,615,36,17,518,1259,.250,.317,.390,.707,96
2008,San Diego Padres,129,53,59,46,35,1181,44,29.7,4.14,162,6176,5643,671,1498,285,20,124,631,90,32,417,890,.265,.318,.389,.707,90,2195
2008,Seattle Mariners,38,36,42,44,1151,49,29.6,3.95,162,6145,5543,640,1452,311,37,94,606,108,46,452,1044,.262,.321,.382,.703,83,2119,139
2008,San Francisco Giants,57,44,45,1148,43,28.8,4.81,162,6370,5636,779,1585,283,26,174,744,73,32,577,985,.281,.350,.433,.783,107,2442,150,42
2008,St. Louis Cardinals,44,63,1241,46,27.0,4.78,162,6312,5541,774,1443,284,37,180,735,142,50,626,1224,.260,.340,.422,.762,101,2341,111,68,23
2008,Tampa Bay Rays,33,1215,55,27.7,5.56,162,6478,5728,901,1619,376,35,194,867,81,25,595,1207,.283,.354,.462,.816,114,2647,117,63,37,54
2008,Texas Rangers,1238,43,31.0,4.41,162,6191,5503,714,1453,303,32,126,681,80,27,521,938,.264,.331,.399,.731,96,2198,150,59,48,56,34
2008,Toronto Blue Jays,50,27.8,3.98,161,6192,5491,641,1376,269,26,117,608,81,43,534,1095,.251,.323,.373,.696,84,2048,153,67,64,36,21,1178
2008,Washington Nationals,28.8,4.65,162,6254,5557,753,1466,300,30,163,718,93,34,545,1096,.264,.333,.416,.749,97,2313,129,56,51,46,44,1166,League Average
2009,Arizona Diamondbacks,45,26.5,4.44,162,6269,5565,720,1408,307,45,173,686,102,40,571,1298,.253,.324,.418,.742,91,2324,93,37,54,41,47,1173
2009,Atlanta Braves,28.8,4.54,162,6335,5539,735,1459,300,20,149,700,58,26,602,1064,.263,.339,.405,.744,97,2246,142,52,95,47,54,1223,48
2009,Baltimore Orioles,4.57,162,6233,5618,741,1508,307,19,160,708,76,37,517,1013,.268,.332,.415,.747,95,2333,131,39,13,46,25,1160,52,30.0
2009,Boston Red Sox,162,6344,5543,872,1495,335,25,212,822,126,39,659,1120,.270,.352,.454,.806,106,2516,137,70,19,51,39,1210,45,29.9,4.39
2009,Chicago Cubs,6244,5486,707,1398,293,29,161,678,56,34,592,1185,.255,.332,.407,.738,89,2232,134,59,65,42,44,1209,45,29.8,4.47,162
2009,Chicago White Sox,5463,724,1410,246,20,184,695,113,49,534,1022,.258,.329,.411,.740,90,2248,139,62,34,39,25,1086,46,27.9,4.15,162,6187
2009,Cincinnati Reds,673,1349,280,25,158,637,96,40,531,1129,.247,.318,.394,.712,87,2153,103,53,100,41,37,1131,52,27.4,4.77,162,6320,5568
2009,Cleveland Indians,1468,314,28,161,730,84,31,582,1211,.264,.339,.417,.756,102,2321,140,81,39,50,20,1198,45,27.8,4.96,162,6241,5398,804
2009,Colorado Rockies,300,50,190,760,106,55,660,1277,.261,.343,.441,.784,96,2378,111,47,76,60,40,1147,45,29.8,4.56,163,6234,5540,743,1443
2009,Detroit Tigers,35,183,718,72,33,540,1114,.260,.331,.416,.747,95,2307,131,61,53,39,30,1159,44,27.0,4.77,162,6312,5572,772,1493,296
2009,Florida Marlins,159,727,75,35,568,1226,.268,.340,.416,.756,97,2316,110,63,70,39,46,1214,42,31.6,3.97,162,6040,5436,643,1415,270,32
2009,Houston Astros,616,113,44,448,990,.260,.319,.400,.719,91,2175,153,43,66,45,37,1080,43,27.6,4.23,162,6103,5532,686,1432,276,51,144
2009,Kansas City Royals,88,29,457,1091,.259,.318,.405,.724,92,2242,135,42,38,32,20,1090,46,29.5,5.45,162,6305,5622,883,1604,293,33,173,841
2009,Los Angeles Angels of Anaheim,63,547,1054,.285,.350,.441,.792,108,2482,128,41,43,52,32,1134,47,29.7,4.81,162,6385,5592,780,1511,278,39,145,739,116
2009,Los Angeles Dodgers,607,1068,.270,.346,.412,.758,104,2302,141,63,78,44,76,1224,45,29.3,4.85,162,6296,5510,785,1447,281,37,182,757,68,37
2009,Milwaukee Brewers,1231,.263,.341,.426,.767,103,2348,128,71,58,47,44,1203,42,27.6,5.01,163,6346,5608,817,1539,271,40,172,770,85,32,585
2009,Minnesota Twins,.274,.345,.429,.774,104,2406,147,45,51,57,46,1185,53,29.5,4.14,162,6159,5453,671,1472,295,49,95,631,122,44,526,928
2009,New York Mets,.335,.394,.729,95,2150,144,36,88,55,49,1183,45,30.6,5.65,162,6449,5660,915,1604,325,21,244,881,111,28,663,1014,.283
2009,New York Yankees,.478,.839,114,2703,144,54,31,39,35,1238,51,29.1,4.69,162,6247,5584,759,1464,307,21,135,723,133,48,527,1046,.262,.328
2009,Oakland Athletics,.726,92,2218,130,50,31,54,16,1130,41,31.3,5.06,162,6338,5578,820,1439,312,35,224,788,119,28,589,1155,.258,.334,.447
2009,Philadelphia Phillies,104,2493,90,71,55,45,47,1192,49,27.0,3.95,161,6058,5417,636,1364,289,34,125,612,90,32,499,1142,.252,.318,.387,.705
2009,Pittsburgh Pirates,2096,124,46,60,36,44,1124,56,28.0,3.94,162,6179,5425,638,1315,265,31,141,605,82,29,586,1182,.242,.321,.381,.701,93
2009,San Diego Padres,131,57,74,36,52,1168,46,29.9,3.95,162,6113,5543,640,1430,280,19,160,613,89,33,421,1093,.258,.314,.402,.716,92,2228
2009,Seattle Mariners,49,56,44,39,1121,44,29.0,4.06,162,6057,5493,657,1411,275,43,122,612,78,28,392,1158,.257,.309,.389,.699,82,2138,115
2009,San Francisco Giants,67,55,41,1080,42,28.5,4.51,162,6168,5465,730,1436,294,29,160,694,75,31,528,1041,.263,.332,.415,.747,98,2268,127,61
2009,St. Louis Cardinals,43,73,1152,41,27.8,4.96,162,6223,5462,803,1434,297,36,199,765,194,61,642,1229,.263,.343,.439,.782,106,2400,104,49,25
2009,Tampa Bay Rays,36,1151,44,27.8,4.84,162,6127,5526,784,1436,296,27,224,748,149,36,472,1253,.260,.320,.445,.764,95,2458,97,37,40,51
2009,Texas Rangers,1059,44,29.9,4.93,162,6362,5696,798,1516,339,13,209,766,73,23,548,1028,.266,.333,.440,.773,102,2508,130,45,24,49,23
2009,Toronto Blue Jays,55,28.4,4.38,162,6273,5493,710,1416,271,38,156,685,73,40,617,1208,.258,.337,.406,.743,96,2231,133,56,64,42,39,1223
2009,Washington Nationals,28.9,4.61,162,6236,5528,747,1451,291,32,168,712,99,38,554,1120,.262,.333,.418,.751,97,2310,127,53,54,46,39,1161,League Average
2010,Arizona Diamondbacks,48,26.8,4.40,162,6183,5473,713,1366,301,34,180,691,86,41,589,1529,.250,.325,.416,.740,94,2275,113,39,41,41,45,1139
2010,Atlanta Braves,28.6,4.56,162,6252,5463,738,1411,312,25,139,699,63,29,634,1140,.258,.339,.401,.740,101,2190,136,51,69,35,50,1222,45
2010,Baltimore Orioles,3.78,162,6109,5554,613,1440,264,21,133,577,76,34,424,1056,.259,.316,.386,.702,92,2145,154,54,31,45,32,1139,53,30.9
2010,Boston Red Sox,162,6356,5646,818,1511,358,22,211,782,68,17,587,1140,.268,.339,.451,.790,109,2546,130,47,29,46,43,1200,44,29.3,4.23
2010,Chicago Cubs,6140,5512,685,1414,298,27,149,658,55,31,479,1236,.257,.320,.401,.721,90,2213,124,50,60,38,32,1129,40,30.6,4.64,162
2010,Chicago White Sox,5484,752,1467,263,21,177,710,160,74,467,922,.268,.332,.420,.752,102,2303,148,79,50,38,23,1046,44,29.0,4.88,162,6285
2010,Cincinnati Reds,790,1515,293,30,188,761,93,43,522,1218,.272,.338,.436,.774,106,2432,113,68,66,50,34,1174,45,27.2,3.99,162,6165,5487
2010,Cleveland Indians,1362,290,20,128,601,91,33,545,1184,.248,.322,.378,.700,96,2076,118,64,36,33,34,1186,43,28.8,4.75,162,6265,5530,770
2010,Colorado Rockies,270,54,173,741,99,42,585,1274,.263,.336,.425,.760,92,2349,103,47,56,47,53,1175,41,29.0,4.64,162,6312,5643,751,1515
2010,Detroit Tigers,32,152,717,69,30,546,1147,.268,.335,.415,.750,102,2343,118,41,41,41,50,1229,57,26.9,4.44,162,6194,5531,719,1403,294
2010,Florida Marlins,152,686,92,26,514,1375,.254,.321,.403,.724,92,2227,107,55,51,43,42,1154,48,29.6,3.77,162,6005,5452,611,1348,252,25
2010,Houston Astros,577,100,36,415,1025,.247,.303,.362,.665,81,1974,130,33,75,29,27,1060,46,28.9,4.17,162,6209,5604,676,1534,279,31,121
2010,Kansas City Royals,115,50,471,905,.274,.331,.399,.730,100,2238,152,35,45,53,25,1173,46,29.6,4.20,162,6089,5488,681,1363,276,19,155,656
2010,Los Angeles Angels of Anaheim,52,466,1070,.248,.311,.390,.702,94,2142,125,52,42,37,28,1049,49,30.3,4.12,162,6140,5426,667,1368,270,29,120,621,92
2010,Los Angeles Dodgers,533,1184,.252,.322,.379,.700,92,2056,123,46,85,50,57,1142,43,27.9,4.63,162,6304,5606,750,1471,293,33,182,710,81,26
2010,Milwaukee Brewers,1216,.262,.335,.424,.759,103,2376,115,81,35,35,35,1220,42,28.4,4.82,162,6257,5568,781,1521,318,41,142,749,68,28,559
2010,Minnesota Twins,.273,.341,.422,.762,109,2347,159,39,38,53,45,1156,47,28.4,4.05,162,6144,5465,656,1361,266,40,128,625,130,44,502,1095
2010,New York Mets,.314,.383,.697,90,2091,101,46,74,57,53,1124,43,30.3,5.30,162,6379,5567,859,1485,275,32,201,823,103,30,662,1136,.267
2010,New York Yankees,.436,.786,108,2427,124,73,33,44,36,1228,49,27.8,4.09,162,6117,5448,663,1396,276,30,109,619,156,38,527,1061,.256,.324
2010,Oakland Athletics,.702,92,2059,129,47,43,51,16,1159,42,31.8,4.77,162,6291,5581,772,1451,290,34,166,736,108,21,560,1064,.260,.332,.413
2010,Philadelphia Phillies,98,2307,120,63,44,43,69,1194,52,26.5,3.62,162,5974,5386,587,1303,276,27,126,570,87,36,463,1207,.242,.304,.373,.678
2010,Pittsburgh Pirates,2011,119,33,58,33,28,1078,40,29.1,4.10,162,6148,5434,665,1338,236,24,132,630,124,50,538,1183,.246,.317,.371,.689,93
2010,San Diego Padres,106,50,79,46,67,1125,47,29.5,3.17,162,5989,5409,513,1274,227,16,101,485,142,39,459,1184,.236,.298,.339,.637,79,1836
2010,Seattle Mariners,39,42,40,33,1116,42,29.5,4.30,162,6143,5488,697,1411,284,30,162,660,55,32,487,1099,.257,.321,.408,.729,98,2241,158
2010,San Francisco Giants,76,41,53,1092,42,28.8,4.54,162,6241,5542,736,1456,285,18,150,689,79,41,541,1027,.263,.332,.402,.733,100,2227,124,50
2010,St. Louis Cardinals,40,78,1164,37,27.5,4.95,162,6270,5439,802,1343,295,37,160,769,172,47,672,1292,.247,.333,.403,.736,105,2192,92,57,39
2010,Tampa Bay Rays,30,1152,48,28.3,4.86,162,6302,5635,787,1556,268,25,162,740,123,48,511,986,.276,.338,.419,.757,98,2360,129,45,53,54
2010,Texas Rangers,1174,44,29.3,4.66,162,6072,5495,755,1364,319,21,257,732,58,20,471,1164,.248,.312,.454,.766,105,2496,114,55,16,34,25
2010,Toronto Blue Jays,46,29.1,4.04,162,6100,5418,655,1355,250,31,149,634,110,41,503,1220,.250,.318,.390,.708,91,2114,125,60,71,47,36,1113
2010,Washington Nationals,28.9,4.38,162,6185,5512,710,1418,283,29,154,676,99,38,526,1144,.257,.325,.403,.728,97,2220,124,52,51,43,41,1144,League Average
2011,Arizona Diamondbacks,51,28.3,4.51,162,6096,5421,731,1357,293,37,172,702,133,55,531,1249,.250,.322,.413,.736,99,2240,82,61,50,33,55,1064
2011,Atlanta Braves,28.9,3.96,162,6169,5528,641,1345,244,16,173,606,77,44,504,1260,.243,.308,.387,.695,90,2140,113,28,75,30,45,1109,50
2011,Baltimore Orioles,4.37,162,6156,5585,708,1434,273,13,191,684,81,25,452,1120,.257,.316,.413,.729,97,2306,154,52,24,43,24,1069,49,30.0
2011,Boston Red Sox,162,6414,5710,875,1600,352,35,203,842,102,42,578,1108,.280,.349,.461,.810,116,2631,136,50,22,50,52,1190,42,29.2,4.04
2011,Chicago Cubs,6130,5549,654,1423,285,36,148,610,69,23,425,1202,.256,.314,.401,.715,95,2224,123,59,60,35,35,1141,42,30.0,4.04,162
2011,Chicago White Sox,5502,654,1387,252,16,154,625,81,53,475,989,.252,.319,.388,.706,89,2133,125,84,52,46,31,1126,42,28.6,4.54,162,6329
2011,Cincinnati Reds,735,1438,264,19,183,697,97,50,535,1250,.256,.326,.408,.734,98,2289,98,63,78,40,52,1189,46,27.8,4.35,162,6142,5509
2011,Cleveland Indians,1380,290,26,154,671,89,42,494,1269,.250,.317,.396,.714,100,2184,111,65,31,43,30,1075,55,28.6,4.54,162,6275,5544,735
2011,Colorado Rockies,274,40,163,697,118,42,555,1201,.258,.329,.410,.739,88,2272,112,57,75,44,54,1172,45,28.7,4.86,162,6231,5563,787,1540
2011,Detroit Tigers,34,169,750,49,20,521,1143,.277,.340,.434,.773,109,2412,142,39,50,58,47,1165,44,27.4,3.86,162,6232,5508,625,1358,274
2011,Florida Marlins,149,596,95,41,542,1244,.247,.318,.388,.706,93,2139,111,51,89,42,38,1198,47,28.2,3.80,162,6150,5598,615,1442,309,28
2011,Houston Astros,579,118,33,401,1164,.258,.311,.374,.684,89,2092,111,46,66,37,34,1154,42,25.8,4.51,162,6267,5672,730,1560,325,41,129
2011,Kansas City Royals,153,58,442,1006,.275,.329,.415,.744,104,2354,121,39,55,57,37,1156,43,28.9,4.12,162,6088,5513,667,1394,289,34,155,629
2011,Los Angeles Angels of Anaheim,52,442,1086,.253,.313,.402,.714,102,2216,126,51,50,32,33,1051,48,29.8,4.00,161,6094,5436,644,1395,237,28,117,613,126
2011,Los Angeles Dodgers,498,1087,.257,.322,.375,.697,95,2039,101,45,71,43,61,1165,48,28.9,4.45,162,6113,5447,721,1422,276,31,185,693,94,31
2011,Milwaukee Brewers,1083,.261,.325,.425,.750,102,2315,114,56,85,44,53,1110,45,27.5,3.82,162,6020,5487,619,1357,259,25,103,572,92,39,440
2011,Minnesota Twins,.247,.306,.360,.666,84,1975,115,37,31,25,24,1080,46,28.0,4.43,162,6335,5600,718,1477,309,39,108,676,130,35,571,1085
2011,New York Mets,.335,.391,.725,103,2188,112,51,65,48,56,1257,48,30.6,5.35,162,6306,5518,867,1452,267,33,222,836,147,46,627,1138,.263
2011,New York Yankees,.444,.788,110,2451,146,74,36,51,34,1114,48,29.1,3.98,162,6104,5452,645,1330,280,29,114,612,117,43,509,1094,.244,.311
2011,Oakland Athletics,.680,88,2010,119,50,34,57,20,1106,42,31.5,4.40,162,6279,5579,713,1409,258,38,153,693,96,24,539,1024,.253,.323,.395
2011,Philadelphia Phillies,96,2202,108,56,65,38,52,1197,52,27.2,3.77,162,6064,5421,610,1325,277,35,107,580,108,52,489,1308,.244,.309,.368,.676
2011,Pittsburgh Pirates,1993,123,34,75,44,31,1079,48,28.0,3.66,162,6074,5417,593,1284,247,42,91,563,170,44,501,1320,.237,.305,.349,.653,85
2011,San Diego Padres,105,48,55,47,42,1103,47,29.4,3.43,162,5972,5421,556,1263,253,22,109,534,125,40,435,1280,.233,.292,.348,.640,84,1887
2011,Seattle Mariners,37,38,41,33,1083,44,30.2,3.52,162,6091,5486,570,1327,282,24,121,534,85,51,448,1122,.242,.303,.368,.671,91,2020,117
2011,San Francisco Giants,62,43,47,1127,46,29.3,4.70,162,6242,5532,762,1513,308,22,162,726,57,39,542,978,.273,.341,.425,.766,112,2351,169,44
2011,St. Louis Cardinals,40,64,1127,42,28.3,4.36,162,6152,5436,707,1324,273,37,172,674,155,62,571,1193,.244,.322,.402,.724,104,2187,101,73,37
2011,Tampa Bay Rays,31,1118,45,29.1,5.28,162,6261,5659,855,1599,310,32,210,807,143,45,475,930,.283,.340,.460,.800,110,2603,135,39,39,49
2011,Texas Rangers,1126,53,28.3,4.59,162,6210,5559,743,1384,285,34,186,704,131,52,525,1184,.249,.317,.413,.730,96,2295,108,48,31,47,41
2011,Toronto Blue Jays,44,28.4,3.88,161,6090,5441,624,1319,257,22,154,594,106,38,470,1323,.242,.309,.383,.691,89,2082,103,65,82,32,40,1114
2011,Washington Nationals,28.7,4.28,162,6175,5524,694,1409,280,30,152,660,109,42,501,1150,.255,.321,.399,.720,97,2204,117,52,56,42,41,1128,League Average
2012,Arizona Diamondbacks,48,28.3,4.53,162,6150,5462,734,1416,307,33,165,710,93,51,539,1266,.259,.328,.418,.746,99,2284,108,41,61,45,47,1122
2012,Atlanta Braves,28.4,4.32,162,6126,5425,700,1341,263,30,149,660,101,32,567,1289,.247,.320,.389,.709,90,2111,108,34,53,46,37,1127,52
2012,Baltimore Orioles,4.40,162,6160,5560,712,1375,270,16,214,677,58,29,480,1315,.247,.311,.417,.728,97,2319,152,50,38,30,24,1027,56,29.4
2012,Boston Red Sox,162,6166,5604,734,1459,339,16,165,695,97,31,428,1197,.260,.315,.415,.730,96,2325,105,45,34,55,27,1076,53,27.8,3.78
2012,Chicago Cubs,5967,5411,613,1297,265,36,137,570,94,45,447,1235,.240,.302,.378,.680,83,2045,125,43,42,24,29,1044,45,30.0,4.62,162
2012,Chicago White Sox,5518,748,1409,228,29,211,726,109,43,461,1203,.255,.318,.422,.740,98,2328,112,65,31,36,24,1038,38,28.8,4.13,162,6115
2012,Cincinnati Reds,669,1377,296,30,172,636,87,27,481,1266,.251,.315,.411,.726,93,2249,100,47,73,37,54,1135,48,27.8,4.12,162,6195,5525
2012,Cleveland Indians,1385,266,24,136,635,110,44,555,1087,.251,.324,.381,.705,99,2107,141,59,17,39,28,1162,49,28.0,4.68,162,6183,5577,758
2012,Colorado Rockies,306,52,166,716,100,40,450,1213,.274,.330,.436,.766,93,2434,132,36,74,39,34,1111,47,27.9,4.48,162,6119,5476,726,1467
2012,Detroit Tigers,39,163,698,59,23,511,1103,.268,.335,.422,.757,103,2313,156,57,36,39,46,1121,50,26.6,3.60,162,6014,5407,583,1276,238
2012,Houston Astros,146,545,105,46,463,1365,.236,.302,.371,.673,82,2008,114,58,54,30,19,1090,46,26.1,4.17,162,6149,5636,676,1492,295,37
2012,Kansas City Royals,643,132,38,404,1032,.265,.317,.400,.716,94,2254,130,42,26,41,35,1087,44,28.7,4.73,162,6121,5536,767,1518,273,22,187
2012,Los Angeles Angels of Anaheim,134,33,449,1113,.274,.332,.433,.764,114,2396,138,47,47,41,29,1079,50,30.4,3.93,162,6091,5438,637,1369,269,23,116,607
2012,Los Angeles Dodgers,44,481,1156,.252,.317,.374,.690,91,2032,139,52,82,38,49,1112,45,28.3,3.76,162,6057,5437,609,1327,261,39,137,576,149
2012,Miami Marlins,484,1228,.244,.308,.382,.690,85,2077,114,35,60,40,46,1092,46,29.1,4.79,162,6225,5557,776,1442,300,39,202,741,158,39
2012,Milwaukee Brewers,1240,.259,.325,.437,.762,101,2426,111,90,76,35,35,1104,47,28.8,4.33,162,6209,5562,701,1448,270,30,131,666,135,37,505
2012,Minnesota Twins,.260,.325,.390,.715,98,2171,149,53,33,56,28,1144,49,27.9,4.01,162,6091,5450,650,1357,286,21,139,625,79,38,503,1250
2012,New York Mets,.316,.386,.701,94,2102,118,42,64,30,43,1118,45,32.9,4.96,162,6231,5524,804,1462,280,13,245,774,93,27,565,1176,.265
2012,New York Yankees,.453,.790,112,2503,136,62,31,49,31,1135,50,27.7,4.40,162,6183,5527,713,1315,267,32,195,676,122,32,550,1387,.238,.310
2012,Oakland Athletics,.714,99,2231,97,45,27,34,29,1095,49,31.1,4.22,162,6172,5544,684,1414,271,28,158,659,116,23,454,1094,.255,.317,.400
2012,Philadelphia Phillies,92,2215,114,63,72,39,41,1135,49,27.7,4.02,162,6014,5412,651,1313,241,37,170,620,73,52,444,1354,.243,.304,.395,.699
2012,Pittsburgh Pirates,2138,98,51,62,45,32,1049,53,27.4,4.02,162,6112,5422,651,1339,272,43,121,610,155,46,539,1238,.247,.319,.380,.699,97
2012,San Diego Padres,100,54,63,34,36,1146,38,27.1,3.82,162,6057,5494,619,1285,241,27,149,584,104,35,466,1259,.234,.296,.369,.665,88,2027
2012,Seattle Mariners,30,32,35,21,1052,45,27.8,4.43,162,6200,5558,718,1495,287,57,103,675,118,39,483,1097,.269,.327,.397,.724,106,2205,114
2012,San Francisco Giants,69,61,44,1171,45,29.2,4.72,162,6326,5622,765,1526,290,37,159,732,91,37,533,1192,.271,.338,.421,.759,107,2367,135,53
2012,St. Louis Cardinals,49,45,1198,43,29.7,4.30,162,6105,5398,697,1293,250,30,175,665,134,44,571,1323,.240,.317,.394,.711,99,2128,133,58,34
2012,Tampa Bay Rays,26,1058,39,29.7,4.99,162,6216,5590,808,1526,303,32,200,780,91,44,478,1103,.273,.334,.446,.780,105,2493,121,57,36,53
2012,Texas Rangers,1113,54,27.8,4.42,162,6094,5487,716,1346,247,22,198,677,123,41,473,1251,.245,.309,.407,.716,94,2231,109,55,33,45,29
2012,Toronto Blue Jays,43,27.2,4.51,162,6221,5615,731,1468,301,25,194,688,105,35,479,1325,.261,.322,.428,.750,101,2401,110,41,50,36,43,1127
2012,Washington Nationals,28.5,4.32,162,6139,5508,701,1402,275,31,164,667,108,38,490,1214,.255,.319,.405,.724,97,2233,120,50,49,41,35,1103,League Average
2013,Arizona Diamondbacks,44,28.1,4.23,162,6334,5676,685,1468,302,31,130,647,62,41,519,1142,.259,.323,.391,.715,96,2222,160,43,50,43,51,1160
2013,Atlanta Braves,26.8,4.25,162,6133,5441,688,1354,247,21,181,656,64,31,542,1384,.249,.321,.402,.723,99,2186,119,55,58,35,36,1132,52
2013,Baltimore Orioles,4.60,162,6144,5620,745,1460,298,14,212,719,79,29,416,1125,.260,.313,.431,.744,101,2422,105,36,27,45,36,1053,48,29.6
2013,Boston Red Sox,162,6382,5651,853,1566,363,29,178,819,123,19,581,1308,.277,.349,.446,.795,116,2521,137,72,24,50,51,1212,56,27.9,3.72
2013,Chicago Cubs,6079,5498,602,1307,297,18,172,576,63,32,439,1230,.238,.300,.392,.693,89,2156,120,67,43,30,28,1092,47,29.2,3.69,162
2013,Chicago White Sox,5563,598,1385,237,19,148,574,105,42,411,1207,.249,.302,.378,.680,84,2104,124,34,19,48,23,1068,39,28.5,4.31,162,6293
2013,Cincinnati Reds,698,1370,274,20,155,664,67,35,585,1245,.249,.327,.391,.718,98,2149,129,76,85,46,65,1191,49,28.6,4.60,162,6165,5465
2013,Cleveland Indians,1391,290,23,171,711,117,36,562,1283,.255,.327,.410,.737,107,2240,106,51,31,56,19,1126,43,27.7,4.36,162,6152,5599,706
2013,Colorado Rockies,283,36,159,673,112,32,427,1204,.270,.323,.418,.741,91,2343,111,26,65,35,26,1118,39,30.0,4.91,162,6388,5735,796,1625
2013,Detroit Tigers,23,176,767,35,20,531,1073,.283,.346,.434,.780,111,2491,146,43,32,47,40,1250,50,25.8,3.77,162,6020,5457,610,1307,266
2013,Houston Astros,148,566,110,61,426,1535,.240,.299,.375,.674,86,2049,110,52,46,38,17,1007,43,26.9,4.00,162,6093,5549,648,1443,254,34
2013,Kansas City Royals,620,153,32,422,1048,.260,.315,.379,.694,89,2101,131,42,37,42,38,1110,49,27.8,4.52,162,6260,5588,733,1476,270,39,164
2013,Los Angeles Angels of Anaheim,82,34,523,1221,.264,.329,.414,.743,110,2316,150,48,37,64,40,1144,49,30.6,4.01,162,6145,5491,649,1447,281,17,138,618
2013,Los Angeles Dodgers,28,476,1146,.264,.326,.396,.722,103,2176,130,57,71,48,45,1175,53,27.7,3.17,162,6021,5449,513,1257,219,31,95,485,78
2013,Miami Marlins,432,1232,.231,.293,.335,.627,73,1823,131,56,57,26,31,1080,40,27.9,3.95,162,6064,5474,640,1381,238,43,157,610,142,50
2013,Milwaukee Brewers,1183,.252,.311,.398,.708,93,2176,116,71,77,35,22,1071,44,28.2,3.79,162,6212,5564,614,1346,285,15,151,590,52,33,533
2013,Minnesota Twins,.242,.312,.380,.692,90,2114,103,52,29,32,20,1206,53,28.3,3.82,162,6207,5559,619,1318,263,32,130,593,114,35,512,1384
2013,New York Mets,.306,.366,.672,91,2035,106,51,53,32,40,1137,56,31.9,4.01,162,6045,5449,650,1321,247,24,144,614,115,31,466,1214,.242
2013,New York Yankees,.376,.683,88,2048,121,57,36,36,33,1064,44,28.3,4.73,162,6209,5521,767,1403,301,25,186,725,74,28,573,1178,.254,.327
2013,Oakland Athletics,.745,107,2312,108,45,21,49,29,1126,51,30.0,3.77,162,6014,5456,610,1355,255,32,140,578,73,29,417,1205,.248,.306,.384
2013,Philadelphia Phillies,91,2094,131,53,57,31,41,1061,49,27.9,3.91,162,6135,5486,634,1346,273,35,161,603,94,42,469,1330,.245,.313,.396,.709
2013,Pittsburgh Pirates,2172,120,88,62,29,41,1126,47,28.1,3.81,162,6122,5517,618,1349,246,26,146,578,118,34,467,1309,.245,.308,.378,.686,97
2013,San Diego Padres,99,52,52,34,36,1126,47,28.7,3.85,162,6172,5558,624,1318,249,17,188,597,49,23,529,1353,.237,.306,.390,.695,98,2165
2013,Seattle Mariners,31,26,28,21,1131,44,28.7,3.88,162,6168,5552,629,1446,280,35,107,596,67,26,469,1078,.260,.320,.381,.702,100,2117,131
2013,San Francisco Giants,66,42,40,1187,44,28.7,4.83,162,6202,5557,783,1494,322,20,125,745,45,22,481,1110,.269,.332,.401,.733,102,2231,154,64
2013,St. Louis Cardinals,44,38,1087,42,29.5,4.29,163,6242,5538,700,1421,296,23,165,670,73,38,589,1171,.257,.329,.408,.737,106,2258,140,36,24
2013,Tampa Bay Rays,31,1172,46,29.6,4.48,163,6196,5585,730,1465,262,23,176,691,149,46,462,1067,.262,.323,.412,.735,100,2301,124,61,45,42
2013,Texas Rangers,1110,53,28.9,4.40,162,6152,5537,712,1398,273,24,185,669,112,41,510,1123,.252,.318,.411,.729,99,2274,133,38,29,38,19
2013,Toronto Blue Jays,44,27.7,4.05,162,6047,5436,656,1365,259,27,161,621,88,28,464,1192,.251,.313,.398,.710,94,2161,115,40,68,39,35,1071
2013,Washington Nationals,28.5,4.17,162,6162,5536,675,1403,274,26,155,642,90,34,488,1224,.253,.318,.396,.714,97,2195,124,51,46,41,34,1122,League Average
2014,Arizona Diamondbacks,52,27.6,3.80,162,6089,5552,615,1379,259,47,118,573,86,33,398,1165,.248,.302,.376,.678,88,2086,115,43,56,36,31,1092
2014,Atlanta Braves,26.8,3.54,162,6064,5468,573,1316,240,22,123,545,95,33,472,1369,.241,.305,.360,.665,88,1969,121,43,53,27,31,1128,44
2014,Baltimore Orioles,4.35,162,6130,5596,705,1434,264,16,211,681,44,20,401,1285,.256,.311,.422,.734,104,2363,112,62,35,36,29,1088,55,29.1
2014,Boston Red Sox,162,6226,5551,634,1355,282,20,123,601,63,25,535,1337,.244,.316,.369,.684,91,2046,138,68,20,52,36,1168,48,26.8,3.79
2014,Chicago Cubs,6102,5508,614,1315,270,31,157,590,65,40,442,1477,.239,.300,.385,.684,89,2118,94,54,57,41,29,1069,44,27.7,4.07,162
2014,Chicago White Sox,5543,660,1400,279,32,155,625,85,36,417,1362,.253,.310,.398,.708,102,2208,127,60,19,38,33,1071,45,29.0,3.67,162,5978
2014,Cincinnati Reds,595,1282,254,20,131,562,122,52,415,1252,.238,.296,.365,.661,85,1969,88,52,76,37,22,1037,46,28.6,4.13,162,6222,5575
2014,Cleveland Indians,1411,284,23,142,644,104,27,504,1189,.253,.317,.389,.706,97,2167,126,42,51,49,24,1154,49,27.3,4.66,162,6164,5612,755
2014,Colorado Rockies,307,41,186,721,85,48,397,1281,.276,.327,.445,.772,102,2498,121,48,59,48,39,1072,48,29.8,4.67,162,6202,5630,757,1557
2014,Detroit Tigers,26,155,731,106,41,443,1144,.277,.331,.426,.757,113,2399,137,44,24,61,51,1111,48,25.4,3.88,162,6055,5447,629,1317,240
2014,Houston Astros,163,596,122,37,495,1442,.242,.309,.383,.692,96,2084,122,55,22,36,27,1086,48,28.2,4.02,162,6058,5545,651,1456,286,29
2014,Kansas City Royals,604,153,36,380,985,.263,.314,.376,.690,92,2085,131,53,33,47,22,1080,54,29.3,4.77,162,6285,5652,773,1464,304,31,155
2014,Los Angeles Angels of Anaheim,81,39,492,1266,.259,.322,.406,.728,110,2295,112,60,26,54,42,1113,49,29.4,4.43,162,6231,5560,718,1476,302,38,134,686
2014,Los Angeles Dodgers,50,519,1246,.265,.333,.406,.738,110,2256,119,61,47,43,30,1159,45,27.4,3.98,162,6185,5538,645,1399,254,36,122,614,58
2014,Miami Marlins,501,1419,.253,.317,.378,.694,94,2091,143,35,71,39,49,1145,40,28.8,4.01,162,6065,5462,650,1366,297,28,150,617,102,43
2014,Milwaukee Brewers,1197,.250,.311,.397,.708,95,2169,135,73,70,37,32,1049,48,27.5,4.41,162,6233,5567,715,1412,316,27,128,675,99,36,544
2014,Minnesota Twins,.254,.324,.389,.713,100,2166,97,53,25,44,29,1176,45,28.4,3.88,162,6145,5472,629,1306,275,19,125,602,101,34,516,1264
2014,New York Mets,.308,.364,.673,93,1994,112,54,59,44,42,1123,58,32.8,3.91,162,6082,5497,633,1349,247,26,147,591,112,26,452,1133,.245
2014,New York Yankees,.380,.687,94,2089,111,56,29,47,16,1098,45,29.6,4.50,162,6245,5545,729,1354,253,33,146,686,83,20,586,1104,.244,.320
2014,Oakland Athletics,.700,100,2111,118,49,19,43,34,1147,49,30.7,3.82,162,6198,5603,619,1356,251,27,125,584,109,26,443,1306,.242,.302,.363
2014,Philadelphia Phillies,85,2036,94,55,59,37,42,1147,45,27.3,4.21,162,6224,5536,682,1436,275,30,156,659,104,47,520,1244,.259,.330,.404,.734
2014,Pittsburgh Pirates,2239,127,78,54,35,46,1192,51,27.9,3.30,162,5905,5294,535,1199,224,30,109,500,91,34,468,1294,.226,.292,.342,.634,84
2014,San Diego Padres,118,41,56,45,27,1033,44,27.5,3.91,162,5977,5450,634,1328,247,32,136,600,96,42,396,1232,.244,.300,.376,.676,95,2047
2014,Seattle Mariners,60,35,34,33,1008,46,28.6,4.10,162,6087,5523,665,1407,257,42,132,636,56,27,427,1245,.255,.311,.388,.699,100,2144,113
2014,San Francisco Giants,45,49,37,1095,46,28.5,3.82,162,6086,5426,619,1371,275,21,105,585,57,32,471,1133,.253,.320,.369,.689,93,2003,140,86
2014,St. Louis Cardinals,39,28,1145,43,29.3,3.78,162,6205,5516,612,1361,263,24,117,586,63,27,527,1124,.247,.317,.367,.684,96,2023,135,66,43
2014,Tampa Bay Rays,31,1193,64,28.4,3.93,162,6026,5460,637,1400,260,28,111,597,105,59,417,1162,.256,.314,.375,.689,92,2049,148,61,41,45
2014,Texas Rangers,1066,55,29.2,4.46,162,6167,5549,723,1435,282,24,177,690,78,21,502,1151,.259,.323,.414,.736,108,2296,128,41,35,40,27
2014,Toronto Blue Jays,40,28.7,4.23,162,6216,5542,686,1403,265,27,152,635,101,23,517,1304,.253,.321,.393,.714,96,2178,115,56,60,41,29,1160
2014,Washington Nationals,28.5,4.07,162,6131,5520,659,1386,271,28,140,625,92,34,467,1248,.251,.314,.386,.700,97,2133,120,55,45,43,33,1111,League Average
2015,Arizona Diamondbacks,50,26.5,4.44,162,6276,5649,720,1494,289,48,154,680,132,44,490,1312,.264,.324,.414,.738,97,2341,134,33,46,57,40,1153
2015,Atlanta Braves,28.8,3.54,162,6034,5420,573,1361,251,18,100,548,69,33,471,1107,.251,.314,.359,.674,87,1948,148,44,67,31,39,1145,48
2015,Baltimore Orioles,4.40,162,6007,5485,713,1370,246,20,217,686,44,25,418,1331,.250,.307,.421,.728,97,2307,127,51,20,32,23,990,51,28.2
2015,Boston Red Sox,162,6237,5640,748,1495,294,33,161,706,71,27,478,1148,.265,.325,.415,.740,97,2338,127,46,30,42,28,1142,50,26.9,4.25
2015,Chicago Cubs,6200,5491,689,1341,272,30,171,657,95,37,567,1518,.244,.321,.398,.719,98,2186,101,74,32,35,47,1165,40,28.2,3.84,162
2015,Chicago White Sox,5533,622,1381,260,27,136,595,68,42,404,1231,.250,.306,.380,.686,92,2103,125,65,30,37,22,1065,50,29.5,3.95,162,6196
2015,Cincinnati Reds,640,1382,257,27,167,613,134,38,496,1255,.248,.312,.394,.706,92,2194,112,42,47,40,38,1148,49,28.0,4.16,161,6109,5439
2015,Cleveland Indians,1395,303,29,141,640,86,28,533,1157,.256,.325,.401,.725,93,2179,134,39,47,50,34,1147,51,28.0,4.55,162,6071,5572,737
2015,Colorado Rockies,274,49,186,702,97,43,388,1283,.265,.315,.432,.748,89,2409,114,33,44,34,47,1016,47,28.3,4.28,161,6159,5605,689,1515
2015,Detroit Tigers,49,151,660,83,51,455,1259,.270,.328,.420,.748,105,2355,152,41,23,35,36,1111,46,26.3,4.50,162,6073,5459,729,1363,278
2015,Houston Astros,230,691,121,48,486,1392,.250,.315,.437,.752,107,2383,102,56,28,43,22,1036,45,29.1,4.47,162,6116,5575,724,1497,300,42
2015,Kansas City Royals,689,104,34,383,973,.269,.322,.412,.734,98,2298,133,77,34,47,28,1079,51,28.7,4.08,162,5990,5417,661,1331,243,21,176
2015,Los Angeles Angels of Anaheim,52,34,435,1150,.246,.307,.396,.702,97,2144,116,58,37,40,34,1013,55,29.6,4.12,162,6090,5385,667,1346,263,26,187,638
2015,Los Angeles Dodgers,34,563,1258,.250,.326,.413,.739,106,2222,135,60,49,30,31,1121,51,27.9,3.78,162,5988,5463,613,1420,236,40,120,575,112
2015,Miami Marlins,375,1150,.260,.310,.384,.694,93,2096,133,39,71,40,30,1059,49,28.1,4.04,162,6024,5480,655,1378,274,34,145,624,84,29
2015,Milwaukee Brewers,1299,.251,.307,.393,.700,91,2155,130,41,55,34,35,1026,44,28.2,4.30,162,6017,5467,696,1349,277,44,156,661,70,38,439
2015,Minnesota Twins,.247,.305,.399,.704,92,2182,133,40,30,41,31,993,49,28.6,4.22,162,6145,5527,683,1351,295,17,177,654,51,25,488,1290
2015,New York Mets,.312,.400,.712,96,2211,130,68,29,32,42,1098,56,31.4,4.72,162,6268,5567,764,1397,272,19,212,737,63,25,554,1227,.251
2015,New York Yankees,.421,.744,102,2343,105,63,24,54,23,1151,52,27.9,4.28,162,6171,5600,694,1405,277,46,146,661,78,29,475,1119,.251,.312
2015,Oakland Athletics,.707,96,2212,124,40,14,38,21,1102,50,28.0,3.86,162,6053,5529,626,1374,272,37,130,586,88,32,387,1274,.249,.303,.382
2015,Philadelphia Phillies,89,2110,119,54,53,29,20,1066,46,28.2,4.30,162,6285,5631,697,1462,292,27,140,661,98,45,461,1322,.260,.323,.396,.719
2015,Pittsburgh Pirates,2228,115,89,63,41,46,1166,46,27.7,4.01,162,6019,5457,650,1324,260,36,148,623,82,29,426,1327,.243,.300,.385,.685,91
2015,San Diego Padres,108,40,52,42,22,1028,51,28.6,4.05,162,6131,5544,656,1379,262,22,198,624,69,45,478,1336,.249,.311,.411,.722,101,2279
2015,Seattle Mariners,36,38,35,31,1080,48,28.9,4.30,162,6153,5565,696,1486,288,39,136,663,93,36,457,1159,.267,.326,.406,.732,101,2260,142
2015,San Francisco Giants,45,37,30,1130,46,28.4,3.99,162,6139,5484,647,1386,288,39,137,619,69,38,506,1267,.253,.321,.394,.716,95,2163,128,66
2015,St. Louis Cardinals,42,47,1152,51,28.5,3.98,162,6071,5485,644,1383,278,32,167,612,87,45,436,1310,.252,.314,.406,.720,100,2226,121,84,19
2015,Tampa Bay Rays,22,1075,57,28.7,4.64,162,6187,5511,751,1419,279,32,172,707,101,39,503,1233,.257,.325,.413,.739,98,2278,99,76,43,54
2015,Texas Rangers,1130,52,29.5,5.50,162,6232,5509,891,1480,308,17,232,852,88,23,570,1151,.269,.340,.457,.797,115,2518,140,54,36,62,12
2015,Toronto Blue Jays,44,28.4,4.34,162,6117,5428,703,1363,265,13,177,665,57,23,539,1344,.251,.321,.403,.724,96,2185,129,44,55,51,38,1114
2015,Washington Nationals,28.4,4.25,162,6121,5516,688,1404,275,31,164,655,84,35,469,1248,.254,.317,.405,.721,97,2232,125,53,40,41,32,1092,League Average
2016,Arizona Diamondbacks,50,26.7,4.64,162,6260,5665,752,1479,285,56,190,709,137,31,463,1427,.261,.320,.432,.752,93,2446,117,50,43,38,43,1113
2016,Atlanta Braves,28.9,4.03,161,6192,5514,649,1404,295,27,122,615,75,34,502,1240,.255,.321,.384,.705,89,2119,145,59,64,52,60,1160,47
2016,Baltimore Orioles,4.59,162,6089,5524,744,1413,265,6,253,710,19,13,468,1324,.256,.317,.443,.760,101,2449,119,44,17,36,19,1065,50,28.5
2016,Boston Red Sox,162,6320,5670,878,1598,343,25,208,836,83,24,558,1160,.282,.348,.461,.810,112,2615,137,43,8,40,34,1162,45,27.4,4.99
2016,Chicago Cubs,6335,5503,808,1409,293,30,199,767,66,34,656,1339,.256,.343,.429,.772,104,2359,107,96,42,37,45,1217,50,28.3,4.23,162
2016,Chicago White Sox,5550,686,1428,277,33,168,656,77,36,455,1285,.257,.317,.410,.727,99,2275,122,53,29,44,16,1105,52,27.8,4.42,162,6094
2016,Cincinnati Reds,716,1403,277,33,164,678,139,51,452,1284,.256,.316,.408,.724,91,2238,129,52,58,44,37,1014,48,29.0,4.83,161,6155,5484
2016,Cleveland Indians,1435,308,29,185,733,134,31,531,1246,.262,.329,.430,.759,96,2356,137,49,31,60,16,1084,47,27.8,5.22,162,6236,5614,845
2016,Colorado Rockies,318,47,204,805,66,39,494,1330,.275,.336,.457,.794,97,2568,113,40,54,34,35,1089,44,29.9,4.66,161,6127,5526,750,1476
2016,Detroit Tigers,30,211,719,58,29,493,1303,.267,.331,.438,.769,106,2421,135,53,17,38,32,1105,43,26.4,4.47,162,6204,5545,724,1367,291
2016,Houston Astros,198,689,102,44,554,1452,.247,.319,.417,.735,103,2310,134,47,27,31,31,1086,42,28.5,4.17,162,6052,5552,675,1450,264,33
2016,Kansas City Royals,640,121,35,382,1224,.261,.312,.400,.712,90,2221,134,45,38,34,23,1049,53,28.5,4.43,162,6041,5431,717,1410,279,20,156
2016,Los Angeles Angels,73,34,471,991,.260,.322,.405,.726,100,2197,147,51,36,49,21,1037,55,28.9,4.48,162,6164,5518,725,1376,272,21,189,680
2016,Los Angeles Dodgers,26,525,1321,.249,.319,.409,.728,95,2257,120,58,30,32,31,1106,53,28.3,4.07,161,6134,5547,655,1460,259,42,128,626,71
2016,Miami Marlins,447,1213,.263,.322,.394,.716,96,2187,140,54,46,38,40,1171,50,27.5,4.14,162,6061,5330,671,1299,249,19,194,641,181,56
2016,Milwaukee Brewers,1543,.244,.322,.407,.729,92,2168,131,37,53,39,34,1071,49,26.9,4.46,162,6245,5618,722,1409,288,35,200,690,91,32,513
2016,Minnesota Twins,.251,.316,.421,.738,98,2367,96,44,27,43,24,1124,46,29.5,4.14,162,6115,5459,671,1342,240,19,218,649,42,18,517,1302
2016,New York Mets,.316,.417,.733,97,2274,123,62,35,41,43,1120,53,30.1,4.20,162,6059,5458,680,1378,245,20,183,647,72,22,475,1188,.252
2016,New York Yankees,.405,.720,91,2212,121,42,21,49,19,1098,51,28.7,4.03,162,6022,5500,653,1352,270,21,169,634,50,23,442,1145,.246,.304
2016,Oakland Athletics,.699,91,2171,142,33,13,34,19,1036,49,26.9,3.77,162,5992,5434,610,1305,231,35,161,574,96,45,424,1376,.240,.301,.384
2016,Philadelphia Phillies,82,2089,112,58,46,30,33,1043,55,28.9,4.50,162,6261,5542,729,1426,277,32,153,696,110,45,561,1334,.257,.332,.402,.734
2016,Pittsburgh Pirates,2226,133,81,41,36,39,1173,58,28.1,4.23,162,6001,5419,686,1275,257,26,177,654,125,45,449,1500,.235,.299,.390,.689,86
2016,San Diego Padres,93,58,36,36,30,965,54,30.5,4.74,162,6227,5583,768,1446,251,17,223,735,56,28,506,1288,.259,.326,.430,.756,106,2400
2016,Seattle Mariners,72,24,41,29,1099,45,29.2,4.41,162,6271,5565,715,1437,280,54,130,675,79,36,572,1107,.258,.329,.398,.728,97,2215,120
2016,San Francisco Giants,42,46,43,1188,41,28.5,4.81,162,6223,5548,779,1415,299,32,225,745,35,26,526,1318,.255,.325,.442,.767,104,2453,117,70
2016,St. Louis Cardinals,41,28,1113,48,27.7,4.15,162,6046,5481,672,1333,288,32,216,647,60,37,449,1482,.243,.307,.426,.733,100,2333,88,69,18
2016,Tampa Bay Rays,20,1060,52,28.4,4.72,162,6089,5525,765,1446,257,23,215,746,99,36,436,1220,.262,.322,.433,.755,96,2394,114,70,18,40
2016,Texas Rangers,1038,49,30.0,4.69,162,6233,5479,759,1358,276,18,221,728,54,24,632,1362,.248,.330,.426,.755,101,2333,153,55,26,40,16
2016,Toronto Blue Jays,43,28.8,4.71,162,6201,5490,763,1403,268,29,203,735,121,39,536,1252,.256,.326,.426,.751,96,2338,102,64,48,63,49,1105
2016,Washington Nationals,28.4,4.48,162,6153,5519,725,1409,275,29,187,692,85,33,503,1299,.255,.322,.417,.739,97,2304,124,55,34,40,31,1097,League Average
2017,Arizona Diamondbacks,45,28.3,5.01,162,6224,5525,812,1405,314,39,220,776,103,30,578,1456,.254,.329,.445,.774,94,2457,106,54,39,27,44,1118
2017,Atlanta Braves,28.7,4.52,162,6216,5584,732,1467,289,26,165,706,77,31,474,1184,.263,.326,.412,.738,92,2303,137,66,59,32,57,1127,50
2017,Baltimore Orioles,4.59,162,6140,5650,743,1469,269,12,232,713,32,13,392,1412,.260,.312,.435,.747,100,2458,138,50,10,37,12,1041,49,27.3
2017,Boston Red Sox,162,6338,5669,785,1461,302,19,168,735,106,31,571,1224,.258,.329,.407,.736,92,2305,141,53,9,36,48,1134,47,27.1,5.07
2017,Chicago Cubs,6283,5496,822,1402,274,29,223,785,62,31,622,1401,.255,.338,.437,.775,99,2403,134,82,48,32,54,1147,51,26.7,4.36,162
2017,Chicago White Sox,5513,706,1412,256,37,186,670,71,31,401,1397,.256,.314,.417,.731,96,2300,124,76,35,33,17,1055,47,27.1,4.65,162,6213
2017,Cincinnati Reds,753,1390,249,38,219,715,120,39,565,1329,.253,.329,.433,.761,97,2372,116,72,50,42,41,1135,41,28.0,5.05,162,6234,5511
2017,Cleveland Indians,1449,333,29,212,780,88,23,604,1153,.263,.339,.449,.788,104,2476,125,50,23,45,30,1158,41,28.3,5.09,162,6201,5534,824
2017,Colorado Rockies,293,38,192,793,59,34,519,1408,.273,.338,.444,.781,90,2455,143,44,62,41,46,1088,49,29.6,4.54,162,6150,5556,735,1435
2017,Detroit Tigers,35,187,699,65,34,503,1313,.258,.324,.424,.748,98,2355,128,52,11,27,21,1104,46,28.8,5.53,162,6271,5611,896,1581,346
2017,Houston Astros,238,854,98,42,509,1087,.282,.346,.478,.823,123,2681,139,70,11,61,27,1094,49,28.9,4.33,162,6027,5536,702,1436,260,24
2017,Kansas City Royals,660,91,31,390,1166,.259,.311,.420,.731,93,2323,160,45,17,37,19,1005,55,30.0,4.38,162,6073,5415,710,1314,251,14,186
2017,Los Angeles Angels,136,44,523,1198,.243,.315,.397,.712,92,2151,141,70,17,46,30,1033,52,27.9,4.75,162,6191,5408,770,1347,312,20,221,730
2017,Los Angeles Dodgers,28,649,1380,.249,.334,.437,.771,104,2362,119,64,31,38,41,1146,43,28.4,4.80,162,6248,5602,778,1497,271,31,194,743,91
2017,Miami Marlins,486,1282,.267,.331,.431,.761,107,2412,119,67,50,41,48,1130,50,27.4,4.52,162,6135,5467,732,1363,267,22,224,695,128,41
2017,Milwaukee Brewers,1571,.249,.322,.429,.751,94,2346,116,53,42,26,34,1088,52,27.0,5.03,162,6261,5557,815,1444,286,31,206,781,95,28,593
2017,Minnesota Twins,.260,.334,.434,.768,104,2410,105,46,26,39,26,1147,52,28.8,4.54,162,6169,5510,735,1379,286,28,224,713,58,23,529,1291
2017,New York Mets,.320,.434,.755,101,2393,118,57,36,37,31,1099,51,28.6,5.30,162,6354,5594,858,1463,266,23,241,821,90,22,616,1386,.262
2017,New York Yankees,.447,.785,105,2498,119,64,18,56,22,1184,54,28.7,4.56,162,6126,5464,739,1344,305,15,234,708,57,22,565,1491,.246,.319
2017,Oakland Athletics,.755,104,2381,129,43,13,40,15,1075,51,26.6,4.26,162,6133,5535,690,1382,287,36,174,654,59,25,494,1417,.250,.315,.409
2017,Philadelphia Phillies,89,2263,128,47,21,36,25,1079,47,28.2,4.12,162,6136,5458,668,1331,249,36,151,635,67,36,519,1213,.244,.318,.386,.704
2017,Pittsburgh Pirates,2105,120,88,42,28,39,1129,52,26.2,3.73,162,5954,5356,604,1251,227,31,189,576,89,33,460,1499,.234,.299,.393,.692,83
2017,San Diego Padres,99,53,52,33,20,1037,61,29.5,4.63,162,6166,5551,750,1436,281,17,200,714,89,35,487,1267,.259,.325,.424,.749,103,2351
2017,Seattle Mariners,78,14,35,31,1084,49,29.5,3.94,162,6137,5551,639,1382,290,28,128,612,76,34,467,1204,.249,.309,.380,.689,81,2112,136
2017,San Francisco Giants,31,52,37,1093,48,28.0,4.70,162,6219,5470,761,1402,284,28,196,728,81,31,593,1348,.256,.334,.426,.760,99,2330,139,65
2017,St. Louis Cardinals,44,36,1118,53,28.3,4.28,162,6147,5478,694,1340,226,32,228,671,88,34,545,1538,.245,.317,.422,.739,99,2314,115,55,16
2017,Tampa Bay Rays,33,1114,51,28.3,4.93,162,6122,5430,799,1326,255,21,237,756,113,44,544,1493,.244,.320,.430,.750,91,2334,110,81,27,39
2017,Texas Rangers,1015,60,30.9,4.28,162,6154,5499,693,1320,269,5,222,661,53,24,542,1327,.240,.312,.412,.724,91,2265,153,51,25,35,12
2017,Toronto Blue Jays,49,29.2,5.06,162,6214,5553,819,1477,311,31,215,796,108,30,542,1327,.266,.332,.449,.782,99,2495,116,31,43,45,56,1101
2017,Washington Nationals,28.3,4.65,162,6176,5519,753,1407,280,26,204,719,84,31,528,1337,.255,.324,.426,.750,97,2351,127,59,31,39,32,1098,League Average
2018,Arizona Diamondbacks,49,29.2,4.28,162,6157,5460,693,1283,259,50,176,658,79,25,560,1460,.235,.310,.397,.707,86,2170,110,52,38,45,36,1086
2018,Atlanta Braves,27.3,4.69,162,6251,5582,759,1433,314,29,175,717,90,36,511,1290,.257,.324,.417,.742,98,2330,99,66,49,43,53,1143,56
2018,Baltimore Orioles,3.84,162,6034,5507,622,1317,242,15,188,593,81,22,422,1412,.239,.298,.391,.689,89,2153,132,57,13,35,19,1027,44,27.7
2018,Boston Red Sox,162,6302,5623,876,1509,355,31,208,829,125,31,569,1253,.268,.339,.453,.792,112,2550,130,55,7,48,38,1124,50,27.2,4.67
2018,Chicago Cubs,6369,5624,761,1453,286,34,167,722,66,38,576,1388,.258,.333,.410,.744,97,2308,107,78,40,46,67,1224,51,26.5,4.05,162
2018,Chicago White Sox,5523,656,1332,259,40,182,639,98,41,425,1594,.241,.302,.401,.703,93,2217,99,66,24,32,18,1050,53,27.2,4.30,162,6240
2018,Cincinnati Reds,696,1404,251,25,172,665,77,33,559,1376,.254,.328,.401,.729,95,2221,128,65,49,35,35,1179,49,29.4,5.05,162,6300,5595
2018,Cleveland Indians,1447,297,19,216,786,135,36,554,1189,.259,.332,.434,.766,106,2430,98,80,25,44,32,1147,41,28.7,4.79,163,6178,5541,780
2018,Colorado Rockies,280,42,210,748,95,33,507,1397,.256,.322,.435,.757,90,2412,114,51,42,37,38,1067,49,27.9,3.89,162,6029,5494,630,1326
2018,Detroit Tigers,35,135,597,70,30,428,1341,.241,.300,.380,.680,83,2085,110,52,15,40,18,1071,41,28.2,4.92,162,6146,5453,797,1390,278
2018,Houston Astros,205,763,71,26,565,1197,.255,.329,.425,.754,106,2319,156,61,14,45,19,1052,49,28.6,3.94,162,6063,5505,638,1350,283,29
2018,Kansas City Royals,606,117,38,427,1310,.245,.305,.392,.697,90,2156,123,67,24,40,13,1063,60,29.6,4.45,162,6108,5472,721,1323,249,23,214
2018,Los Angeles Angels,89,22,514,1300,.242,.313,.413,.726,99,2260,111,73,7,39,38,1071,52,28.1,4.93,163,6358,5572,804,1394,296,33,235,756
2018,Los Angeles Dodgers,24,647,1436,.250,.333,.442,.774,109,2461,119,61,39,39,47,1163,51,27.5,3.66,161,6083,5488,589,1303,222,24,128,554,45
2018,Miami Marlins,455,1384,.237,.303,.357,.659,83,1957,119,73,32,31,26,1123,53,28.8,4.63,163,6210,5542,754,1398,252,24,218,711,124,32
2018,Milwaukee Brewers,1458,.252,.323,.424,.747,99,2352,128,58,29,41,32,1106,54,28.2,4.56,162,6154,5526,738,1379,317,22,166,704,47,27,534
2018,Minnesota Twins,.250,.318,.405,.723,96,2238,89,37,19,38,25,1087,56,28.3,4.17,162,6177,5468,676,1282,265,34,170,649,71,39,566,1404
2018,New York Mets,.312,.389,.701,96,2125,116,73,28,42,36,1104,49,27.2,5.25,162,6271,5515,851,1374,269,23,267,821,63,21,625,1421,.249
2018,New York Yankees,.451,.781,112,2490,107,62,10,59,21,1100,53,28.0,5.02,162,6255,5579,813,1407,322,20,227,778,35,21,550,1381,.252,.325
2018,Oakland Athletics,.764,110,2450,136,76,6,44,18,1085,48,26.7,4.18,162,6136,5424,677,1270,241,30,186,653,69,26,582,1520,.234,.314,.393
2018,Philadelphia Phillies,89,2129,102,64,32,32,33,1120,48,27.8,4.30,161,6066,5447,692,1381,290,38,157,665,70,38,474,1229,.254,.317,.407,.725
2018,Pittsburgh Pirates,2218,121,59,31,52,38,1071,49,26.8,3.81,162,6059,5486,617,1289,250,30,162,583,95,36,471,1523,.235,.297,.380,.677,88
2018,San Diego Padres,122,31,35,36,28,1028,53,29.8,4.18,162,6087,5513,677,1402,256,32,176,644,79,37,430,1221,.254,.314,.408,.722,102,2250
2018,Seattle Mariners,70,29,41,17,1084,48,29.8,3.72,162,6113,5541,603,1324,255,30,133,573,77,34,448,1467,.239,.300,.368,.667,85,2038,113
2018,San Francisco Giants,33,42,40,1101,49,28.0,4.69,162,6200,5498,759,1369,248,9,205,725,63,32,525,1380,.249,.321,.409,.730,99,2250,92,80
2018,St. Louis Cardinals,48,40,1101,54,27.1,4.42,162,6195,5475,716,1415,274,43,150,664,128,51,540,1388,.258,.333,.406,.740,105,2225,122,101,28
2018,Tampa Bay Rays,17,1156,50,27.4,4.55,162,6163,5453,737,1308,266,24,194,696,74,35,555,1484,.240,.318,.404,.722,89,2204,104,88,33,34
2018,Texas Rangers,1093,63,28.9,4.38,162,6076,5477,709,1336,320,16,217,680,47,30,499,1387,.244,.312,.427,.739,102,2339,118,58,5,37,15
2018,Toronto Blue Jays,53,27.6,4.76,162,6288,5517,771,1402,284,25,191,737,119,33,631,1289,.254,.335,.419,.753,98,2309,104,59,41,40,56,1180
2018,Washington Nationals,28.1,4.45,162,6171,5514,721,1367,275,28,186,687,82,32,523,1374,.248,.318,.409,.728,97,2258,115,64,27,41,31,1101,League Average
2019,Arizona Diamondbacks,45,28.7,5.02,162,6315,5633,813,1419,288,40,220,778,88,14,540,1360,.252,.323,.434,.757,94,2447,120,70,31,40,36,1119
2019,Atlanta Braves,28.0,5.28,162,6302,5560,855,1432,277,29,249,824,89,28,619,1467,.258,.336,.452,.789,98,2514,104,60,25,35,39,1138,58
2019,Baltimore Orioles,4.50,162,6189,5596,729,1379,252,25,213,698,84,30,462,1435,.246,.310,.415,.725,90,2320,111,71,22,37,8,1063,47,27.3
2019,Boston Red Sox,162,6475,5770,901,1554,345,27,245,857,68,30,590,1382,.269,.340,.466,.806,106,2688,127,49,20,44,36,1170,52,27.7,5.02
2019,Chicago Cubs,6195,5461,814,1378,270,26,256,783,45,24,581,1460,.252,.331,.452,.783,102,2468,127,83,30,39,33,1071,47,27.6,4.40,161
2019,Chicago White Sox,5529,708,1443,260,20,182,676,63,28,378,1549,.261,.314,.414,.728,93,2289,114,66,36,32,13,1071,47,27.8,4.33,162,6100
2019,Cincinnati Reds,701,1328,235,27,227,679,80,38,492,1436,.244,.315,.422,.736,85,2298,111,89,30,33,25,1073,54,27.7,4.75,162,6124,5425
2019,Cleveland Indians,1354,286,18,223,731,103,35,563,1332,.250,.323,.432,.756,95,2345,110,50,40,46,30,1072,50,28.2,5.15,162,6288,5660,835
2019,Colorado Rockies,323,41,224,803,71,31,489,1503,.265,.326,.456,.782,89,2579,111,43,51,43,25,1075,53,27.6,3.61,161,6039,5549,582,1333
2019,Detroit Tigers,41,149,556,57,20,391,1595,.240,.294,.388,.682,78,2154,108,48,9,42,14,1069,45,29.0,5.68,162,6394,5613,920,1538,323
2019,Houston Astros,288,891,67,27,645,1166,.274,.352,.495,.848,119,2781,146,66,10,57,17,1168,51,27.6,4.27,162,6080,5496,691,1356,281,40
2019,Kansas City Royals,655,117,39,456,1405,.247,.309,.401,.710,85,2203,113,59,24,42,17,1056,57,28.8,4.75,162,6251,5542,769,1368,268,21,220
2019,Los Angeles Angels,65,20,586,1276,.247,.324,.422,.746,96,2338,143,67,4,42,29,1125,46,27.9,5.47,162,6282,5493,886,1414,302,20,279,861
2019,Los Angeles Dodgers,10,607,1356,.257,.338,.472,.810,111,2593,100,81,55,45,47,1124,50,28.4,3.80,162,6045,5512,615,1326,265,18,146,593,55
2019,Miami Marlins,395,1469,.241,.298,.375,.673,77,2065,139,73,31,33,16,1034,50,28.9,4.75,162,6309,5542,769,1366,279,17,250,744,101,25
2019,Milwaukee Brewers,1563,.246,.329,.438,.767,97,2429,120,72,20,38,42,1180,50,27.8,5.80,162,6392,5732,939,1547,318,23,307,906,28,21,525
2019,Minnesota Twins,.270,.338,.494,.832,118,2832,101,81,10,41,21,1115,53,27.9,4.88,162,6290,5624,791,1445,280,17,242,767,56,27,516,1384
2019,New York Mets,.328,.442,.770,105,2485,129,95,28,27,34,1128,54,28.3,5.82,162,6245,5583,943,1493,290,17,306,904,55,22,569,1437,.267
2019,New York Yankees,.490,.829,118,2735,113,49,10,33,18,1039,49,27.8,5.22,162,6269,5561,845,1384,292,23,257,800,49,21,578,1338,.249,.327
2019,Oakland Athletics,.776,108,2493,140,87,7,36,17,1081,56,27.7,4.78,162,6261,5571,774,1369,311,26,215,742,78,18,562,1453,.246,.319,.427
2019,Philadelphia Phillies,92,2377,97,57,34,34,47,1129,54,27.5,4.68,162,6228,5657,758,1497,315,38,163,722,64,29,425,1213,.265,.321,.420,.741
2019,Pittsburgh Pirates,2377,119,63,47,34,41,1103,54,26.2,4.21,162,6019,5391,682,1281,224,24,219,652,70,37,504,1581,.238,.308,.410,.718,90
2019,San Diego Padres,120,55,37,31,19,1008,67,27.8,4.68,162,6199,5500,758,1305,254,28,239,730,115,47,588,1581,.237,.316,.424,.740,99,2332
2019,Seattle Mariners,58,14,37,7,1080,64,29.9,4.19,162,6170,5579,678,1332,300,26,167,655,47,28,475,1435,.239,.302,.392,.694,83,2185,111
2019,San Francisco Giants,24,42,26,1069,43,28.8,4.72,162,6167,5449,764,1336,246,24,210,714,116,29,561,1420,.245,.322,.415,.737,94,2260,110,76
2019,St. Louis Cardinals,39,15,1107,57,27.2,4.75,162,6285,5628,769,1427,291,29,217,730,94,37,542,1493,.254,.325,.431,.757,102,2427,114,73,8
2019,Tampa Bay Rays,20,1130,53,28.8,5.00,162,6204,5540,810,1374,296,24,223,765,131,38,534,1578,.248,.319,.431,.750,88,2387,98,67,17,44
2019,Texas Rangers,1066,61,25.9,4.48,162,6091,5493,726,1299,270,21,247,697,51,20,509,1514,.236,.305,.428,.733,94,2352,107,45,14,28,10
2019,Toronto Blue Jays,50,28.8,5.39,162,6267,5512,873,1460,298,27,231,824,116,29,584,1308,.265,.342,.454,.796,104,2505,117,81,48,42,33,1114
2019,Washington Nationals,27.9,4.83,162,6217,5555,782,1401,284,26,226,749,76,28,530,1427,.252,.323,.435,.758,97,2416,115,66,26,38,25,1093,League Average
2020,Arizona Diamondbacks,45,29.1,4.48,60,2238,1997,269,482,101,12,58,255,23,7,181,461,.241,.312,.391,.704,90,781,37,36,1,23,5,402
2020,Atlanta Braves,28.2,5.80,60,2344,2074,348,556,130,3,103,338,23,4,239,573,.268,.349,.483,.832,117,1001,39,23,1,7,13,446,45
2020,Baltimore Orioles,4.57,60,2242,2026,274,523,102,7,77,264,19,14,164,514,.258,.321,.429,.750,102,870,32,27,15,10,5,410,47,27.0
2020,Boston Red Sox,60,2304,2083,292,552,118,7,81,278,31,9,187,545,.265,.330,.445,.775,104,927,51,21,4,9,8,429,47,27.9,4.42
2020,Chicago Cubs,2214,1918,265,422,82,8,74,248,24,10,229,568,.220,.318,.387,.705,90,742,42,52,1,13,9,412,48,27.6,5.10,60
2020,Chicago White Sox,2047,306,534,94,6,96,294,20,8,179,571,.261,.326,.453,.779,112,928,44,24,1,13,1,400,43,29.1,4.05,60,2123
2020,Cincinnati Reds,243,390,76,3,90,237,29,9,239,534,.212,.312,.403,.715,85,742,44,33,0,7,4,371,39,27.9,4.13,60,2247,1959
2020,Cleveland Indians,446,96,5,59,234,25,10,239,517,.228,.317,.372,.689,88,729,40,24,7,16,4,412,40,28.7,4.58,60,2257,2057,275
2020,Colorado Rockies,84,16,63,264,42,9,161,543,.257,.311,.405,.716,81,833,41,10,7,19,12,395,45,27.5,4.29,58,2076,1893,249,463
2020,Detroit Tigers,12,62,242,19,6,147,567,.245,.303,.397,.700,91,751,42,19,1,14,1,337,43,29.2,4.65,60,2229,1992,279,478,103
2020,Houston Astros,69,268,22,11,192,440,.240,.312,.408,.720,95,812,39,23,6,13,5,400,48,27.8,4.13,60,2200,1988,248,485,97,7
2020,Kansas City Royals,237,49,20,172,527,.244,.309,.402,.711,91,800,28,18,8,10,3,395,45,28.5,4.90,60,2308,2020,294,501,97,8,85
2020,Los Angeles Angels,21,8,239,490,.248,.332,.430,.763,107,869,49,25,6,18,8,436,38,28.0,5.82,60,2316,2042,349,523,97,6,118,327
2020,Los Angeles Dodgers,8,228,471,.256,.338,.483,.821,119,986,46,30,3,12,7,401,61,29.0,4.38,60,2167,1935,263,472,82,5,60,247,51
2020,Miami Marlins,191,537,.244,.319,.384,.703,89,744,37,25,6,9,6,401,43,28.5,4.12,60,2188,1920,247,429,83,5,75,238,15,11
2020,Milwaukee Brewers,582,.223,.313,.389,.702,87,747,53,35,0,10,8,393,43,28.7,4.48,60,2168,1937,269,468,81,3,91,258,14,7,186
2020,Minnesota Twins,.242,.315,.427,.743,104,828,38,29,2,14,9,378,47,27.8,4.77,60,2279,2023,286,551,106,7,86,278,20,10,197,498
2020,New York Mets,.348,.459,.807,121,929,53,45,1,13,8,450,43,28.5,5.25,60,2210,1915,315,473,87,7,94,301,27,7,251,480,.247
2020,New York Yankees,.447,.789,118,856,51,30,1,11,5,409,38,28.1,4.57,60,2201,1908,274,430,91,11,71,264,26,3,238,524,.225,.322
2020,Oakland Athletics,.718,100,756,44,39,2,14,5,401,46,28.5,5.10,60,2223,1948,306,500,90,10,82,289,35,8,229,480,.257,.342,.439
2020,Philadelphia Phillies,109,856,40,28,8,10,16,425,49,27.1,3.65,60,2134,1932,219,425,76,6,59,210,16,11,167,521,.220,.284,.357,.641
2020,Pittsburgh Pirates,690,34,11,7,15,6,355,47,26.7,5.42,60,2231,1972,325,506,103,12,95,312,55,13,204,479,.257,.333,.466,.798,120
2020,San Diego Padres,37,28,12,14,6,368,49,26.6,4.23,60,2181,1929,254,435,88,5,60,244,50,16,207,545,.226,.309,.370,.678,90,713
2020,Seattle Mariners,30,3,12,5,379,45,29.8,4.98,60,2259,2019,299,532,107,14,81,290,19,8,195,499,.263,.335,.451,.785,115,910,51
2020,San Francisco Giants,4,13,8,411,44,28.8,4.14,58,2011,1752,240,410,73,7,51,231,18,10,205,477,.234,.323,.371,.694,92,650,38,33
2020,St. Louis Cardinals,16,3,365,43,27.1,4.82,60,2261,1975,289,470,105,12,80,274,48,9,243,608,.238,.328,.425,.753,111,839,38,28,0
2020,Tampa Bay Rays,9,424,49,27.4,3.73,60,2147,1936,224,420,80,9,62,204,49,14,167,548,.217,.285,.364,.648,78,704,33,24,2,18
2020,Texas Rangers,354,49,25.9,5.03,60,2263,2023,302,516,104,4,88,288,33,6,203,508,.255,.325,.441,.766,108,892,39,12,8,14,4
2020,Toronto Blue Jays,43,28.6,4.88,60,2218,1968,293,519,112,12,66,279,33,12,192,451,.264,.336,.433,.769,107,853,42,32,5,21,16,411
2020,Washington Nationals,28.0,4.65,60,2217,1968,278,481,94,8,77,266,30,10,203,520,.245,.322,.418,.740,100,822,41,27,4,13,7,399,League Average
2021,Arizona Diamondbacks,64,28.9,4.19,162,6144,5489,679,1297,308,31,144,644,43,16,537,1465,.236,.309,.382,.692,88,2099,99,54,32,28,24,1152
2021,Atlanta Braves,28.2,4.91,161,6056,5363,790,1307,269,20,239,762,59,19,549,1453,.244,.319,.435,.754,96,2333,81,67,32,43,36,1072,62
2021,Baltimore Orioles,4.07,162,5983,5420,659,1296,266,15,195,632,54,23,451,1454,.239,.304,.402,.705,92,2177,105,65,14,31,12,1046,56,28.0
2021,Boston Red Sox,162,6122,5495,829,1434,330,23,219,783,40,21,512,1386,.261,.328,.449,.777,104,2467,100,61,10,42,22,1093,69,29.1,4.35
2021,Chicago Cubs,5972,5306,705,1255,225,26,210,672,86,37,502,1596,.237,.312,.407,.719,93,2162,133,92,40,30,17,1019,47,28.0,4.91,162
2021,Chicago White Sox,5357,796,1373,275,22,190,757,57,20,586,1389,.256,.336,.422,.758,106,2262,139,78,24,39,10,1125,55,28.9,4.85,162,6162
2021,Cincinnati Reds,786,1352,295,13,222,756,36,24,553,1425,.249,.328,.431,.759,94,2339,129,105,35,45,22,1110,48,26.7,4.43,162,5907,5332
2021,Cleveland Indians,1269,248,22,203,686,109,17,453,1387,.238,.303,.407,.710,94,2170,105,64,20,36,18,987,45,28.1,4.59,161,6007,5374,739
2021,Colorado Rockies,275,34,182,709,76,23,491,1356,.249,.317,.414,.731,87,2227,98,58,48,36,24,1074,49,28.1,4.30,162,5979,5376,697,1299
2021,Detroit Tigers,37,179,675,88,25,490,1514,.242,.308,.399,.707,95,2146,113,44,17,50,8,1031,52,28.9,5.33,162,6291,5593,863,1496,299
2021,Houston Astros,221,834,53,16,569,1222,.267,.339,.444,.783,113,2486,136,64,9,54,25,1159,48,29.3,4.23,162,5993,5427,686,1349,251,29
2021,Kansas City Royals,647,124,33,421,1258,.249,.306,.396,.702,90,2147,100,55,31,52,8,1050,64,29.2,4.46,162,6016,5437,723,1331,265,23,190
2021,Los Angeles Angels,79,26,464,1394,.245,.310,.407,.717,94,2212,107,59,30,25,35,1029,61,29.2,5.12,162,6239,5445,830,1330,247,24,237,799
2021,Los Angeles Dodgers,17,613,1408,.244,.330,.429,.759,101,2336,96,104,32,45,36,1169,61,28.2,3.85,162,5929,5348,623,1244,226,23,158,594,106
2021,Miami Marlins,450,1553,.233,.298,.372,.671,81,1990,95,65,30,30,25,1042,61,28.7,4.56,162,6099,5362,738,1251,255,18,194,700,82,21
2021,Milwaukee Brewers,1465,.233,.317,.396,.713,91,2124,102,88,25,35,26,1113,57,28.3,4.50,162,6078,5431,729,1311,271,17,228,690,54,15,525
2021,Minnesota Twins,.241,.314,.423,.738,104,2300,122,70,7,42,17,1092,64,28.2,3.93,162,5856,5210,636,1243,228,18,176,604,54,26,495,1392
2021,New York Mets,.315,.391,.705,92,2035,123,94,34,23,25,1099,59,29.3,4.39,162,6060,5331,711,1266,213,12,222,666,63,18,621,1482,.237
2021,New York Yankees,.407,.729,101,2169,154,63,10,34,14,1097,50,30.1,4.59,162,6104,5395,743,1284,271,19,199,698,88,20,545,1349,.238,.317
2021,Oakland Athletics,.723,103,2190,99,98,17,49,17,1084,55,29.1,4.53,162,6089,5366,734,1288,262,24,198,700,77,19,564,1402,.240,.318,.408
2021,Philadelphia Phillies,95,2192,103,67,47,43,37,1115,64,27.5,3.76,162,5983,5336,609,1261,240,35,124,570,60,30,529,1328,.236,.309,.364,.673
2021,Pittsburgh Pirates,1943,102,49,31,37,24,1128,54,28.0,4.50,162,6119,5384,729,1305,273,21,180,695,110,39,586,1324,.242,.321,.401,.722,101
2021,San Diego Padres,121,61,36,46,42,1123,63,27.0,4.30,162,6010,5355,697,1209,233,11,199,673,64,24,535,1492,.226,.303,.385,.688,92,2061
2021,Seattle Mariners,72,9,36,8,1040,54,30.6,4.96,162,6196,5462,804,1360,271,25,241,768,66,14,602,1461,.249,.329,.440,.769,106,2404,117
2021,San Francisco Giants,36,30,45,1138,51,28.5,4.36,162,6001,5351,706,1303,261,22,198,678,89,22,478,1341,.244,.313,.412,.725,99,2202,99,86
2021,St. Louis Cardinals,44,32,1081,61,27.7,5.29,162,6213,5507,857,1336,288,36,222,810,88,42,585,1542,.243,.321,.429,.750,110,2362,75,72,6
2021,Tampa Bay Rays,27,1085,54,26.8,3.86,162,5943,5405,625,1254,225,24,167,598,106,29,433,1381,.232,.294,.375,.670,83,2028,113,58,16,31
2021,Texas Rangers,1007,62,26.8,5.22,162,6070,5476,846,1455,285,13,262,816,81,20,496,1218,.266,.330,.466,.797,113,2552,112,51,10,35,14
2021,Toronto Blue Jays,60,28.7,4.47,162,6113,5385,724,1388,272,20,182,686,56,26,573,1303,.258,.337,.417,.754,108,2246,158,84,38,31,43,1185
2021,Washington Nationals,28.4,4.53,162,6061,5398,734,1316,262,22,198,700,74,24,526,1405,.244,.317,.411,.728,97,2217,111,70,26,38,23,1087,League Average
