year,Tm,#Fld,RA/G,G,GS,CG,Inn,Ch,PO,A,E,DP,Fld%,Rtot,Rtot/yr,Rtz,Rof,Rdrs,Rdrs/yr,Rpm,Rof,Rgood,Playoff
2004,Anaheim Angels,11,4.53,162,486,395,4363.0,1161,1110,32,19,6,.984,-5,-1,-11,6,-17,-4,-26,7,2,1
2004,Arizona Diamondbacks,13,5.55,162,486,440,4308.0,984,936,26,22,8,.978,-26,-7,-22,-4,-1,0,13,-8,-5,0
2004,Atlanta Braves,10,4.12,162,486,425,4350.0,1100,1052,40,8,6,.993,42,12,32,10,37,10,22,11,4,1
2004,Baltimore Orioles,12,5.12,162,486,420,4366.0,1105,1073,24,8,5,.993,18,5,17,1,-4,-1,6,-10,0,0
2004,Boston Red Sox,10,4.74,162,486,345,4354.0,1034,994,19,21,4,.980,-23,-6,-17,-6,-28,-7,-19,-7,-1,1
2004,Chicago Cubs,11,4.10,162,486,424,4396.0,976,939,24,13,9,.987,3,1,8,-5,4,1,8,-1,-3,0
2004,Chicago White Sox,9,5.13,162,486,428,4297.0,1091,1036,37,18,7,.984,3,1,1,2,17,4,9,7,1,0
2004,Cincinnati Reds,11,5.60,162,486,398,4331.0,1125,1067,35,23,5,.980,5,1,-5,9,5,1,-9,18,-4,0
2004,Cleveland Indians,9,5.29,162,486,445,4400.0,1127,1079,32,16,9,.986,0,0,1,-1,-8,-2,-6,-7,6,0
2004,Colorado Rockies,13,5.70,162,486,348,4306.0,1019,966,30,23,9,.977,-41,-11,-28,-13,-51,-14,-29,-16,-6,0
2004,Detroit Tigers,13,5.21,162,486,413,4319.0,1139,1073,34,32,6,.972,25,7,32,-7,11,3,19,-4,-3,0
2004,Florida Marlins,10,4.32,162,486,429,4317.0,1032,991,24,17,4,.984,-5,-1,2,-7,-3,0,5,-8,1,0
2004,Houston Astros,8,4.31,162,486,395,4329.0,948,900,29,19,3,.980,-17,-5,-19,2,1,0,-4,5,1,1
2004,Kansas City Royals,19,5.59,162,486,423,4261.0,1207,1148,34,25,7,.979,-20,-6,-9,-11,-1,0,8,-5,-3,0
2004,Los Angeles Dodgers,10,4.22,162,486,436,4360.0,1096,1052,21,23,5,.979,23,6,26,-3,24,6,24,-1,2,1
2004,Milwaukee Brewers,8,4.70,161,483,416,4326.0,1113,1077,22,14,9,.987,33,9,44,-11,1,0,13,-7,-5,0
2004,Minnesota Twins,9,4.41,162,486,436,4428.0,1105,1070,21,14,2,.987,-17,-5,-24,7,19,5,13,-1,7,1
2004,Montreal Expos,12,4.75,162,486,390,4341.0,1128,1068,41,19,12,.983,42,11,23,19,44,12,21,24,0,0
2004,New York Mets,11,4.51,162,486,399,4347.0,1098,1048,27,23,6,.979,-1,0,-8,7,-18,-4,-17,1,-1,0
2004,New York Yankees,6,4.99,162,486,427,4331.0,1092,1049,26,17,10,.984,-58,-16,-48,-10,-40,-11,-38,-3,1,1
2004,Oakland Athletics,8,4.58,162,486,422,4414.0,1056,1015,26,15,8,.986,24,7,18,6,5,1,4,-1,2,0
2004,Philadelphia Phillies,7,4.82,162,486,406,4388.0,1100,1051,34,15,9,.986,4,1,-1,5,-9,-2,-15,4,3,0
2004,Pittsburgh Pirates,10,4.62,161,483,378,4284.0,1018,973,21,24,5,.976,-29,-8,-28,-1,-22,-6,-26,6,-1,0
2004,San Diego Padres,10,4.35,162,486,369,4323.0,1118,1072,27,19,5,.983,-14,-4,-8,-6,-16,-4,-8,-5,-2,0
2004,Seattle Mariners,8,5.08,162,486,432,4378.0,1250,1207,30,13,7,.990,28,8,12,16,46,12,33,6,7,0
2004,San Francisco Giants,10,4.75,162,486,403,4371.0,1099,1058,25,16,6,.985,12,3,21,-9,-36,-9,-8,-21,-6,0
2004,St. Louis Cardinals,11,4.07,162,486,319,4361.0,978,935,24,19,4,.981,4,1,-3,7,-11,-3,-22,10,2,1
2004,Tampa Bay Devil Rays,15,5.23,161,483,440,4251.0,1220,1169,29,22,4,.982,19,5,11,8,-6,-1,-11,11,-5,0
2004,Texas Rangers,11,4.90,162,486,396,4319.0,1095,1062,24,9,5,.992,18,5,21,-3,0,0,8,-9,1,0
2004,Toronto Blue Jays,9,5.11,161,483,437,4263.0,1087,1043,34,10,7,.991,-20,-6,-19,-1,35,9,22,11,3,0
2005,Arizona Diamondbacks,9,5.28,162,486,388,4369.0,1008,979,18,11,2,.989,-39,-11,-36,-3,-36,-9,-18,-15,-3,0
2005,Atlanta Braves,8,4.16,162,486,435,4331.0,1100,1050,41,9,7,.992,65,18,47,18,64,17,35,24,5,1
2005,Baltimore Orioles,15,4.94,162,486,412,4283.0,1074,1032,25,17,4,.984,33,9,33,0,17,4,18,-4,2,0
2005,Boston Red Sox,12,4.97,162,486,387,4287.0,1139,1090,34,15,3,.987,-41,-11,-36,-5,-4,-1,-10,8,-2,1
2005,Chicago Cubs,10,4.41,162,486,395,4320.0,979,937,22,20,4,.980,6,2,18,-12,-5,-1,7,-6,-6,0
2005,Chicago White Sox,9,3.98,162,486,442,4427.0,1106,1067,22,17,7,.985,5,1,2,3,25,6,28,-5,2,1
2005,Cincinnati Reds,10,5.45,163,489,421,4299.0,1144,1096,31,17,5,.985,-25,-7,-35,10,-25,-6,-40,14,0,0
2005,Cleveland Indians,10,3.96,162,486,460,4358.0,1105,1078,10,17,1,.985,36,10,44,-8,21,5,29,-10,1,0
2005,Colorado Rockies,13,5.32,162,486,412,4256.0,1090,1036,35,19,11,.983,-20,-6,-15,-5,-10,-2,-4,-7,0,0
2005,Detroit Tigers,12,4.86,162,486,383,4307.0,1099,1063,22,14,6,.987,2,1,6,-4,14,3,9,-6,11,0
2005,Florida Marlins,9,4.52,162,486,407,4327.0,955,913,26,16,6,.983,-43,-12,-48,5,-42,-11,-40,1,-3,0
2005,Houston Astros,11,3.74,163,489,381,4329.0,978,937,26,15,8,.985,9,3,6,3,17,4,11,7,-1,1
2005,Kansas City Royals,10,5.77,162,486,431,4240.0,1092,1034,34,24,3,.978,-27,-8,-19,-8,-30,-8,-18,-7,-5,0
2005,Los Angeles Angels of Anaheim,11,3.97,162,486,415,4393.0,1165,1122,27,16,8,.986,-2,0,-6,4,-2,0,-1,0,-1,1
2005,Los Angeles Dodgers,12,4.66,162,486,353,4282.0,1086,1033,30,23,7,.979,9,3,8,1,30,8,22,5,2,0
2005,Milwaukee Brewers,8,4.30,162,486,448,4314.0,1142,1102,24,16,14,.986,13,4,14,-1,2,0,3,-1,0,0
2005,Minnesota Twins,9,4.09,162,486,455,4393.0,1098,1044,37,17,10,.985,-3,-1,-8,5,18,4,11,2,5,0
2005,New York Mets,9,4.00,162,486,426,4307.0,1105,1056,32,17,5,.985,20,5,16,4,5,1,-8,8,5,0
2005,New York Yankees,12,4.87,162,486,398,4292.0,1043,1008,23,12,4,.988,-42,-12,-37,-5,-66,-18,-55,-7,-4,1
2005,Oakland Athletics,12,4.06,162,486,428,4351.0,1053,1015,25,13,8,.988,17,5,16,1,14,3,8,3,2,0
2005,Philadelphia Phillies,10,4.48,162,486,383,4305.0,1003,949,36,18,6,.982,27,8,16,11,17,4,-4,19,2,0
2005,Pittsburgh Pirates,11,4.75,162,486,397,4308.0,1091,1049,23,19,6,.983,-15,-4,-3,-12,-14,-3,-3,-11,-1,0
2005,San Diego Padres,12,4.48,162,486,367,4366.0,1090,1054,21,15,3,.986,-29,-8,-24,-5,-25,-6,-9,-13,-3,1
2005,Seattle Mariners,11,4.64,162,486,460,4283.0,1258,1219,31,8,9,.994,23,7,32,-9,19,5,29,-12,2,0
2005,San Francisco Giants,14,4.60,162,486,383,4333.0,1160,1113,18,29,6,.975,6,2,13,-7,-32,-8,-16,-8,-9,0
2005,St. Louis Cardinals,12,3.91,162,486,329,4337.0,954,908,30,16,2,.983,22,6,10,12,-6,-1,-8,3,-2,1
2005,Tampa Bay Devil Rays,11,5.78,162,486,400,4265.0,1267,1216,29,22,10,.983,-4,-1,4,-8,12,3,12,6,-6,0
2005,Texas Rangers,12,5.30,162,486,442,4320.0,1155,1109,27,19,10,.984,18,5,18,0,28,7,22,2,3,0
2005,Toronto Blue Jays,5,4.35,162,486,367,4341.0,1053,1018,30,5,6,.995,-10,-3,-20,10,27,7,8,12,7,0
2005,Washington Nationals,13,4.15,162,486,398,4374.0,1200,1155,30,15,9,.988,-4,-1,-4,0,6,1,3,4,-2,0
2006,Arizona Diamondbacks,9,4.86,162,486,434,4379.0,995,974,13,8,3,.992,-6,-2,-1,-5,-13,-3,-1,-13,1,0
2006,Atlanta Braves,7,4.97,162,486,402,4324.0,1124,1083,25,16,6,.986,77,21,75,2,35,9,33,-1,3,0
2006,Baltimore Orioles,11,5.55,162,486,379,4257.0,1193,1145,30,18,8,.985,30,8,30,0,9,2,3,8,-1,0
2006,Boston Red Sox,12,5.09,162,486,367,4324.0,1049,1011,31,7,6,.993,0,0,-2,2,-36,-9,-35,-1,1,0
2006,Chicago Cubs,10,5.15,162,486,416,4317.0,1068,1041,14,13,4,.988,25,7,29,-4,2,0,11,-7,-2,0
2006,Chicago White Sox,9,4.90,162,486,367,4347.0,1131,1094,17,20,3,.982,-22,-6,-14,-8,-33,-9,-24,-7,-2,0
2006,Cincinnati Reds,11,4.94,162,486,416,4337.0,1163,1101,36,26,5,.978,2,0,-7,8,-10,-2,-21,9,2,0
2006,Cleveland Indians,9,4.83,162,486,456,4270.0,1138,1095,28,15,4,.987,29,8,30,-1,23,6,23,-6,6,0
2006,Colorado Rockies,10,5.01,162,486,418,4342.0,1078,1030,34,14,7,.987,-27,-7,-32,5,-18,-4,-26,10,-2,0
2006,Detroit Tigers,7,4.17,162,486,398,4344.0,1026,982,30,14,4,.986,-27,-7,-28,1,-12,-3,-16,8,-4,1
2006,Florida Marlins,10,4.77,162,486,318,4300.0,1084,1032,24,28,4,.974,-9,-3,-13,4,-10,-2,-1,2,-10,0
2006,Houston Astros,10,4.44,162,486,380,4406.0,1020,988,20,12,6,.988,1,0,2,-1,-9,-2,-3,3,-8,0
2006,Kansas City Royals,11,5.99,162,486,422,4279.0,1224,1172,32,20,6,.984,20,6,28,-8,-2,0,5,-3,-3,0
2006,Los Angeles Angels of Anaheim,10,4.52,162,486,405,4358.0,1173,1117,33,23,8,.980,13,3,10,3,3,0,-12,12,3,0
2006,Los Angeles Dodgers,14,4.64,162,486,383,4381.0,1045,1002,21,22,4,.979,-9,-2,-10,1,-4,-1,6,-5,-4,1
2006,Milwaukee Brewers,11,5.14,162,486,412,4277.0,1056,1014,24,18,3,.983,-16,-4,-13,-3,3,0,14,-12,1,0
2006,Minnesota Twins,9,4.22,162,486,415,4318.0,1079,1031,31,17,10,.984,-8,-2,-11,3,0,0,-3,1,3,1
2006,New York Mets,12,4.51,162,486,418,4384.0,1111,1058,38,15,9,.986,18,5,19,-1,8,2,-1,3,7,1
2006,New York Yankees,13,4.73,162,486,388,4331.0,1126,1087,27,12,3,.989,-21,-6,-12,-9,-18,-4,-14,-8,5,1
2006,Oakland Athletics,8,4.49,162,486,434,4355.0,1139,1099,23,17,6,.985,-14,-4,-15,1,-6,-1,-10,3,1,1
2006,Philadelphia Phillies,11,5.01,162,486,344,4381.0,1061,1019,31,11,6,.990,-11,-3,-16,5,-23,-6,-26,5,-2,0
2006,Pittsburgh Pirates,9,4.92,162,486,415,4305.0,1001,962,27,12,5,.988,-27,-7,-27,0,-28,-7,-20,-7,-1,0
2006,San Diego Padres,10,4.19,162,486,437,4391.0,1141,1110,16,15,4,.987,19,5,23,-4,12,3,23,-9,-2,1
2006,Seattle Mariners,13,4.89,162,486,423,4340.0,1107,1061,34,12,5,.989,3,1,-11,14,25,6,14,7,4,0
2006,San Francisco Giants,10,4.91,161,483,318,4289.0,1157,1119,23,15,2,.987,-1,0,9,-10,10,2,19,-14,5,0
2006,St. Louis Cardinals,12,4.73,161,483,323,4289.0,1036,995,15,26,0,.975,-6,-2,-3,-3,-6,-1,10,-13,-2,1
2006,Tampa Bay Devil Rays,12,5.28,162,486,407,4261.0,1194,1138,35,21,6,.982,7,2,10,-3,9,2,11,2,-3,0
2006,Texas Rangers,16,4.84,162,486,416,4294.0,1067,1013,41,13,13,.988,-30,-8,-34,4,15,4,-2,11,6,0
2006,Toronto Blue Jays,8,4.65,162,486,407,4285.0,1005,961,36,8,11,.992,34,10,14,20,43,12,22,19,2,0
2006,Washington Nationals,17,5.38,162,486,403,4309.0,1260,1194,36,30,13,.976,5,1,7,-2,24,6,15,8,1,0
2007,Arizona Diamondbacks,12,4.52,162,486,412,4323.0,1139,1090,28,21,5,.982,30,8,29,1,23,6,24,-3,2,1
2007,Atlanta Braves,7,4.52,162,486,427,4369.0,1119,1077,30,12,5,.989,25,7,12,13,59,16,35,16,8,0
2007,Baltimore Orioles,12,5.36,162,486,408,4316.0,1128,1085,28,15,9,.987,-5,-1,-3,-2,3,0,-4,3,4,0
2007,Boston Red Sox,9,4.06,162,486,391,4316.0,1088,1052,24,12,6,.989,42,12,44,-2,-10,-2,-1,-8,-1,1
2007,Chicago Cubs,14,4.26,162,486,328,4340.0,1105,1056,35,14,6,.987,40,11,35,5,24,6,13,12,0,1
2007,Chicago White Sox,11,5.18,162,486,405,4322.0,1123,1078,27,18,9,.984,-10,-3,2,-11,-25,-6,-18,-6,-1,0
2007,Cincinnati Reds,11,5.27,162,486,394,4349.0,1208,1157,28,23,5,.981,-14,-4,-10,-4,-32,-8,-23,-1,-8,0
2007,Cleveland Indians,9,4.35,162,486,387,4388.0,1097,1065,24,8,9,.993,8,2,6,2,7,1,14,-6,-1,1
2007,Colorado Rockies,12,4.65,163,489,403,4416.0,1066,1026,25,15,4,.986,17,5,21,-4,-27,-7,-19,-3,-4,1
2007,Detroit Tigers,11,4.92,162,486,409,4342.0,1151,1113,25,13,9,.989,7,2,6,1,12,3,9,1,2,0
2007,Florida Marlins,12,5.50,162,486,403,4331.0,1168,1106,36,26,8,.978,5,1,-2,7,22,6,11,10,2,0
2007,Houston Astros,11,5.02,162,486,408,4394.0,1125,1076,30,19,7,.983,7,2,14,-7,-24,-6,-16,-5,-2,0
2007,Kansas City Royals,10,4.80,162,486,432,4312.0,1266,1208,36,22,9,.983,-4,-1,1,-5,2,0,7,-2,-3,0
2007,Los Angeles Angels of Anaheim,13,4.51,162,486,411,4305.0,1142,1092,30,20,6,.982,14,4,14,0,-24,-6,-22,-2,0,1
2007,Los Angeles Dodgers,10,4.49,162,486,371,4350.0,1019,983,20,16,2,.984,-21,-6,-2,-19,-10,-2,8,-22,4,0
2007,Milwaukee Brewers,11,4.79,162,486,375,4333.0,1171,1124,27,20,5,.983,4,1,3,1,22,6,20,-3,5,0
2007,Minnesota Twins,9,4.48,162,486,426,4310.0,1097,1053,32,12,6,.989,-19,-5,-19,0,-6,-1,-14,2,6,0
2007,New York Mets,13,4.63,162,486,409,4357.0,1167,1127,23,17,3,.985,14,4,22,-8,17,4,24,-11,4,0
2007,New York Yankees,9,4.80,162,486,438,4352.0,1188,1141,33,14,3,.988,11,3,3,8,-10,-2,-23,11,2,1
2007,Oakland Athletics,18,4.68,162,486,402,4344.0,1099,1063,20,16,6,.985,-26,-7,-12,-14,-11,-3,2,-8,-4,0
2007,Philadelphia Phillies,8,5.07,162,486,330,4375.0,1120,1062,39,19,11,.983,-5,-1,-24,19,18,4,-3,26,-5,1
2007,Pittsburgh Pirates,13,5.22,162,486,411,4343.0,1108,1060,31,17,8,.985,-18,-5,-19,1,-12,-3,-16,1,3,0
2007,San Diego Padres,13,4.09,163,489,419,4454.0,1089,1050,23,16,7,.985,-27,-7,-22,-5,11,2,14,-5,2,0
2007,Seattle Mariners,11,5.02,162,486,389,4303.0,1092,1045,29,18,9,.984,-34,-10,-40,6,-16,-4,-16,2,-2,0
2007,San Francisco Giants,15,4.44,162,486,356,4361.0,1123,1089,19,15,0,.987,-23,-6,-24,1,-28,-7,-17,-5,-6,0
2007,St. Louis Cardinals,12,5.12,162,486,346,4307.0,1101,1052,23,26,6,.976,-47,-13,-44,-3,-9,-2,-7,-1,0,0
2007,Tampa Bay Devil Rays,9,5.83,162,486,455,4289.0,1122,1067,42,13,14,.988,-7,-2,-21,14,-17,-4,-22,12,-6,0
2007,Texas Rangers,15,5.21,162,486,361,4290.0,1118,1065,36,17,11,.985,14,4,17,-3,10,2,14,1,-5,0
2007,Toronto Blue Jays,8,4.31,162,486,431,4346.0,978,941,27,10,1,.990,18,5,12,6,17,4,8,7,2,0
2007,Washington Nationals,11,4.83,162,486,369,4340.0,1254,1228,17,9,5,.993,17,5,24,-7,13,3,23,-9,-1,0
2008,Arizona Diamondbacks,9,4.36,162,486,424,4304.0,1019,977,22,20,7,.980,-5,-1,2,-7,-5,-1,17,-11,-10,0
2008,Atlanta Braves,11,4.80,162,486,409,4322.0,989,950,29,10,4,.990,-28,-8,-31,3,-6,-1,-10,2,3,0
2008,Baltimore Orioles,5,5.40,161,483,426,4266.0,1180,1137,33,10,6,.992,50,14,38,12,42,11,20,16,7,0
2008,Boston Red Sox,13,4.28,162,486,413,4339.0,1058,1023,27,8,6,.992,0,0,5,-5,-8,-2,-5,-7,4,1
2008,Chicago Cubs,11,4.17,161,483,376,4352.0,1067,1025,21,21,6,.980,-4,-1,-2,-2,-17,-4,-15,0,-1,1
2008,Chicago White Sox,8,4.47,163,489,388,4373.0,984,951,17,16,3,.984,-42,-11,-40,-2,-21,-5,-13,-6,-1,1
2008,Cincinnati Reds,10,4.94,162,486,352,4327.0,1075,1020,27,28,6,.974,-21,-6,-25,4,-6,-1,-13,4,4,0
2008,Cleveland Indians,8,4.70,162,486,430,4311.0,1126,1087,27,12,4,.989,2,1,3,-1,27,7,17,9,1,0
2008,Colorado Rockies,10,5.07,162,486,414,4338.0,986,934,27,25,6,.975,-69,-19,-59,-10,-48,-13,-29,-12,-6,0
2008,Detroit Tigers,11,5.29,162,486,373,4335.0,1160,1107,28,25,3,.978,-21,-6,-17,-4,-29,-8,-13,-8,-7,0
2008,Florida Marlins,11,4.76,161,483,377,4306.0,1109,1070,28,11,3,.990,17,5,18,-1,27,7,20,1,6,0
2008,Houston Astros,8,4.61,161,483,397,4276.0,1106,1064,35,7,8,.994,-10,-3,-13,3,9,2,8,2,0,0
2008,Kansas City Royals,9,4.82,162,486,381,4337.0,1155,1119,25,11,6,.990,14,4,31,-17,-42,-11,-29,-13,1,0
2008,Los Angeles Angels of Anaheim,8,4.30,162,486,406,4354.0,1068,1022,31,15,4,.986,-4,-1,-3,-1,-27,-7,-24,-10,8,1
2008,Los Angeles Dodgers,10,4.00,162,486,392,4342.0,986,941,34,11,5,.989,-5,-1,-10,5,-10,-2,-5,-2,-2,1
2008,Milwaukee Brewers,9,4.25,162,486,450,4367.0,1055,1025,22,8,3,.992,-6,-2,-2,-4,16,4,15,-1,3,1
2008,Minnesota Twins,8,4.57,163,489,443,4377.0,1251,1190,36,25,15,.980,3,1,-1,4,-1,0,-5,4,0,0
2008,New York Mets,14,4.41,162,486,371,4393.0,1142,1099,30,13,6,.989,33,9,32,1,51,13,48,-1,4,0
2008,New York Yankees,8,4.49,162,486,436,4325.0,1065,1023,30,12,5,.989,33,9,27,6,7,1,-6,9,5,0
2008,Oakland Athletics,12,4.29,161,483,325,4305.0,1203,1152,35,16,7,.987,-6,-2,-4,-2,11,3,11,1,0,0
2008,Philadelphia Phillies,10,4.20,162,486,331,4349.0,1017,966,36,15,6,.985,11,3,-6,17,20,5,0,18,3,1
2008,Pittsburgh Pirates,8,5.46,162,486,439,4365.0,1152,1112,27,13,8,.989,-25,-7,-24,-1,-36,-9,-30,-7,2,0
2008,San Diego Padres,12,4.72,162,486,409,4375.0,1136,1102,15,19,4,.983,15,4,34,-19,9,2,27,-10,-7,0
2008,Seattle Mariners,10,5.01,162,486,441,4306.0,1116,1066,32,18,3,.984,-5,-1,-10,5,0,0,-10,11,0,0
2008,San Francisco Giants,12,4.69,162,486,418,4326.0,1198,1154,30,14,5,.988,28,8,25,3,0,0,8,-4,-3,0
2008,St. Louis Cardinals,13,4.48,162,486,335,4362.0,1112,1061,31,20,7,.982,-4,-1,-10,6,3,0,-2,3,3,0
2008,Tampa Bay Rays,13,4.14,162,486,366,4373.0,1191,1140,33,18,7,.985,34,9,32,2,2,0,5,2,-4,1
2008,Texas Rangers,10,5.97,162,486,399,4326.0,1209,1156,30,23,12,.981,7,2,-2,9,-2,0,-1,3,-3,0
2008,Toronto Blue Jays,11,3.77,162,486,413,4340.0,993,954,31,8,9,.992,-26,-7,-28,2,2,0,-4,7,0,0
2008,Washington Nationals,12,5.12,161,483,421,4302.0,1177,1128,26,23,5,.980,3,1,13,-10,1,0,20,-13,-6,0
2009,Arizona Diamondbacks,8,4.83,162,486,422,4343.0,1134,1085,22,27,2,.976,18,5,23,-5,9,2,30,-11,-11,0
2009,Atlanta Braves,12,3.96,162,486,409,4388.0,1009,973,25,11,5,.989,-15,-4,-20,5,-18,-4,-16,-3,1,0
2009,Baltimore Orioles,11,5.41,162,486,439,4287.0,1207,1153,36,18,3,.985,12,3,4,8,-9,-2,-38,16,12,0
2009,Boston Red Sox,14,4.54,162,486,416,4310.0,1088,1050,28,10,6,.991,-18,-5,-14,-4,-1,0,8,-9,0,1
2009,Chicago Cubs,13,4.17,161,483,366,4336.0,1048,1002,24,22,9,.979,-12,-3,-6,-6,-23,-6,-15,-2,-6,0
2009,Chicago White Sox,10,4.52,162,486,403,4319.0,1062,1015,32,15,12,.986,-30,-8,-30,0,-4,-1,-12,0,8,0
2009,Cincinnati Reds,10,4.46,162,486,402,4375.0,1193,1141,37,15,11,.987,54,15,39,15,23,6,9,13,0,0
2009,Cleveland Indians,12,5.34,162,486,436,4302.0,1168,1125,26,17,5,.985,-8,-2,-5,-3,-6,-1,-5,-4,2,0
2009,Colorado Rockies,9,4.41,162,486,374,4315.0,964,920,28,16,5,.983,-43,-12,-32,-11,-17,-4,-7,-6,-4,1
2009,Detroit Tigers,9,4.57,163,489,360,4341.0,1116,1068,30,18,9,.984,-2,-1,-6,4,13,3,-3,9,6,0
2009,Florida Marlins,9,4.73,162,486,376,4339.0,1084,1054,18,12,6,.989,6,2,6,0,-13,-3,-4,-4,-5,0
2009,Houston Astros,7,4.75,162,486,427,4290.0,1012,965,37,10,2,.990,-36,-10,-41,5,15,4,4,11,0,0
2009,Kansas City Royals,9,5.20,162,486,388,4278.0,1107,1062,34,11,9,.990,8,2,13,-5,-35,-9,-31,-4,0,0
2009,Los Angeles Angels of Anaheim,12,4.70,162,486,408,4335.0,1120,1080,26,14,7,.988,-23,-6,-23,0,18,4,2,9,6,1
2009,Los Angeles Dodgers,10,3.77,162,486,418,4420.0,1007,968,25,14,5,.986,-9,-2,-9,0,-25,-6,-16,-6,-3,1
2009,Milwaukee Brewers,12,5.05,162,486,432,4305.0,1121,1089,19,13,3,.988,-14,-4,-8,-6,4,1,15,-12,1,0
2009,Minnesota Twins,5,4.69,163,489,373,4359.0,1166,1134,19,13,3,.989,-6,-2,3,-9,-7,-1,2,-14,5,1
2009,New York Mets,13,4.67,162,486,398,4278.0,1109,1071,27,11,5,.990,23,7,20,3,17,4,18,-2,0,0
2009,New York Yankees,9,4.65,162,486,354,4350.0,1058,1028,15,15,6,.986,10,3,16,-6,-10,-2,-4,-1,-5,1
2009,Oakland Athletics,12,4.70,162,486,403,4342.0,1143,1099,28,16,6,.986,-21,-6,-23,2,20,5,13,3,3,0
2009,Philadelphia Phillies,8,4.38,162,486,442,4367.0,1083,1039,34,10,8,.991,-18,-5,-25,7,-5,-1,-17,12,-1,1
2009,Pittsburgh Pirates,13,4.77,161,483,464,4255.0,1160,1108,45,7,8,.994,1,0,-6,7,12,3,6,4,1,0
2009,San Diego Padres,12,4.75,162,486,414,4352.0,1124,1084,25,15,6,.987,-6,-2,15,-21,1,0,22,-19,-3,0
2009,Seattle Mariners,9,4.27,162,486,449,4358.0,1254,1217,22,15,5,.988,57,16,54,3,51,14,43,0,8,0
2009,San Francisco Giants,7,3.77,162,486,345,4338.0,1066,1027,28,11,9,.990,36,10,35,1,27,7,24,5,-3,0
2009,St. Louis Cardinals,11,3.95,162,486,359,4322.0,953,915,21,17,8,.982,7,2,0,7,-3,0,0,2,-6,1
2009,Tampa Bay Rays,8,4.65,162,486,384,4282.0,1193,1152,28,13,7,.989,54,15,46,8,27,7,11,11,5,0
2009,Texas Rangers,10,4.57,162,486,455,4304.0,1164,1121,29,14,10,.988,57,16,62,-5,-14,-3,-1,-9,-4,0
2009,Toronto Blue Jays,9,4.76,162,486,449,4353.0,1009,970,27,12,3,.988,-31,-9,-39,8,-2,0,-8,10,-4,0
2009,Washington Nationals,15,5.40,162,486,383,4273.0,1143,1085,31,27,5,.976,3,1,3,0,-34,-9,-23,0,-11,0
2010,Arizona Diamondbacks,9,5.16,162,486,418,4296.0,1173,1128,26,19,10,.984,54,15,52,2,34,9,34,2,-1,0
2010,Atlanta Braves,9,3.88,162,486,376,4318.0,934,894,21,19,6,.980,1,0,7,-6,-14,-3,-5,-6,-2,1
2010,Baltimore Orioles,9,4.85,162,486,454,4309.0,1209,1156,35,18,12,.985,-3,-1,-11,8,-13,-3,-24,14,-2,0
2010,Boston Red Sox,11,4.59,162,486,340,4370.0,1065,1021,28,16,4,.985,18,5,13,5,-1,0,-6,9,-2,0
2010,Chicago Cubs,9,4.73,162,486,390,4310.0,1054,1014,22,18,3,.983,-22,-6,-23,1,-20,-5,-13,-1,-4,0
2010,Chicago White Sox,9,4.35,162,486,445,4339.0,1104,1063,24,17,7,.985,-16,-4,-11,-5,-32,-8,-20,-13,3,0
2010,Cincinnati Reds,9,4.23,162,486,377,4359.0,1161,1122,25,14,6,.988,30,8,25,5,9,2,11,-1,0,1
2010,Cleveland Indians,12,4.64,162,486,449,4299.0,1088,1039,33,16,5,.985,-5,-1,-14,9,-11,-3,-31,16,5,0
2010,Colorado Rockies,8,4.43,162,486,391,4326.0,938,908,18,12,4,.987,-1,0,12,-13,-17,-4,-2,-12,-2,0
2010,Detroit Tigers,9,4.59,162,486,370,4333.0,1150,1083,40,27,9,.977,2,1,-3,5,16,4,15,7,-4,0
2010,Florida Marlins,9,4.43,162,486,446,4315.0,1140,1086,36,18,6,.984,15,4,12,3,28,7,15,10,6,0
2010,Houston Astros,7,4.50,162,486,410,4318.0,1074,1035,24,15,5,.986,-23,-6,-18,-5,16,4,29,-9,-3,0
2010,Kansas City Royals,11,5.22,162,486,451,4310.0,1173,1135,21,17,7,.986,4,1,18,-14,-41,-11,-20,-10,-8,0
2010,Los Angeles Angels of Anaheim,14,4.33,162,486,416,4348.0,1161,1107,36,18,4,.984,-19,-5,-18,-1,-26,-7,-28,3,1,0
2010,Los Angeles Dodgers,11,4.27,162,486,400,4325.0,960,927,17,16,5,.983,-17,-5,-9,-8,-78,-21,-57,-12,-7,0
2010,Milwaukee Brewers,12,4.96,162,486,431,4317.0,1100,1057,29,14,8,.987,1,0,-1,2,33,9,34,-2,3,0
2010,Minnesota Twins,8,4.14,162,486,439,4358.0,1089,1039,34,16,9,.985,-16,-4,-10,-6,-32,-8,-40,4,5,1
2010,New York Mets,12,4.02,162,486,414,4359.0,1084,1041,34,9,10,.992,30,8,12,18,29,7,19,14,-2,0
2010,New York Yankees,11,4.28,162,486,377,4327.0,1106,1064,32,10,8,.991,29,8,31,-2,39,10,31,6,4,1
2010,Oakland Athletics,16,3.86,162,486,375,4295.0,1024,987,26,11,3,.989,-11,-3,-4,-7,1,0,11,-8,0,0
2010,Philadelphia Phillies,9,3.95,162,486,454,4369.0,1003,966,27,10,7,.990,-2,-1,-8,6,-19,-5,-26,2,6,1
2010,Pittsburgh Pirates,11,5.35,162,486,427,4235.0,1104,1058,31,15,6,.986,-40,-11,-43,3,-10,-2,-12,5,-1,0
2010,San Diego Padres,11,3.59,162,486,342,4369.0,1032,995,24,13,5,.987,-6,-2,1,-7,41,11,46,-5,2,0
2010,Seattle Mariners,9,4.31,162,486,460,4314.0,1226,1188,26,12,5,.990,18,5,27,-9,8,2,7,-5,7,0
2010,San Francisco Giants,11,3.60,162,486,310,4383.0,1089,1049,33,7,7,.994,42,11,33,9,22,6,20,7,-3,1
2010,St. Louis Cardinals,11,3.96,162,486,368,4361.0,992,960,22,10,2,.990,-11,-3,-12,1,8,2,13,-2,-1,0
2010,Tampa Bay Rays,12,4.01,162,486,393,4361.0,1161,1130,21,10,3,.991,31,8,20,11,5,1,6,3,-2,1
2010,Texas Rangers,10,4.24,162,486,404,4366.0,1169,1126,25,18,4,.985,-3,-1,1,-4,18,4,25,-8,3,1
2010,Toronto Blue Jays,9,4.49,162,486,437,4322.0,992,958,24,10,8,.990,-21,-6,-24,3,-20,-5,-20,1,0,0
2010,Washington Nationals,11,4.58,162,486,349,4305.0,1069,1029,25,15,9,.986,-28,-8,-27,-1,-7,-1,0,0,-5,0
2011,Arizona Diamondbacks,10,4.09,162,486,446,4330.0,1180,1137,24,19,10,.984,13,4,15,-2,43,11,49,-6,-1,1
2011,Atlanta Braves,11,3.73,162,486,413,4439.0,1032,999,16,17,4,.984,2,0,10,-8,12,3,24,-8,-5,0
2011,Baltimore Orioles,10,5.31,162,486,414,4340.0,1155,1104,36,15,8,.987,-36,-10,-35,-1,-14,-3,-27,2,11,0
2011,Boston Red Sox,13,4.55,162,486,409,4372.0,1106,1076,17,13,4,.988,12,3,14,-2,14,3,20,-7,0,0
2011,Chicago Cubs,11,4.67,162,486,349,4303.0,1058,1009,31,18,8,.983,32,9,28,4,-1,0,-8,9,-3,0
2011,Chicago White Sox,9,4.36,162,486,422,4380.0,1060,1031,16,13,5,.988,1,0,11,-10,-11,-3,3,-12,-2,0
2011,Cincinnati Reds,9,4.44,162,486,383,4403.0,1090,1049,28,13,6,.988,-7,-2,-5,-2,0,0,1,1,-2,0
2011,Cleveland Indians,12,4.69,162,486,421,4360.0,1119,1078,22,19,6,.983,2,0,-2,4,-1,0,-1,5,-6,0
2011,Colorado Rockies,10,4.78,162,486,421,4343.0,1012,961,32,19,4,.981,-46,-13,-33,-13,-15,-4,1,-7,-9,0
2011,Detroit Tigers,8,4.39,162,486,341,4320.0,1144,1089,37,18,13,.984,0,0,-3,3,23,6,13,3,7,1
2011,Florida Marlins,12,4.33,162,486,401,4379.0,1082,1033,35,14,6,.987,-2,-1,-3,1,-34,-9,-33,6,-10,0
2011,Houston Astros,12,4.91,162,486,402,4305.0,1096,1043,39,14,12,.987,19,5,15,4,13,3,3,7,3,0
2011,Kansas City Royals,6,4.70,162,486,460,4354.0,1134,1072,51,11,13,.990,-3,-1,-19,16,26,7,-1,19,8,0
2011,Los Angeles Angels of Anaheim,10,3.91,162,486,424,4395.0,1120,1076,31,13,2,.988,-8,-2,-10,2,-4,-1,-13,7,2,0
2011,Los Angeles Dodgers,13,3.80,161,483,382,4296.0,1011,966,36,9,8,.991,-2,0,-6,4,0,0,-10,5,4,0
2011,Milwaukee Brewers,13,3.94,162,486,392,4325.0,1085,1050,25,10,6,.991,26,7,27,-1,17,4,26,-8,-1,1
2011,Minnesota Twins,11,4.96,162,486,445,4265.0,1192,1138,30,24,6,.980,0,0,6,-6,-11,-3,-7,-3,-1,0
2011,New York Mets,11,4.58,162,486,419,4344.0,1036,1000,17,19,4,.982,-52,-14,-47,-5,-25,-6,-19,1,-7,0
2011,New York Yankees,7,4.06,162,486,387,4375.0,1122,1082,28,12,6,.989,51,14,41,10,18,4,10,6,2,1
2011,Oakland Athletics,9,4.19,162,486,429,4343.0,1063,1031,21,11,7,.990,-10,-3,-5,-5,-1,0,-5,-5,9,0
2011,Philadelphia Phillies,10,3.27,162,486,453,4431.0,930,903,15,12,0,.987,-3,-1,-8,5,-36,-9,-26,-3,-7,1
2011,Pittsburgh Pirates,10,4.40,162,486,382,4348.0,1067,1026,25,16,10,.985,-4,-1,5,-9,-7,-1,4,-9,-2,0
2011,San Diego Padres,14,3.77,162,486,387,4348.0,1072,1035,25,12,9,.989,23,6,21,2,28,7,28,-3,3,0
2011,Seattle Mariners,13,4.17,162,486,436,4299.0,1108,1062,28,18,12,.984,-25,-7,-20,-5,-9,-2,-14,-6,10,0
2011,San Francisco Giants,12,3.57,162,486,328,4404.0,1001,948,38,15,9,.985,-14,-4,-16,2,-12,-3,-14,1,1,0
2011,St. Louis Cardinals,13,4.27,162,486,342,4386.0,1073,1035,22,16,7,.985,0,0,7,-7,-2,0,5,-7,0,1
2011,Tampa Bay Rays,10,3.79,162,486,421,4347.0,1124,1090,24,10,6,.991,18,5,12,6,17,4,6,6,5,1
2011,Texas Rangers,9,4.18,162,486,382,4324.0,1074,1033,21,20,4,.981,-1,0,0,-1,3,0,7,-5,0,1
2011,Toronto Blue Jays,13,4.70,162,486,426,4376.0,1082,1032,29,21,8,.981,-22,-6,-26,4,-23,-6,-24,4,-4,0
2011,Washington Nationals,8,3.99,161,483,362,4348.0,1133,1079,38,16,8,.986,24,7,10,14,14,3,-9,19,3,0
2012,Arizona Diamondbacks,9,4.25,162,486,446,4301.0,1027,980,34,13,8,.987,-21,-6,-23,2,14,3,7,5,2,0
2012,Atlanta Braves,8,3.70,162,486,447,4336.0,1067,1029,27,11,7,.990,72,20,66,6,49,13,43,2,4,1
2012,Baltimore Orioles,15,4.35,162,486,419,4449.0,1104,1062,20,22,0,.980,9,2,10,-1,-21,-5,-16,-1,-4,1
2012,Boston Red Sox,16,4.98,162,486,385,4329.0,999,954,26,19,6,.981,9,3,14,-5,10,2,7,1,2,0
2012,Chicago Cubs,12,4.69,162,486,348,4241.0,1053,1018,26,9,9,.991,19,5,26,-7,-21,-5,-5,-10,-6,0
2012,Chicago White Sox,10,4.17,162,486,419,4337.0,1116,1076,28,12,3,.989,48,13,44,4,1,0,0,1,0,0
2012,Cincinnati Reds,10,3.63,162,486,429,4359.0,1013,979,19,15,2,.985,5,1,1,4,-7,-1,-10,4,-1,1
2012,Cleveland Indians,13,5.22,162,486,386,4326.0,1083,1049,25,9,6,.992,-23,-6,-20,-3,-10,-2,-16,0,6,0
2012,Colorado Rockies,9,5.49,162,486,415,4266.0,1011,961,32,18,8,.982,-21,-6,-20,-1,-22,-6,-16,0,-6,0
2012,Detroit Tigers,11,4.14,162,486,359,4292.0,994,960,20,14,3,.986,-55,-15,-46,-9,-9,-2,-3,-10,4,1
2012,Houston Astros,15,4.90,162,486,361,4270.0,991,944,32,15,7,.985,-26,-7,-26,0,-1,0,0,3,-4,0
2012,Kansas City Royals,8,4.60,162,486,449,4354.0,1121,1049,51,21,12,.981,-11,-3,-24,13,11,3,-8,14,5,0
2012,Los Angeles Angels of Anaheim,9,4.31,162,486,364,4300.0,1088,1051,23,14,7,.987,17,5,17,0,37,10,24,2,11,0
2012,Los Angeles Dodgers,12,3.69,162,486,382,4349.0,976,940,26,10,6,.990,-14,-4,-16,2,-4,-1,-9,5,0,0
2012,Miami Marlins,12,4.47,162,486,386,4322.0,1115,1079,19,17,4,.985,9,3,15,-6,-27,-7,-9,-7,-11,0
2012,Milwaukee Brewers,8,4.52,162,486,391,4361.0,1053,1012,25,16,8,.985,2,1,6,-4,15,4,19,-3,-1,0
2012,Minnesota Twins,11,5.14,162,486,433,4316.0,1155,1109,30,16,9,.986,15,4,18,-3,21,5,28,-5,-2,0
2012,New York Mets,9,4.38,162,486,352,4302.0,1047,1015,18,14,3,.987,2,1,1,1,-31,-8,-23,-4,-4,0
2012,New York Yankees,12,4.12,162,486,366,4336.0,978,953,17,8,2,.992,-10,-3,1,-11,-15,-4,-4,-10,-1,1
2012,Oakland Athletics,8,3.79,162,486,431,4410.0,1155,1101,37,17,7,.985,1,0,-4,5,13,3,-4,11,6,1
2012,Philadelphia Phillies,12,4.20,162,486,374,4354.0,990,949,31,10,7,.990,-36,-10,-39,3,-3,0,-18,11,4,0
2012,Pittsburgh Pirates,12,4.16,162,486,382,4300.0,1051,1015,20,16,5,.985,-1,0,15,-16,-3,0,17,-14,-6,0
2012,San Diego Padres,12,4.38,162,486,338,4304.0,984,949,18,17,5,.983,2,1,6,-4,-3,0,7,-9,-1,0
2012,Seattle Mariners,10,4.02,162,486,441,4370.0,1119,1085,20,14,4,.987,-3,-1,-2,-1,-10,-2,-11,-1,2,0
2012,San Francisco Giants,13,4.01,162,486,398,4353.0,1065,1028,21,16,5,.985,16,4,14,2,11,3,16,-2,-3,1
2012,St. Louis Cardinals,10,4.00,162,486,388,4388.0,984,950,24,10,2,.990,-11,-3,-12,1,0,0,-3,0,3,1
2012,Tampa Bay Rays,14,3.56,162,486,415,4379.0,931,898,24,9,5,.990,-9,-3,-8,-1,15,4,11,0,4,0
2012,Texas Rangers,8,4.36,162,486,352,4326.0,1042,1003,26,13,9,.988,6,2,2,4,-1,0,-3,1,1,1
2012,Toronto Blue Jays,12,4.84,162,486,414,4331.0,999,948,32,19,8,.981,30,8,14,16,7,1,-14,16,5,0
2012,Washington Nationals,12,3.67,162,486,314,4405.0,1031,994,25,12,5,.988,13,3,4,9,-18,-4,-14,1,-5,1
2013,Arizona Diamondbacks,9,4.29,162,486,421,4485.0,1061,1001,44,16,4,.985,25,7,15,10,52,13,39,11,2,0
2013,Atlanta Braves,11,3.38,162,486,390,4351.0,1017,986,18,13,5,.987,18,5,24,-6,1,0,16,-7,-8,1
2013,Baltimore Orioles,10,4.38,162,486,451,4359.0,1055,1024,26,5,2,.995,-33,-9,-38,5,-8,-2,-18,5,5,0
2013,Boston Red Sox,8,4.05,162,486,396,4362.0,1082,1047,24,11,7,.990,17,5,15,2,31,8,19,6,6,1
2013,Chicago Cubs,13,4.25,162,486,415,4344.0,1126,1084,25,17,3,.985,14,4,18,-4,-10,-2,-6,-2,-2,0
2013,Chicago White Sox,10,4.46,162,486,379,4365.0,1086,1037,28,21,5,.981,-24,-7,-20,-4,-18,-4,-15,0,-3,0
2013,Cincinnati Reds,9,3.64,162,486,393,4421.0,1071,1036,26,9,4,.992,57,15,52,5,1,0,5,-1,-3,1
2013,Cleveland Indians,9,4.09,162,486,422,4324.0,992,951,29,12,7,.988,-23,-6,-26,3,8,2,-1,5,4,1
2013,Colorado Rockies,12,4.69,162,486,421,4308.0,979,942,22,15,4,.985,-36,-10,-30,-6,-31,-8,-17,-12,-2,0
2013,Detroit Tigers,8,3.85,162,486,378,4388.0,1025,993,21,11,4,.989,-20,-5,-17,-3,-12,-3,-4,-5,-3,1
2013,Houston Astros,12,5.23,162,486,373,4320.0,1110,1056,28,26,10,.977,-42,-12,-33,-9,-32,-8,-23,-6,-3,0
2013,Kansas City Royals,9,3.71,162,486,430,4345.0,1175,1121,40,14,5,.988,43,12,33,10,53,14,29,15,9,0
2013,Los Angeles Angels of Anaheim,11,4.55,162,486,409,4373.0,1142,1099,21,22,3,.981,-10,-3,1,-11,-27,-7,-12,-9,-6,0
2013,Los Angeles Dodgers,11,3.59,162,486,391,4351.0,933,888,24,21,6,.977,-6,-2,-8,2,-2,0,0,-1,-1,1
2013,Miami Marlins,11,3.99,162,486,466,4380.0,1132,1089,29,14,7,.988,-4,-1,3,-7,3,0,17,-6,-8,0
2013,Milwaukee Brewers,10,4.24,162,486,439,4328.0,1123,1075,35,13,5,.988,38,10,30,8,36,9,17,12,7,0
2013,Minnesota Twins,12,4.86,162,486,426,4351.0,1145,1091,44,10,11,.991,-41,-11,-46,5,-33,-9,-53,10,10,0
2013,New York Mets,12,4.22,162,486,371,4430.0,1113,1058,39,16,3,.986,-25,-7,-29,4,20,5,6,11,3,0
2013,New York Yankees,13,4.14,162,486,423,4342.0,1119,1086,25,8,5,.993,-4,-1,-10,6,23,6,14,2,7,0
2013,Oakland Athletics,11,3.86,162,486,420,4356.0,1249,1212,25,12,5,.990,10,3,15,-5,6,1,14,-7,-1,1
2013,Philadelphia Phillies,15,4.62,162,486,392,4309.0,1060,1011,30,19,7,.982,-16,-4,-18,2,-24,-6,-30,4,2,0
2013,Pittsburgh Pirates,12,3.56,162,486,376,4412.0,920,873,29,18,5,.980,12,3,14,-2,17,4,16,1,0,1
2013,San Diego Padres,12,4.32,162,486,273,4365.0,1069,1026,27,16,7,.985,17,5,15,2,-9,-2,0,-7,-2,0
2013,Seattle Mariners,9,4.65,162,486,395,4395.0,1066,1028,22,16,6,.985,-36,-10,-19,-17,-58,-15,-38,-15,-5,0
2013,San Francisco Giants,11,4.27,162,486,399,4342.0,1111,1068,25,18,4,.984,40,11,34,6,6,1,9,1,-4,0
2013,St. Louis Cardinals,11,3.68,162,486,386,4379.0,1000,977,12,11,6,.989,-10,-3,7,-17,-30,-8,-6,-18,-6,1
2013,Tampa Bay Rays,12,3.96,163,489,343,4392.0,1023,995,19,9,7,.991,-6,-2,-2,-4,-4,-1,-1,-3,0,1
2013,Texas Rangers,11,3.90,163,489,387,4390.0,1101,1056,33,12,3,.989,39,11,31,8,26,7,16,8,2,0
2013,Toronto Blue Jays,9,4.67,162,486,414,4356.0,1089,1050,21,18,6,.983,2,0,-5,7,21,5,3,16,2,0
2013,Washington Nationals,11,3.86,162,486,407,4337.0,1038,999,30,9,4,.991,15,4,8,7,9,2,13,-6,2,0
2014,Arizona Diamondbacks,13,4.58,162,486,429,4333.0,1025,963,43,19,8,.981,-9,-2,-18,9,10,2,2,8,0,0
2014,Atlanta Braves,9,3.69,162,486,453,4365.0,1141,1101,24,16,5,.986,50,14,49,1,11,3,15,0,-4,0
2014,Baltimore Orioles,9,3.66,162,486,401,4384.0,1128,1086,34,8,6,.993,12,3,3,9,24,6,10,9,5,1
2014,Boston Red Sox,15,4.41,162,486,397,4397.0,1103,1055,37,11,12,.990,9,2,2,7,58,15,37,10,11,0
2014,Chicago Cubs,11,4.36,162,486,386,4390.0,1077,1022,32,23,10,.979,-7,-2,6,-13,-18,-4,-4,-10,-4,0
2014,Chicago White Sox,9,4.68,162,486,387,4323.0,1110,1057,31,22,3,.980,-16,-4,-13,-3,-14,-3,-12,-3,1,0
2014,Cincinnati Reds,11,3.78,162,486,412,4338.0,1001,968,24,9,7,.991,33,9,26,7,13,3,3,4,6,0
2014,Cleveland Indians,12,4.03,162,486,409,4405.0,977,936,30,11,6,.989,-44,-12,-47,3,-23,-6,-30,4,3,0
2014,Colorado Rockies,10,5.05,162,486,399,4293.0,1034,985,28,21,7,.980,28,8,30,-2,-6,-1,6,-8,-4,0
2014,Detroit Tigers,8,4.35,162,486,401,4362.0,1088,1055,15,18,3,.983,-63,-17,-55,-8,-29,-7,-17,-10,-2,1
2014,Houston Astros,13,4.46,162,486,430,4316.0,1045,993,31,21,7,.980,-38,-11,-33,-5,2,0,1,-1,2,0
2014,Kansas City Royals,10,3.85,162,486,382,4352.0,1204,1167,26,11,1,.991,46,13,38,8,37,10,29,5,3,1
2014,Los Angeles Angels of Anaheim,11,3.89,162,486,408,4448.0,1168,1130,24,14,5,.988,13,4,17,-4,-4,-1,-7,-4,7,1
2014,Los Angeles Dodgers,12,3.81,162,486,405,4394.0,915,874,25,16,5,.983,-26,-7,-33,7,-29,-7,-30,9,-8,1
2014,Miami Marlins,9,4.16,162,486,439,4373.0,1126,1081,30,15,6,.987,31,9,29,2,26,7,27,2,-3,0
2014,Milwaukee Brewers,9,4.06,162,486,432,4373.0,1073,1040,19,14,9,.987,12,3,13,-1,-7,-1,4,-6,-5,0
2014,Minnesota Twins,14,4.80,162,486,414,4305.0,1196,1140,36,20,10,.983,-25,-7,-33,8,-52,-14,-58,2,4,0
2014,New York Mets,10,3.81,162,486,387,4391.0,1100,1051,36,13,6,.988,20,5,15,5,24,6,22,2,0,0
2014,New York Yankees,12,4.10,162,486,416,4359.0,1068,1034,20,14,2,.987,-11,-3,-10,-1,-6,-1,-1,-4,-1,0
2014,Oakland Athletics,12,3.53,162,486,380,4390.0,1038,986,35,17,6,.984,-16,-4,-9,-7,13,3,0,9,4,1
2014,Philadelphia Phillies,8,4.24,162,486,422,4405.0,1037,1009,15,13,6,.987,-17,-5,-14,-3,-12,-3,-8,1,-5,0
2014,Pittsburgh Pirates,12,3.90,162,486,376,4369.0,920,879,25,16,5,.983,4,1,12,-8,1,0,-5,4,2,1
2014,San Diego Padres,16,3.56,162,486,315,4316.0,1080,1047,19,14,5,.987,28,8,37,-9,12,3,26,-9,-5,0
2014,Seattle Mariners,13,3.42,162,486,388,4356.0,1020,990,14,16,3,.984,13,4,15,-2,5,1,9,-2,-2,0
2014,San Francisco Giants,11,3.79,162,486,380,4347.0,1024,989,24,11,3,.989,-3,-1,-1,-2,-15,-4,-15,-2,2,1
2014,St. Louis Cardinals,10,3.72,162,486,359,4346.0,1017,987,16,14,2,.986,24,7,22,2,11,3,19,-3,-5,1
2014,Tampa Bay Rays,10,3.86,162,486,395,4391.0,1159,1127,19,13,4,.989,3,1,9,-6,15,4,17,-4,2,0
2014,Texas Rangers,10,4.77,162,486,427,4279.0,1209,1150,34,25,5,.979,-18,-5,-12,-6,-7,-1,-13,5,1,0
2014,Toronto Blue Jays,15,4.23,162,486,394,4329.0,1147,1103,34,10,5,.991,-17,-5,-24,7,-7,-1,-20,11,2,0
2014,Washington Nationals,12,3.43,162,486,418,4412.0,1060,1013,28,19,4,.982,-1,0,-9,8,-7,-1,-9,1,1,1
2015,Arizona Diamondbacks,11,4.40,162,486,414,4400.0,1077,1036,26,15,3,.986,21,6,19,2,30,8,33,-2,-1,0
2015,Atlanta Braves,12,4.69,162,486,406,4276.0,1072,1037,26,9,4,.992,-34,-9,-20,-14,-30,-8,-11,-13,-6,0
2015,Baltimore Orioles,15,4.28,162,486,384,4304.0,1025,963,48,14,7,.986,-11,-3,-27,16,4,1,-19,15,8,0
2015,Boston Red Sox,11,4.65,162,486,414,4345.0,1081,1038,28,15,7,.986,-11,-3,-15,4,19,5,11,7,1,0
2015,Chicago Cubs,11,3.75,162,486,372,4384.0,926,889,28,9,4,.990,-2,-1,-2,0,-19,-5,-17,-3,1,1
2015,Chicago White Sox,7,4.33,162,486,449,4358.0,999,948,37,14,6,.986,-16,-4,-21,5,-14,-3,-25,8,3,0
2015,Cincinnati Reds,13,4.65,162,486,416,4360.0,1080,1040,27,13,2,.988,-5,-1,-7,2,-3,0,-6,-1,4,0
2015,Cleveland Indians,14,3.98,161,483,390,4298.0,1013,975,28,10,7,.990,-1,0,-4,3,5,1,1,0,4,0
2015,Colorado Rockies,11,5.21,162,486,377,4279.0,971,931,26,14,5,.986,-13,-4,0,-13,-29,-8,-7,-20,-2,0
2015,Detroit Tigers,8,4.99,161,483,433,4341.0,1124,1071,35,18,7,.984,-16,-4,-25,9,5,1,-1,4,2,0
2015,Houston Astros,13,3.81,162,486,372,4323.0,1013,969,29,15,11,.985,-9,-3,-10,1,18,4,6,9,3,1
2015,Kansas City Royals,9,3.96,162,486,429,4356.0,1160,1112,28,20,8,.983,7,2,7,0,22,6,22,3,-3,1
2015,Los Angeles Angels of Anaheim,14,4.17,162,486,396,4322.0,1161,1123,31,7,3,.994,44,12,43,1,20,5,2,6,12,0
2015,Los Angeles Dodgers,11,3.67,162,486,363,4337.0,879,836,29,14,4,.984,6,2,-2,8,9,2,-1,8,2,1
2015,Miami Marlins,9,4.19,162,486,416,4281.0,1093,1058,23,12,4,.989,4,1,7,-3,12,3,11,3,-2,0
2015,Milwaukee Brewers,11,4.55,162,486,397,4305.0,975,934,18,23,3,.976,2,0,7,-5,-24,-6,-7,-7,-10,0
2015,Minnesota Twins,12,4.32,162,486,398,4329.0,1150,1088,44,18,9,.984,-1,0,-18,17,4,1,-15,15,4,0
2015,New York Mets,11,3.78,162,486,369,4388.0,1096,1052,32,12,6,.989,43,12,42,1,28,7,23,1,4,1
2015,New York Yankees,12,4.31,162,486,362,4373.0,951,921,24,6,6,.994,-23,-6,-16,-7,-10,-2,-3,-8,1,1
2015,Oakland Athletics,11,4.50,162,486,386,4334.0,1075,1028,27,20,8,.981,-5,-1,5,-10,9,2,20,-4,-7,0
2015,Philadelphia Phillies,11,4.99,162,486,383,4309.0,1153,1104,29,20,8,.983,15,4,17,-2,1,0,12,-4,-7,0
2015,Pittsburgh Pirates,13,3.68,162,486,412,4469.0,916,860,39,17,8,.981,-14,-4,-19,5,18,4,3,15,0,1
2015,San Diego Padres,10,4.51,162,486,416,4321.0,946,902,30,14,2,.985,-11,-3,3,-14,-18,-4,-8,-10,0,0
2015,Seattle Mariners,15,4.48,162,486,332,4389.0,1021,983,23,15,5,.985,-34,-9,-27,-7,-44,-12,-29,-11,-4,0
2015,San Francisco Giants,13,3.87,162,486,415,4333.0,1030,998,17,15,5,.985,-4,-1,5,-9,-26,-7,-20,-3,-3,0
2015,St. Louis Cardinals,10,3.24,162,486,350,4394.0,976,949,18,9,9,.991,-2,-1,-1,-1,23,6,33,-9,-1,1
2015,Tampa Bay Rays,12,3.96,162,486,355,4360.0,1170,1119,38,13,8,.989,28,8,21,7,45,12,30,8,7,0
2015,Texas Rangers,15,4.52,162,486,360,4328.0,1109,1062,31,16,5,.986,12,3,6,6,-16,-4,-21,5,0,1
2015,Toronto Blue Jays,12,4.14,162,486,420,4323.0,1094,1058,21,15,2,.986,14,4,14,0,-3,0,-4,1,0,1
2015,Washington Nationals,10,3.92,162,486,424,4304.0,1006,969,21,16,6,.984,18,5,19,-1,-14,-3,-13,1,-2,0
2016,Arizona Diamondbacks,15,5.49,162,486,381,4354.0,976,929,22,25,4,.974,-43,-12,-29,-14,-39,-10,-12,-20,-7,0
2016,Atlanta Braves,13,4.84,161,483,441,4343.0,1138,1089,34,15,8,.987,50,14,53,-3,15,4,3,9,3,0
2016,Baltimore Orioles,12,4.41,162,486,359,4296.0,976,936,30,10,3,.990,-37,-10,-30,-7,-41,-11,-34,-12,5,1
2016,Boston Red Sox,11,4.28,162,486,443,4319.0,1089,1046,35,8,9,.993,14,4,6,8,54,15,34,7,13,1
2016,Chicago Cubs,15,3.43,162,486,342,4379.0,939,911,20,8,5,.991,63,17,60,3,23,6,30,-4,-3,1
2016,Chicago White Sox,10,4.41,162,486,440,4340.0,1122,1065,43,14,7,.988,26,7,11,15,6,1,-15,17,4,0
2016,Cincinnati Reds,12,5.27,162,486,414,4326.0,1120,1067,33,20,7,.982,15,4,13,2,10,2,1,1,8,0
2016,Cleveland Indians,12,4.20,161,483,345,4335.0,971,920,37,14,7,.986,8,2,3,5,-4,-1,-11,8,-1,1
2016,Colorado Rockies,12,5.31,162,486,407,4288.0,927,880,30,17,2,.982,2,1,5,-3,-4,-1,0,-3,-1,0
2016,Detroit Tigers,10,4.48,161,483,425,4284.0,991,955,17,19,4,.981,-55,-15,-39,-16,-58,-16,-37,-18,-3,0
2016,Houston Astros,10,4.33,162,486,399,4404.0,1024,970,45,9,6,.991,-20,-5,-39,19,34,9,2,20,12,0
2016,Kansas City Royals,11,4.40,162,486,443,4320.0,1086,1044,30,12,5,.989,26,7,21,5,36,10,26,8,2,0
2016,Los Angeles Angels,12,4.49,162,486,391,4264.0,1139,1089,34,16,4,.986,-11,-3,-10,-1,2,0,-11,4,9,0
2016,Los Angeles Dodgers,15,3.94,162,486,355,4359.0,1007,966,26,15,1,.985,-1,0,2,-3,22,6,28,-2,-4,1
2016,Miami Marlins,11,4.24,161,483,439,4305.0,1014,969,28,17,2,.983,-8,-2,-4,-4,-3,0,-4,7,-6,0
2016,Milwaukee Brewers,11,4.52,162,486,396,4303.0,1009,963,29,17,4,.983,-1,0,-4,3,-2,0,2,1,-5,0
2016,Minnesota Twins,10,5.49,162,486,434,4329.0,1130,1068,31,31,6,.973,-42,-12,-45,3,-30,-8,-23,-5,-2,0
2016,New York Mets,12,3.81,162,486,351,4341.0,1047,1007,26,14,3,.987,22,6,21,1,17,4,12,3,2,1
2016,New York Yankees,12,4.33,162,486,392,4285.0,928,893,26,9,6,.990,3,1,0,3,21,5,15,3,3,0
2016,Oakland Athletics,14,4.70,162,486,414,4300.0,1023,980,29,14,9,.986,-19,-5,-12,-7,-23,-6,-10,-8,-5,0
2016,Philadelphia Phillies,12,4.91,162,486,370,4311.0,1084,1037,29,18,9,.983,15,4,15,0,16,4,15,6,-5,0
2016,Pittsburgh Pirates,9,4.68,162,486,402,4352.0,968,916,35,17,6,.982,-3,-1,-13,10,-17,-4,-25,10,-2,0
2016,San Diego Padres,17,4.75,162,486,411,4320.0,1055,1018,23,14,5,.987,19,5,33,-14,6,1,19,-15,2,0
2016,Seattle Mariners,11,4.36,162,486,355,4371.0,1061,1021,31,9,8,.992,-2,-1,-4,2,-24,-6,-23,-2,1,0
2016,San Francisco Giants,10,3.90,162,486,428,4381.0,1001,969,22,10,3,.990,-4,-1,-3,-1,-9,-2,-4,-3,-2,1
2016,St. Louis Cardinals,8,4.40,162,486,366,4345.0,920,888,23,9,5,.990,-20,-5,-6,-14,-9,-2,3,-10,-2,0
2016,Tampa Bay Rays,12,4.40,162,486,423,4279.0,1106,1063,28,15,5,.986,-1,0,-3,2,28,7,24,1,3,0
2016,Texas Rangers,12,4.67,162,486,386,4329.0,1080,1030,27,23,6,.979,8,2,4,4,-18,-4,-12,0,-6,1
2016,Toronto Blue Jays,13,4.11,162,486,393,4378.0,956,917,25,14,5,.985,2,1,2,0,15,4,16,0,-1,1
2016,Washington Nationals,9,3.78,162,486,411,4379.0,980,954,18,8,3,.992,25,7,15,10,-7,-1,-9,3,-1,1
2017,Arizona Diamondbacks,11,4.07,162,486,385,4323.0,907,871,20,16,4,.982,-19,-5,-12,-7,-3,0,14,-14,-3,1
2017,Atlanta Braves,13,5.07,162,486,410,4324.0,1064,1034,19,11,3,.990,-11,-3,-14,3,-24,-6,-15,-3,-6,0
2017,Baltimore Orioles,11,5.19,162,486,354,4323.0,1027,982,28,17,7,.983,-13,-4,-10,-3,-11,-3,-8,-6,3,0
2017,Boston Red Sox,7,4.12,162,486,460,4447.0,1067,1024,28,15,4,.986,21,6,19,2,53,14,34,5,14,1
2017,Chicago Cubs,14,4.29,162,486,296,4342.0,927,892,24,11,6,.988,27,7,24,3,9,2,9,-2,2,1
2017,Chicago White Sox,11,5.06,162,486,432,4265.0,1133,1069,40,24,6,.979,5,1,1,4,-17,-4,-21,4,0,0
2017,Cincinnati Reds,9,5.36,162,486,429,4290.0,1021,962,40,19,8,.981,-25,-7,-33,8,17,4,-5,17,5,0
2017,Cleveland Indians,15,3.48,162,486,358,4322.0,871,829,32,10,7,.989,-11,-3,-17,6,3,0,-10,7,6,1
2017,Colorado Rockies,10,4.67,162,486,428,4313.0,921,887,18,16,5,.983,-12,-3,2,-14,-20,-5,0,-14,-6,1
2017,Detroit Tigers,10,5.52,162,486,417,4261.0,1156,1120,19,17,3,.985,-19,-5,-10,-9,-27,-7,-8,-12,-7,0
2017,Houston Astros,11,4.32,162,486,325,4338.0,856,822,25,9,3,.989,-12,-3,-19,7,22,6,6,10,6,1
2017,Kansas City Royals,10,4.88,162,486,415,4313.0,1121,1083,24,14,4,.988,11,3,18,-7,-10,-2,-1,-11,2,0
2017,Los Angeles Angels,11,4.38,162,486,439,4322.0,1115,1075,28,12,2,.989,19,5,25,-6,-12,-3,-6,-4,-2,0
2017,Los Angeles Dodgers,17,3.58,162,486,357,4334.0,899,870,19,10,4,.989,-7,-2,-6,-1,6,1,4,0,2,1
2017,Miami Marlins,7,5.07,162,486,459,4328.0,1105,1074,21,10,2,.991,-3,-1,1,-4,4,1,8,-5,1,0
2017,Milwaukee Brewers,12,4.30,162,486,378,4337.0,902,852,29,21,3,.977,-34,-9,-44,10,-15,-4,-17,5,-3,0
2017,Minnesota Twins,11,4.86,162,486,396,4308.0,1193,1154,22,17,5,.986,58,16,54,4,24,6,23,2,-1,1
2017,New York Mets,11,5.33,162,486,416,4304.0,1058,1014,26,18,4,.983,3,1,-3,6,10,2,2,10,-2,0
2017,New York Yankees,12,4.07,162,486,433,4346.0,956,920,21,15,5,.984,37,10,39,-2,35,9,26,2,7,1
2017,Oakland Athletics,14,5.10,162,486,389,4293.0,1071,1028,22,21,8,.980,-15,-4,-1,-14,-30,-8,-16,-9,-5,0
2017,Philadelphia Phillies,13,4.83,162,486,395,4323.0,1041,1002,30,9,12,.991,-19,-5,-17,-2,-10,-2,-11,4,-3,0
2017,Pittsburgh Pirates,12,4.51,162,486,407,4322.0,980,933,33,14,5,.986,-11,-3,-18,7,-6,-1,-11,5,0,0
2017,San Diego Padres,10,5.04,162,486,396,4292.0,989,935,31,23,7,.977,8,2,7,1,13,3,14,-1,0,0
2017,Seattle Mariners,10,4.77,162,486,421,4321.0,1163,1110,34,19,12,.984,22,6,21,1,23,6,9,12,2,0
2017,San Francisco Giants,17,4.79,162,486,380,4356.0,1079,1045,20,14,1,.987,-15,-4,-8,-7,-43,-11,-23,-9,-11,0
2017,St. Louis Cardinals,11,4.35,162,486,423,4351.0,979,943,23,13,3,.987,-4,-1,-3,-1,-1,0,-6,6,-1,0
2017,Tampa Bay Rays,10,4.35,162,486,404,4335.0,1070,1029,25,16,7,.985,21,6,24,-3,42,11,36,7,-1,0
2017,Texas Rangers,10,5.04,162,486,409,4303.0,1058,1002,35,21,6,.980,1,0,-2,3,-20,-5,-23,2,1,0
2017,Toronto Blue Jays,14,4.84,162,486,396,4395.0,979,938,28,13,3,.987,-13,-4,-21,8,-6,-1,-11,2,3,0
2017,Washington Nationals,14,4.15,162,486,383,4340.0,1011,966,31,14,7,.986,7,2,10,-3,3,0,2,3,-2,1
2018,Arizona Diamondbacks,11,3.98,162,486,433,4389.0,950,918,18,14,5,.985,-22,-6,-8,-14,19,5,25,-9,3,0
2018,Atlanta Braves,10,4.06,162,486,423,4370.0,1052,1018,22,12,3,.989,30,8,34,-4,22,6,22,1,-1,1
2018,Baltimore Orioles,12,5.51,162,486,382,4293.0,1083,1036,34,13,8,.988,-26,-7,-34,8,-28,-7,-27,-2,1,0
2018,Boston Red Sox,9,3.99,162,486,424,4376.0,1044,1002,29,13,6,.988,52,14,38,14,25,6,12,9,4,1
2018,Chicago Cubs,12,3.96,163,489,303,4429.0,1070,1026,29,15,2,.986,34,9,20,14,29,7,13,12,4,1
2018,Chicago White Sox,9,5.23,162,486,388,4311.0,1124,1076,28,20,10,.982,-20,-5,-20,0,-16,-4,-25,8,1,0
2018,Cincinnati Reds,16,5.06,162,486,378,4323.0,1060,1019,27,14,3,.987,-8,-2,-14,6,-2,0,-5,4,-1,0
2018,Cleveland Indians,11,4.00,162,486,334,4372.0,1027,996,25,6,7,.994,-7,-2,-14,7,-15,-4,-18,2,1,1
2018,Colorado Rockies,11,4.57,163,489,419,4357.0,943,911,23,9,8,.990,-4,-1,-1,-3,-27,-7,-18,-6,-3,1
2018,Detroit Tigers,9,4.91,162,486,461,4276.0,1176,1129,35,12,6,.990,-3,-1,-4,1,-4,-1,-4,-1,1,0
2018,Houston Astros,10,3.30,162,486,321,4365.0,950,919,26,5,7,.995,19,5,15,4,25,6,13,4,8,1
2018,Kansas City Royals,13,5.14,162,486,463,4296.0,1137,1099,26,12,5,.989,24,7,26,-2,-2,0,-2,1,-1,0
2018,Los Angeles Angels,11,4.46,162,486,421,4312.0,1046,1005,29,12,11,.989,21,6,26,-5,-5,-1,0,-6,1,0
2018,Los Angeles Dodgers,11,3.74,163,489,295,4428.0,941,898,26,17,8,.982,-6,-2,-10,4,8,2,11,0,-3,1
2018,Miami Marlins,14,5.02,161,483,345,4326.0,1132,1081,29,22,5,.981,-23,-6,-21,-2,-19,-5,-2,-8,-9,0
2018,Milwaukee Brewers,12,4.04,163,489,351,4383.0,1001,964,23,14,5,.986,24,7,26,-2,46,12,41,0,5,1
2018,Minnesota Twins,13,4.78,162,486,399,4330.0,1067,1025,25,17,3,.984,-19,-5,-13,-6,16,4,14,4,-2,0
2018,New York Mets,13,4.36,162,486,421,4382.0,1063,1028,24,11,4,.990,-14,-4,-6,-8,-21,-5,-18,-3,0,0
2018,New York Yankees,12,4.13,162,486,445,4369.0,970,930,29,11,5,.989,-11,-3,-21,10,30,8,18,6,6,1
2018,Oakland Athletics,11,4.16,162,486,377,4397.0,1079,1046,22,11,2,.990,14,4,10,4,-18,-4,-13,-3,-2,1
2018,Philadelphia Phillies,11,4.49,162,486,405,4337.0,934,900,19,15,4,.984,-37,-10,-28,-9,-38,-10,-28,-9,-1,0
2018,Pittsburgh Pirates,10,4.30,161,483,434,4302.0,1096,1051,33,12,9,.989,40,11,30,10,13,3,4,10,-1,0
2018,San Diego Padres,10,4.73,162,486,380,4371.0,1016,975,21,20,2,.980,-25,-7,-16,-9,16,4,27,-5,-6,0
2018,Seattle Mariners,12,4.39,162,486,378,4346.0,1119,1075,24,20,4,.982,-4,-1,-2,-2,-13,-3,-21,6,2,0
2018,San Francisco Giants,11,4.31,162,486,400,4384.0,1057,1018,20,19,2,.982,-7,-2,4,-10,-22,-6,-7,-10,-5,0
2018,St. Louis Cardinals,8,4.27,162,486,417,4366.0,1033,990,22,21,6,.980,-6,-2,2,-8,5,1,21,-8,-8,0
2018,Tampa Bay Rays,14,3.99,162,486,398,4345.0,1067,1025,27,15,5,.986,10,3,6,4,33,9,25,4,4,0
2018,Texas Rangers,10,5.23,162,486,409,4293.0,1124,1075,29,20,3,.982,-1,0,-3,2,-22,-6,-22,0,0,0
2018,Toronto Blue Jays,12,5.14,162,486,401,4301.0,1111,1061,29,21,8,.981,-1,0,0,-1,-30,-8,-27,-2,-1,0
2018,Washington Nationals,13,4.21,162,486,375,4338.0,1027,999,16,12,4,.988,-14,-4,-11,-3,-15,-4,-9,-2,-4,0
2019,Arizona Diamondbacks,9,4.59,162,486,370,4395.0,1022,984,25,13,3,.987,13,3,10,3,18,4,13,6,-1,0
2019,Atlanta Braves,10,4.59,162,486,371,4352.0,995,955,26,14,6,.986,19,5,19,0,1,0,-6,2,5,1
2019,Baltimore Orioles,15,6.06,162,486,372,4329.0,1172,1132,20,20,6,.983,16,4,32,-16,-16,-4,1,-18,1,0
2019,Boston Red Sox,11,5.11,162,486,443,4413.0,995,944,37,14,9,.986,-10,-3,-14,4,10,2,-7,13,4,0
2019,Chicago Cubs,15,4.43,162,486,317,4326.0,952,911,24,17,2,.982,-3,-1,-4,1,-1,0,-5,5,-1,0
2019,Chicago White Sox,10,5.17,161,483,362,4238.0,969,913,35,21,5,.978,-21,-6,-22,1,-30,-8,-24,-3,-3,0
2019,Cincinnati Reds,13,4.39,162,486,350,4314.0,943,902,22,19,4,.980,5,1,1,4,-2,0,-5,7,-4,0
2019,Cleveland Indians,12,4.06,162,486,404,4313.0,1071,1019,38,14,5,.987,22,6,5,17,17,4,8,8,1,0
2019,Colorado Rockies,8,5.91,162,486,416,4346.0,942,900,22,20,4,.979,-39,-11,-25,-14,-39,-10,-24,-12,-3,0
2019,Detroit Tigers,11,5.68,161,483,455,4299.0,1045,1006,19,20,4,.981,-52,-15,-38,-14,-47,-13,-29,-13,-5,0
2019,Houston Astros,11,3.95,162,486,351,4387.0,968,942,15,11,3,.989,32,9,32,0,52,14,40,-1,13,1
2019,Kansas City Royals,13,5.36,162,486,422,4275.0,1088,1053,27,8,4,.993,15,4,14,1,-3,0,-1,-4,2,0
2019,Los Angeles Angels,10,5.36,162,486,425,4328.0,1087,1049,19,19,5,.983,9,2,9,0,-19,-5,-9,-7,-3,0
2019,Los Angeles Dodgers,10,3.78,162,486,337,4337.0,930,893,27,10,2,.989,16,4,11,5,41,11,32,7,2,1
2019,Miami Marlins,14,4.99,162,486,344,4333.0,1125,1072,36,17,7,.985,-10,-3,-3,-7,-19,-5,-12,-10,3,0
2019,Milwaukee Brewers,10,4.73,162,486,379,4378.0,978,943,23,12,4,.988,-1,0,5,-6,23,6,21,-4,6,1
2019,Minnesota Twins,12,4.65,162,486,386,4390.0,1064,1014,35,15,7,.986,-5,-1,-14,9,1,0,-13,13,1,1
2019,New York Mets,12,4.55,162,486,267,4383.0,997,959,21,17,3,.983,-19,-5,-27,8,-13,-3,-14,7,-6,0
2019,New York Yankees,10,4.56,162,486,413,4329.0,988,957,22,9,2,.991,17,5,8,9,31,8,22,2,7,1
2019,Oakland Athletics,11,4.20,162,486,407,4395.0,1086,1055,21,10,3,.991,35,10,24,11,14,3,-4,11,7,1
2019,Philadelphia Phillies,15,4.90,162,486,387,4361.0,1032,986,33,13,6,.987,7,2,7,0,36,9,32,5,-1,0
2019,Pittsburgh Pirates,15,5.62,162,486,402,4320.0,984,948,20,16,3,.984,-52,-14,-46,-6,-35,-9,-32,-3,0,0
2019,San Diego Padres,12,4.87,162,486,312,4296.0,1060,1012,28,20,7,.981,-1,0,3,-4,1,0,8,-1,-6,0
2019,Seattle Mariners,18,5.51,162,486,405,4318.0,1114,1067,19,28,6,.975,16,4,17,-1,-14,-3,-6,-1,-7,0
2019,San Francisco Giants,17,4.77,162,486,377,4407.0,1077,1031,28,18,7,.983,5,1,13,-8,6,1,8,-1,-1,0
2019,St. Louis Cardinals,10,4.09,162,486,343,4332.0,931,885,26,20,8,.979,-8,-2,-8,0,3,0,4,5,-6,1
2019,Tampa Bay Rays,11,4.05,162,486,424,4423.0,919,882,23,14,3,.985,-9,-2,-17,8,10,2,8,4,-2,1
2019,Texas Rangers,8,5.42,162,486,429,4314.0,1070,1034,18,18,2,.983,-4,-1,4,-8,-22,-6,-11,-7,-4,0
2019,Toronto Blue Jays,14,5.11,162,486,407,4321.0,1030,986,27,17,9,.983,20,6,23,-3,-17,-4,-13,-2,-2,0
2019,Washington Nationals,7,4.47,162,486,444,4318.0,1025,990,20,15,5,.985,-2,-1,-4,2,25,6,20,4,1,1
2020,Arizona Diamondbacks,10,4.92,60,180,160,1555.0,407,400,5,2,2,.995,8,6,8,0,0,0,3,-2,-1,0
2020,Atlanta Braves,8,4.80,60,180,125,1573.0,361,354,2,5,0,.986,-3,-2,-2,-1,-4,-3,-2,-2,0,1
2020,Baltimore Orioles,11,4.90,60,180,141,1556.0,403,387,9,7,1,.983,16,13,18,-2,10,7,6,2,2,0
2020,Boston Red Sox,10,5.85,60,180,158,1572.0,378,354,18,6,4,.984,-3,-2,-8,5,18,13,8,6,4,0
2020,Chicago Cubs,11,4.00,60,180,106,1555.0,347,335,11,1,2,.997,8,6,5,3,-3,-2,-10,4,3,1
2020,Chicago White Sox,8,4.10,60,180,152,1581.0,352,342,6,4,0,.989,6,5,5,1,5,3,7,1,-3,1
2020,Cincinnati Reds,11,4.05,60,180,133,1512.0,307,296,6,5,1,.984,-8,-6,-9,1,0,0,0,1,-1,1
2020,Cleveland Indians,11,3.48,60,180,134,1608.0,372,359,10,3,0,.992,6,5,4,2,4,2,9,-3,-2,1
2020,Colorado Rockies,9,5.88,60,180,154,1579.0,393,378,11,4,3,.990,-2,-2,-1,-1,-1,0,2,-5,2,0
2020,Detroit Tigers,10,5.48,58,174,126,1477.0,386,375,5,6,0,.984,-4,-3,-1,-3,-4,-3,2,-6,0,0
2020,Houston Astros,7,4.58,60,180,161,1572.0,358,350,5,3,2,.992,8,6,11,-3,9,6,12,-2,-1,1
2020,Kansas City Royals,11,4.53,60,180,123,1551.0,346,336,6,4,1,.988,3,2,5,-2,-13,-10,-11,-1,-1,0
2020,Los Angeles Angels,10,5.35,60,180,156,1576.0,392,384,2,6,0,.985,-14,-11,-9,-5,-24,-18,-18,-4,-2,0
2020,Los Angeles Dodgers,10,3.55,60,180,149,1616.0,405,392,6,7,2,.983,24,18,23,1,13,9,16,-3,0,1
2020,Miami Marlins,12,5.07,60,180,106,1512.0,357,342,6,9,2,.975,-22,-18,-17,-5,-7,-5,-9,1,1,1
2020,Milwaukee Brewers,11,4.40,60,180,140,1552.0,275,269,5,1,1,.996,-20,-15,-13,-7,-10,-7,-7,-2,-1,1
2020,Minnesota Twins,8,3.58,60,180,160,1540.0,360,345,10,5,1,.986,14,11,10,4,17,13,6,7,4,1
2020,New York Mets,11,5.13,60,180,126,1540.0,344,326,14,4,2,.988,-14,-11,-19,5,1,0,-5,4,2,0
2020,New York Yankees,7,4.50,60,180,149,1502.0,355,341,8,6,3,.983,5,4,1,4,-2,-1,-3,4,-3,1
2020,Oakland Athletics,6,3.87,60,180,167,1546.0,397,390,6,1,0,.997,18,14,15,3,5,3,4,2,-1,1
2020,Philadelphia Phillies,11,5.18,60,180,132,1491.0,279,267,7,5,2,.982,-40,-33,-35,-5,-15,-12,-8,-5,-2,0
2020,Pittsburgh Pirates,12,4.97,60,180,155,1539.0,352,335,12,5,3,.986,6,4,7,-1,2,1,-1,3,0,0
2020,San Diego Padres,10,4.02,60,180,160,1561.0,358,342,9,7,1,.980,1,1,3,-2,4,3,6,-2,0,1
2020,Seattle Mariners,11,5.05,60,180,150,1550.0,394,380,10,4,2,.990,-4,-3,-7,3,5,3,-3,5,3,0
2020,San Francisco Giants,12,4.95,60,180,120,1553.0,400,389,7,4,2,.990,-1,-1,1,-2,-5,-3,-2,-3,0,0
2020,St. Louis Cardinals,9,3.95,58,174,127,1419.0,331,319,8,4,3,.988,12,10,12,0,13,10,9,4,0,1
2020,Tampa Bay Rays,10,3.82,60,180,127,1583.0,362,349,8,5,1,.986,15,12,5,10,19,14,6,11,2,1
2020,Texas Rangers,10,5.20,60,180,156,1550.0,421,410,6,5,3,.988,16,12,19,-3,14,10,12,0,2,0
2020,Toronto Blue Jays,8,5.20,60,180,153,1574.0,361,342,12,7,2,.981,0,0,-4,4,-20,-15,-23,1,2,1
2020,Washington Nationals,9,5.02,60,180,160,1511.0,385,381,2,2,1,.995,-8,-6,-8,0,-22,-17,-19,-3,0,0
2021,Arizona Diamondbacks,15,5.51,162,486,366,4252.0,1147,1116,15,16,2,.986,5,1,4,1,-24,-6,-21,-2,-1,0
2021,Atlanta Braves,13,4.07,161,483,363,4232.0,985,952,18,15,0,.985,34,10,27,7,0,0,2,3,-5,1
2021,Baltimore Orioles,10,5.90,162,486,397,4206.0,1104,1067,23,14,5,.987,-10,-3,-3,-7,-2,0,-4,-1,3,0
2021,Boston Red Sox,10,4.62,162,486,426,4257.0,937,871,43,23,13,.975,-25,-7,-34,9,14,3,-9,18,5,1
2021,Chicago Cubs,17,5.18,162,486,364,4238.0,909,888,13,8,2,.991,-31,-9,-26,-5,-2,0,5,-3,-4,0
2021,Chicago White Sox,14,3.93,162,486,368,4210.0,956,921,17,18,3,.981,-13,-4,-10,-3,-4,-1,-6,3,-1,1
2021,Cincinnati Reds,18,4.69,162,486,353,4303.0,930,892,18,20,0,.978,-23,-6,-17,-6,-32,-8,-20,-6,-6,0
2021,Cleveland Indians,12,4.49,162,486,411,4224.0,1012,980,21,11,5,.989,14,4,8,6,-5,-1,5,-3,-7,0
2021,Colorado Rockies,12,4.94,161,483,404,4191.0,957,918,31,8,4,.992,-20,-6,-22,2,11,3,4,5,2,0
2021,Detroit Tigers,12,4.67,162,486,419,4259.0,1028,1005,13,10,3,.990,-11,-3,-2,-9,-30,-8,-24,-6,0,0
2021,Houston Astros,10,4.06,162,486,410,4335.0,985,955,23,7,6,.993,12,3,12,0,30,8,24,1,5,1
2021,Kansas City Royals,9,4.86,162,486,406,4252.0,1053,1010,31,12,4,.989,14,4,16,-2,13,3,6,3,4,0
2021,Los Angeles Angels,18,4.96,162,486,368,4265.0,964,941,16,7,2,.993,-19,-5,-11,-8,-28,-7,-14,-15,1,0
2021,Los Angeles Dodgers,15,3.46,162,486,352,4356.0,922,900,12,10,3,.989,14,4,15,-1,-7,-1,-3,-5,1,1
2021,Miami Marlins,13,4.33,162,486,391,4245.0,1004,950,33,21,8,.979,5,1,-4,9,27,7,16,16,-5,0
2021,Milwaukee Brewers,11,3.85,162,486,418,4308.0,945,922,15,8,3,.992,41,12,35,6,36,10,32,3,1,1
2021,Minnesota Twins,13,5.15,162,486,374,4258.0,1073,1035,27,11,8,.990,-19,-5,-18,-1,0,0,-4,2,2,0
2021,New York Mets,15,4.12,162,486,360,4138.0,949,920,18,11,3,.988,10,3,9,1,0,0,-2,0,2,0
2021,New York Yankees,16,4.13,162,486,377,4306.0,1008,971,25,12,4,.988,-9,-3,-11,2,-4,-1,-10,4,2,1
2021,Oakland Athletics,13,4.24,162,486,373,4299.0,1103,1078,16,9,2,.992,14,4,19,-5,-8,-2,0,-10,2,0
2021,Philadelphia Phillies,14,4.60,162,486,366,4256.0,868,835,22,11,5,.987,-34,-10,-31,-3,-18,-5,-23,5,0,0
2021,Pittsburgh Pirates,18,5.14,162,486,421,4189.0,1062,1034,14,14,1,.987,-19,-5,-9,-10,-37,-10,-21,-11,-5,0
2021,San Diego Padres,13,4.37,162,486,402,4290.0,970,946,13,11,7,.989,-18,-5,-18,0,-5,-1,-3,-2,0,0
2021,Seattle Mariners,13,4.62,162,486,416,4321.0,1136,1106,18,12,4,.989,-2,-1,1,-3,-16,-4,-6,-6,-4,0
2021,San Francisco Giants,13,3.67,162,486,264,4365.0,1016,988,20,8,5,.992,20,5,18,2,18,4,17,-3,4,1
2021,St. Louis Cardinals,11,4.15,162,486,424,4251.0,1084,1035,26,23,6,.979,26,7,25,1,29,8,21,8,0,1
2021,Tampa Bay Rays,10,4.02,162,486,368,4367.0,1077,1046,18,13,4,.988,24,7,21,3,31,8,31,0,0,1
2021,Texas Rangers,12,5.03,162,486,444,4273.0,1125,1075,36,14,11,.988,45,13,34,11,37,10,11,14,12,0
2021,Toronto Blue Jays,11,4.09,162,486,339,4216.0,961,924,25,12,3,.988,-6,-2,-12,6,11,3,1,8,2,0
2021,Washington Nationals,12,5.06,162,486,419,4183.0,1042,1003,21,18,5,.983,-24,-7,-20,-4,-13,-3,-13,3,-3,0
