Year,Tm,G,GR,GF,Wgr,Lgr,SVOpp,SV,BSv,SV%,SVSit,Hold,IR,IS,IS%,aLI,LevHi,LevMd,LevLo,Ahd,Tie,Bhd,Runr,Empt,>3o,<3o,IPmult,0DR,Out/GR,Pit/GR,Playoff
2000,Anaheim Angels,162,441,157,29,24,68,46,22,0.68,132,60,282,85,0.3,1.017,154,95,192,189,51,201,168,273,169,124,186,95,3.8,21,0
2000,Arizona Diamondbacks,162,390,146,23,24,56,38,18,0.68,97,39,227,70,0.31,1.008,132,64,194,152,69,169,129,261,120,111,140,72,3.4,19,0
2000,Atlanta Braves,162,376,149,19,18,67,53,14,0.79,130,56,198,58,0.29,1.01,144,65,167,194,40,142,112,264,91,101,95,81,3.2,18,1
2000,Baltimore Orioles,162,396,148,22,21,57,33,24,0.58,128,68,255,87,0.34,1.035,152,57,187,188,42,166,145,251,99,125,119,84,3.3,19,0
2000,Boston Red Sox,162,425,155,29,23,66,46,20,0.7,117,49,224,84,0.38,1.006,142,116,167,185,67,173,137,288,181,91,191,80,4.0,21,0
2000,Chicago Cubs,162,421,152,25,35,68,39,29,0.57,127,52,262,111,0.42,1.074,177,77,167,152,78,191,132,289,129,134,140,90,3.4,20,0
2000,Chicago White Sox,162,466,157,30,21,67,43,24,0.64,142,67,315,110,0.35,0.982,166,98,202,239,52,175,179,287,151,131,172,91,3.4,19,1
2000,Cincinnati Reds,163,387,155,23,23,54,42,12,0.78,107,48,230,69,0.3,1.032,153,77,157,138,57,192,135,252,163,85,179,93,3.9,21,0
2000,Cleveland Indians,162,462,156,25,22,57,34,23,0.6,142,79,320,100,0.31,0.984,150,96,216,235,38,189,184,278,155,125,180,100,3.5,19,0
2000,Colorado Rockies,162,479,155,36,20,58,33,25,0.57,128,62,293,90,0.31,0.971,175,87,217,206,59,214,173,306,126,178,141,111,3.2,18,0
2000,Detroit Tigers,162,429,156,25,18,61,44,17,0.72,129,62,321,119,0.37,0.976,147,84,198,192,46,191,204,225,112,154,136,108,3.3,18,0
2000,Florida Marlins,161,429,156,31,20,68,48,20,0.71,131,56,262,82,0.31,1.08,161,88,180,176,66,187,152,277,114,140,131,91,3.2,18,0
2000,Houston Astros,162,410,154,21,30,55,30,25,0.55,105,45,235,84,0.36,0.972,138,82,190,162,59,189,134,276,127,115,146,67,3.3,19,0
2000,Kansas City Royals,162,329,152,29,30,55,29,26,0.53,83,22,221,79,0.36,0.997,103,67,159,135,36,158,127,202,159,75,169,44,4.5,26,0
2000,Los Angeles Dodgers,162,371,153,32,25,59,36,23,0.61,100,39,125,42,0.34,1.002,131,69,171,160,53,158,73,298,118,55,124,53,3.9,21,0
2000,Milwaukee Brewers,163,433,161,25,24,44,29,15,0.66,96,50,216,56,0.26,1.013,154,64,215,143,68,222,124,309,121,102,134,97,3.5,19,0
2000,Minnesota Twins,162,412,156,18,22,54,35,19,0.65,104,44,286,104,0.36,0.949,127,78,207,149,40,223,173,239,144,130,166,91,3.7,21,0
2000,Montreal Expos,162,452,158,20,23,59,39,20,0.66,107,44,303,120,0.4,0.964,141,107,204,156,60,236,182,270,153,141,173,113,3.4,19,0
2000,New York Mets,162,411,154,31,23,67,49,18,0.73,125,52,216,68,0.31,1.07,167,82,162,188,74,149,125,286,104,105,115,91,3.3,19,1
2000,New York Yankees,161,382,152,22,16,57,40,17,0.7,101,39,251,86,0.34,0.943,103,81,198,170,35,177,152,230,132,106,151,91,3.6,20,1
2000,Oakland Athletics,161,381,154,20,17,63,43,20,0.68,130,59,288,93,0.32,0.932,132,88,161,206,35,140,179,202,145,107,166,78,3.7,21,1
2000,Philadelphia Phillies,162,414,154,21,37,54,34,20,0.63,111,53,178,62,0.35,1.048,141,79,194,150,62,202,109,305,106,124,125,102,3.1,18,0
2000,Pittsburgh Pirates,162,466,157,27,32,48,27,21,0.56,111,54,266,84,0.32,1.038,155,89,222,168,70,228,159,307,141,142,157,101,3.4,20,0
2000,San Diego Padres,162,443,157,29,27,70,46,24,0.66,135,59,250,89,0.36,1.043,177,77,189,194,78,171,138,305,123,111,134,103,3.3,18,0
2000,Seattle Mariners,162,383,158,20,24,60,44,16,0.73,128,63,271,95,0.35,0.976,144,89,150,210,53,120,150,233,143,89,174,64,3.8,22,1
2000,San Francisco Giants,162,384,153,26,20,70,47,23,0.67,133,59,219,79,0.36,1.01,130,94,160,199,53,132,121,263,103,97,115,92,3.4,19,1
2000,St. Louis Cardinals,162,386,152,19,21,59,37,22,0.63,129,62,215,76,0.35,0.988,125,79,182,214,36,136,128,258,128,105,144,64,3.4,19,1
2000,Tampa Bay Devil Rays,161,401,151,26,35,66,38,28,0.58,100,32,225,72,0.32,1.019,136,83,182,150,66,185,140,261,156,92,170,81,4.0,23,0
2000,Texas Rangers,162,415,159,21,24,66,39,27,0.59,129,54,360,123,0.34,1.007,156,86,173,178,41,196,211,204,141,136,168,89,3.5,21,0
2000,Toronto Blue Jays,162,388,147,24,20,52,37,15,0.71,105,48,258,112,0.43,0.94,133,78,177,155,50,183,152,236,153,118,169,84,3.7,21,0
2001,Anaheim Angels,162,384,156,25,25,60,43,17,0.72,114,50,226,74,0.33,1.009,144,78,162,154,57,173,139,245,119,104,132,81,3.4,19,0
2001,Arizona Diamondbacks,162,421,150,25,21,50,34,16,0.68,118,59,164,60,0.37,0.997,148,73,200,193,76,152,108,313,113,122,126,105,3.3,17,1
2001,Atlanta Braves,162,411,157,24,23,63,41,22,0.65,126,62,162,53,0.33,1.004,145,81,185,201,54,156,89,322,81,75,90,93,3.2,18,1
2001,Baltimore Orioles,162,392,152,17,27,50,31,19,0.62,118,65,279,84,0.3,0.97,136,86,170,164,52,176,160,232,124,129,138,73,3.5,20,0
2001,Boston Red Sox,161,424,158,27,30,71,48,23,0.68,132,58,226,97,0.43,1.034,158,96,170,192,68,164,132,292,148,94,164,80,3.9,21,0
2001,Chicago Cubs,162,452,154,22,25,60,41,19,0.68,154,88,214,57,0.27,1.006,172,87,193,224,61,167,132,320,91,146,103,108,3.1,18,0
2001,Chicago White Sox,162,406,154,29,21,71,51,20,0.72,136,58,263,89,0.34,1.014,152,86,168,183,57,166,159,247,139,107,163,93,3.7,20,0
2001,Cincinnati Reds,162,461,160,25,24,56,35,21,0.63,119,59,260,69,0.27,0.959,136,104,221,170,55,236,150,311,175,123,192,109,3.7,20,0
2001,Cleveland Indians,162,483,159,31,21,57,42,15,0.74,142,78,265,79,0.3,0.991,176,96,211,233,74,176,166,317,130,125,150,117,3.5,20,1
2001,Colorado Rockies,162,476,154,24,26,50,26,24,0.52,96,38,266,93,0.35,0.919,130,99,247,182,56,238,158,318,103,164,118,117,3.0,16,0
2001,Detroit Tigers,162,391,146,16,21,57,34,23,0.6,113,48,304,94,0.31,0.935,123,76,192,156,44,191,190,201,128,136,146,82,3.5,19,0
2001,Florida Marlins,162,430,157,19,27,50,32,18,0.64,111,59,208,77,0.37,1.001,142,74,214,173,59,198,121,309,105,126,112,83,3.2,17,0
2001,Houston Astros,162,405,155,29,21,65,48,17,0.74,123,55,168,62,0.37,0.999,144,84,177,185,58,162,93,312,122,62,127,76,3.7,20,1
2001,Kansas City Royals,162,396,157,13,22,50,30,20,0.6,108,52,216,80,0.37,0.959,124,75,197,148,42,206,133,263,132,98,146,81,3.8,21,0
2001,Los Angeles Dodgers,162,408,159,28,26,73,46,27,0.63,139,63,173,57,0.33,1.068,146,87,175,194,60,154,105,303,116,105,125,84,3.4,19,0
2001,Milwaukee Brewers,162,489,159,18,24,46,28,18,0.61,111,63,246,78,0.32,0.946,135,89,265,187,63,239,146,343,132,134,146,130,3.3,18,0
2001,Minnesota Twins,162,402,150,25,21,64,45,19,0.7,117,49,248,81,0.33,0.978,130,77,195,178,49,175,160,242,117,136,143,76,3.4,18,0
2001,Montreal Expos,162,491,157,20,19,47,28,19,0.6,109,55,228,74,0.32,0.939,122,89,280,173,54,264,138,353,113,146,128,118,3.1,17,0
2001,New York Mets,162,397,156,28,23,64,48,16,0.75,111,46,173,58,0.34,1.004,151,70,176,145,66,186,99,298,94,76,105,83,3.5,19,0
2001,New York Yankees,161,362,154,31,17,70,57,13,0.81,123,50,215,72,0.33,1.013,139,64,159,186,48,128,136,226,142,83,157,78,4.0,21,1
2001,Oakland Athletics,162,416,149,22,21,67,44,23,0.66,158,84,247,71,0.29,1.017,167,80,169,243,63,110,158,258,112,141,139,84,3.2,17,1
2001,Philadelphia Phillies,162,473,154,28,27,71,47,24,0.66,147,69,298,92,0.31,1.052,194,97,182,197,84,192,166,307,120,159,138,127,3.1,17,0
2001,Pittsburgh Pirates,162,410,154,21,19,51,36,15,0.71,101,48,242,91,0.38,0.935,124,90,196,133,48,229,140,270,140,88,156,84,3.7,19,0
2001,San Diego Padres,162,422,157,20,19,66,46,20,0.7,126,53,254,79,0.31,0.935,133,74,215,192,47,183,150,272,126,120,139,85,3.3,18,0
2001,Seattle Mariners,162,391,154,33,15,73,56,17,0.77,171,93,229,52,0.23,1.01,156,88,147,265,41,85,132,259,125,101,157,61,3.6,19,1
2001,San Francisco Giants,162,439,159,24,20,64,47,17,0.73,136,68,219,78,0.36,1.034,154,102,183,215,70,154,124,315,103,111,116,113,3.3,18,0
2001,St. Louis Cardinals,162,484,154,18,21,56,38,18,0.68,138,68,257,64,0.25,0.972,135,105,244,251,52,181,165,319,105,178,136,139,2.9,15,1
2001,Tampa Bay Devil Rays,162,370,161,19,28,52,30,22,0.58,98,46,189,78,0.41,0.931,93,76,201,137,41,192,114,256,144,99,165,57,4.0,23,0
2001,Texas Rangers,162,410,158,22,31,56,37,19,0.66,115,56,279,106,0.38,0.97,133,83,194,172,45,193,165,245,144,99,164,70,3.7,21,0
2001,Toronto Blue Jays,162,471,155,29,28,66,41,25,0.62,149,73,288,75,0.26,1.048,185,91,195,199,79,193,177,294,131,158,160,111,3.2,17,0
2002,Anaheim Angels,162,400,155,27,16,71,54,17,0.76,145,65,224,64,0.29,1.014,164,90,146,208,64,128,136,264,122,117,137,88,3.3,18,1
2002,Arizona Diamondbacks,162,422,148,26,19,59,40,19,0.68,125,59,200,66,0.33,0.998,134,88,200,202,57,163,126,296,83,172,92,121,2.8,15,1
2002,Atlanta Braves,161,469,158,30,14,71,57,14,0.8,154,78,169,47,0.28,1.062,182,85,202,246,85,138,93,376,103,78,107,113,3.3,17,1
2002,Baltimore Orioles,162,407,154,25,20,46,31,15,0.67,110,59,225,64,0.28,0.989,141,81,185,158,65,184,143,264,129,127,150,74,3.6,20,0
2002,Boston Red Sox,162,338,157,15,22,68,51,17,0.75,111,40,166,67,0.4,0.944,121,56,161,183,37,118,95,243,113,58,121,53,4.0,22,0
2002,Chicago Cubs,162,390,151,22,28,48,23,25,0.48,86,34,195,64,0.33,0.979,110,80,200,145,54,191,118,272,151,95,158,75,3.6,21,0
2002,Chicago White Sox,162,423,155,20,17,46,35,11,0.76,112,60,285,103,0.36,0.913,127,82,214,186,47,190,169,254,133,143,152,86,3.4,19,0
2002,Cincinnati Reds,162,462,160,31,26,57,42,15,0.74,127,67,244,81,0.33,1.034,150,98,214,184,63,215,141,321,174,114,192,100,3.7,19,0
2002,Cleveland Indians,162,421,153,19,27,53,34,19,0.64,105,50,252,80,0.32,0.931,119,89,213,172,53,196,145,276,113,117,128,72,3.4,19,0
2002,Colorado Rockies,162,506,161,18,30,59,43,16,0.73,140,78,231,65,0.28,0.97,155,95,256,221,56,229,128,378,94,145,106,125,3.0,17,0
2002,Detroit Tigers,161,372,150,15,25,54,33,21,0.61,87,32,242,96,0.4,1.009,121,67,184,103,54,215,153,219,122,94,135,69,3.6,19,0
2002,Florida Marlins,162,461,151,25,22,56,36,20,0.64,129,68,192,54,0.28,1.032,140,99,222,195,66,200,114,347,123,108,140,96,3.4,19,0
2002,Houston Astros,162,480,160,22,26,58,43,15,0.74,131,72,240,76,0.32,0.983,144,109,227,209,67,204,137,343,133,128,149,124,3.4,18,0
2002,Kansas City Royals,162,421,150,22,31,54,30,24,0.56,95,40,253,103,0.41,0.992,137,91,193,132,74,215,140,281,131,104,153,79,3.5,20,0
2002,Los Angeles Dodgers,162,423,158,26,18,71,56,15,0.79,158,78,186,45,0.24,1.031,151,83,189,218,47,158,114,309,115,117,126,118,3.3,18,0
2002,Milwaukee Brewers,162,446,155,16,22,43,32,11,0.74,97,52,183,57,0.31,0.947,109,96,241,130,50,266,109,337,128,99,138,110,3.4,18,0
2002,Minnesota Twins,161,435,153,30,16,65,47,18,0.72,148,83,194,50,0.26,1.026,161,98,176,202,56,177,126,309,139,92,155,84,3.6,19,1
2002,Montreal Expos,162,437,153,28,20,60,39,21,0.65,147,78,254,86,0.34,1.066,151,99,187,202,52,183,160,277,129,152,155,109,3.4,19,0
2002,New York Mets,161,451,152,23,24,51,36,15,0.71,124,62,215,64,0.3,1.01,154,93,204,167,70,214,128,323,106,129,112,89,3.2,18,0
2002,New York Yankees,161,334,152,24,17,69,53,16,0.77,117,46,208,71,0.34,0.999,125,70,139,189,49,96,128,206,134,91,148,86,3.8,20,1
2002,Oakland Athletics,162,408,153,28,18,69,48,21,0.7,165,86,273,85,0.31,1.056,166,83,159,230,48,130,159,249,109,143,127,92,3.1,17,1
2002,Philadelphia Phillies,161,450,156,30,28,71,47,24,0.66,154,78,217,70,0.32,1.057,171,103,176,198,82,170,125,325,125,134,138,119,3.3,18,0
2002,Pittsburgh Pirates,161,458,159,21,22,67,47,20,0.7,169,96,224,62,0.28,0.996,155,98,205,214,40,204,140,318,131,131,142,99,3.4,18,0
2002,San Diego Padres,162,459,157,20,35,62,40,22,0.65,132,60,330,98,0.3,0.996,161,85,213,178,83,198,192,267,136,155,161,106,3.2,18,0
2002,Seattle Mariners,162,343,154,33,21,64,43,21,0.67,124,57,182,56,0.31,0.99,133,70,140,173,56,114,112,231,129,64,148,52,3.9,21,0
2002,San Francisco Giants,162,417,152,29,14,60,43,17,0.72,132,71,213,63,0.3,1.019,139,95,183,207,57,153,134,283,92,133,109,106,3.1,16,1
2002,St. Louis Cardinals,162,472,158,33,21,64,42,22,0.66,154,83,210,72,0.34,0.994,134,122,216,252,59,161,137,335,134,130,151,110,3.4,17,1
2002,Tampa Bay Devil Rays,161,306,149,22,31,46,25,21,0.54,71,24,148,58,0.39,1.001,107,55,144,94,53,159,84,222,151,42,159,34,4.5,26,0
2002,Texas Rangers,162,487,158,25,38,66,33,33,0.5,139,65,354,120,0.34,1.038,191,108,188,203,81,203,216,271,138,191,163,123,3.1,18,0
2002,Toronto Blue Jays,162,461,156,17,29,70,41,29,0.59,145,69,282,95,0.34,1.038,157,99,205,214,59,188,162,299,130,140,157,110,3.3,19,0
2003,Anaheim Angels,162,375,157,20,14,52,39,13,0.75,108,56,171,52,0.3,0.934,100,75,200,163,30,182,100,275,152,44,164,61,4.0,22,0
2003,Arizona Diamondbacks,162,452,155,33,22,55,42,13,0.76,108,47,217,55,0.25,1.031,164,89,199,166,84,202,125,327,113,156,129,134,3.1,17,0
2003,Atlanta Braves,162,489,158,27,22,71,51,20,0.72,158,75,231,80,0.35,0.955,157,110,222,267,64,158,129,360,87,147,92,116,2.9,16,1
2003,Baltimore Orioles,163,425,154,17,29,62,41,21,0.66,133,66,309,92,0.3,1.028,169,85,171,176,71,178,171,254,128,159,148,92,3.4,19,0
2003,Boston Red Sox,162,437,157,30,27,57,36,21,0.63,108,46,196,74,0.38,0.99,135,80,222,202,61,174,117,320,122,106,137,79,3.5,19,1
2003,Chicago Cubs,162,420,149,20,19,51,36,15,0.71,119,63,226,74,0.33,1.014,144,62,214,190,55,175,129,291,84,131,108,112,3.0,17,1
2003,Chicago White Sox,162,361,150,21,16,53,36,17,0.68,91,33,241,78,0.32,0.956,111,74,176,152,46,163,143,218,122,108,136,74,3.5,19,0
2003,Cincinnati Reds,162,475,158,36,21,64,38,26,0.59,127,60,258,86,0.33,0.979,149,98,228,158,63,254,141,334,154,120,170,105,3.6,19,0
2003,Cleveland Indians,162,428,157,21,31,60,34,26,0.57,117,52,227,68,0.3,1.019,155,106,167,172,74,182,132,296,142,99,157,95,3.6,20,0
2003,Colorado Rockies,162,500,159,19,23,54,34,20,0.63,131,75,233,75,0.32,0.931,131,102,267,225,51,224,134,366,116,135,138,87,3.2,18,0
2003,Detroit Tigers,162,451,159,14,25,46,27,19,0.59,91,44,330,120,0.36,0.964,136,79,236,115,63,273,195,256,171,137,197,73,3.7,20,0
2003,Florida Marlins,162,395,155,24,17,50,36,14,0.72,103,48,176,60,0.34,0.978,115,63,217,173,49,173,104,291,112,78,120,87,3.5,20,1
2003,Houston Astros,162,502,161,27,22,64,50,14,0.78,155,90,211,74,0.35,1.018,169,123,210,238,74,190,124,378,144,96,155,119,3.5,18,0
2003,Kansas City Royals,162,407,155,26,29,65,36,29,0.55,127,61,191,93,0.49,0.961,131,83,193,207,40,160,110,297,132,83,144,55,3.8,22,0
2003,Los Angeles Dodgers,162,438,159,19,20,66,58,8,0.88,153,81,150,37,0.25,1.054,166,97,175,195,79,164,93,345,114,132,118,148,3.2,16,0
2003,Milwaukee Brewers,162,460,157,29,21,72,44,28,0.61,134,59,198,65,0.33,0.996,160,66,234,176,57,227,116,344,115,95,122,91,3.4,19,0
2003,Minnesota Twins,162,399,155,24,21,64,45,19,0.7,130,65,221,74,0.33,0.975,152,82,165,190,57,152,132,267,121,103,135,85,3.7,20,1
2003,Montreal Expos,162,437,147,27,22,60,42,18,0.7,135,68,234,70,0.3,1.029,165,89,183,176,64,197,132,305,108,139,125,101,3.1,17,0
2003,New York Mets,161,412,158,9,30,53,38,15,0.72,117,59,193,59,0.31,1.005,127,84,201,165,53,194,117,295,134,104,154,73,3.6,20,0
2003,New York Yankees,163,367,155,18,19,67,49,18,0.73,129,57,243,92,0.38,0.976,130,64,173,214,42,111,142,225,108,110,128,76,3.2,18,1
2003,Oakland Athletics,162,364,146,29,14,60,48,12,0.8,115,53,199,41,0.21,0.981,124,81,159,175,44,145,115,249,107,85,121,72,3.5,19,1
2003,Philadelphia Phillies,162,437,153,23,20,51,33,18,0.65,115,56,240,72,0.3,0.976,140,89,208,193,67,177,131,306,120,131,125,105,3.3,17,0
2003,Pittsburgh Pirates,162,457,155,23,28,68,44,24,0.65,156,76,257,90,0.35,1.01,158,104,195,196,59,202,147,310,127,151,137,120,3.3,18,0
2003,San Diego Padres,162,473,160,21,30,49,31,18,0.63,117,60,297,112,0.38,0.997,158,87,228,169,78,226,176,297,135,155,156,102,3.2,18,0
2003,Seattle Mariners,162,366,154,18,11,52,38,14,0.73,104,48,175,56,0.32,0.937,107,52,207,190,41,135,111,255,97,95,112,56,3.4,19,0
2003,San Francisco Giants,161,461,154,33,15,60,43,17,0.72,145,76,270,84,0.31,1.028,177,90,194,228,77,156,158,303,118,153,131,114,3.2,17,1
2003,St. Louis Cardinals,162,460,153,24,25,72,41,31,0.57,152,72,254,93,0.37,0.991,152,93,215,239,52,169,157,303,116,160,138,115,3.2,18,0
2003,Tampa Bay Devil Rays,162,372,155,26,29,55,30,25,0.55,115,55,261,86,0.33,1.015,138,84,150,151,39,182,153,219,161,83,183,59,4.4,23,0
2003,Texas Rangers,162,494,158,24,26,63,43,20,0.68,141,74,325,120,0.37,0.939,141,123,230,204,49,241,197,297,192,136,220,93,3.7,21,0
2003,Toronto Blue Jays,162,444,148,17,23,53,35,18,0.66,128,65,311,98,0.32,0.947,123,115,206,200,48,196,193,251,133,183,159,113,3.1,17,0
2004,Anaheim Angels,162,343,160,25,16,67,50,17,0.75,121,54,163,54,0.33,0.978,115,88,140,187,37,119,94,249,156,34,161,61,4.3,24,1
2004,Arizona Diamondbacks,162,471,157,17,31,55,33,22,0.6,115,55,299,95,0.32,0.991,158,94,219,147,71,253,163,308,139,149,161,99,3.3,19,0
2004,Atlanta Braves,162,483,158,28,17,68,48,20,0.71,144,72,198,65,0.33,1.007,144,114,225,244,54,185,114,369,78,122,81,130,3.0,16,1
2004,Baltimore Orioles,162,452,154,26,26,47,27,20,0.57,107,53,304,104,0.34,1.007,155,81,216,183,79,190,172,280,149,115,170,101,3.6,21,0
2004,Boston Red Sox,162,437,158,25,17,49,36,13,0.73,108,53,235,81,0.34,0.954,133,78,226,213,62,162,141,296,105,131,126,106,3.0,16,1
2004,Chicago Cubs,162,460,159,28,22,66,42,24,0.64,138,69,218,66,0.3,1.02,162,85,213,212,71,177,125,335,98,147,112,130,3.0,17,0
2004,Chicago White Sox,162,399,154,21,21,46,34,12,0.74,106,57,209,62,0.3,0.931,124,69,206,170,48,181,132,267,116,120,139,87,3.2,18,0
2004,Cincinnati Reds,162,497,157,31,28,78,47,31,0.6,162,81,226,93,0.41,1.008,165,112,220,200,68,229,128,369,132,130,153,122,3.2,18,0
2004,Cleveland Indians,162,479,154,31,33,60,32,28,0.53,118,55,264,88,0.33,1.041,185,98,196,181,102,196,156,323,130,130,145,121,3.4,19,0
2004,Colorado Rockies,162,473,159,19,39,70,36,34,0.51,139,67,207,68,0.33,1.036,172,91,210,200,78,195,121,352,111,132,129,76,3.2,18,0
2004,Detroit Tigers,162,432,155,19,28,63,35,28,0.56,123,57,294,94,0.32,0.999,152,86,194,177,66,189,165,267,136,134,167,81,3.3,18,0
2004,Florida Marlins,162,404,156,22,25,75,53,22,0.71,134,55,231,72,0.31,0.991,150,73,181,185,58,161,128,276,124,111,132,95,3.5,19,0
2004,Houston Astros,162,493,160,27,24,70,47,23,0.67,151,75,238,59,0.25,1.024,154,105,234,261,54,178,140,353,127,141,136,126,3.2,18,1
2004,Kansas City Royals,162,409,156,20,30,47,25,22,0.53,98,48,265,77,0.29,0.926,129,60,220,143,55,211,157,252,137,123,150,49,3.6,20,0
2004,Los Angeles Dodgers,162,459,160,36,19,60,51,9,0.85,122,55,199,59,0.3,0.975,146,100,213,186,83,190,127,332,135,135,141,128,3.4,19,1
2004,Milwaukee Brewers,161,423,155,16,25,64,42,22,0.66,128,59,204,83,0.41,0.993,147,78,198,173,58,192,117,306,145,79,152,64,3.7,20,0
2004,Minnesota Twins,162,435,158,33,24,68,48,20,0.71,117,48,258,93,0.36,1.023,176,80,179,184,90,161,143,292,129,124,144,106,3.4,19,1
2004,Montreal Expos,162,462,151,27,29,50,31,19,0.62,114,57,227,78,0.34,0.996,148,88,226,169,71,222,132,330,153,133,162,110,3.5,19,0
2004,New York Mets,162,474,160,25,30,52,31,21,0.6,124,70,221,83,0.38,1.03,162,109,203,184,90,200,130,344,139,123,149,121,3.3,18,0
2004,New York Yankees,162,436,161,31,15,76,59,17,0.78,155,69,288,100,0.35,0.993,167,92,177,233,46,157,173,263,136,115,155,131,3.4,19,1
2004,Oakland Athletics,162,414,152,27,26,63,35,28,0.56,141,71,226,61,0.27,1.101,169,77,168,205,71,138,137,277,97,138,119,94,3.2,18,0
2004,Philadelphia Phillies,162,476,158,32,29,68,43,25,0.63,153,82,189,60,0.32,1.046,183,107,186,219,75,182,106,370,115,99,122,120,3.4,18,0
2004,Pittsburgh Pirates,161,464,158,22,27,69,46,23,0.67,149,77,243,85,0.35,1.04,158,99,207,196,49,219,138,326,108,123,124,137,3.3,18,0
2004,San Diego Padres,162,437,159,23,17,64,44,20,0.69,142,76,206,67,0.33,0.958,137,100,200,219,47,171,124,313,108,99,116,77,3.3,18,0
2004,Seattle Mariners,162,414,155,26,30,49,28,21,0.57,97,42,271,88,0.32,1.028,160,53,201,135,81,198,158,256,125,133,149,82,3.4,19,0
2004,San Francisco Giants,162,521,154,30,29,74,46,28,0.62,177,86,381,94,0.25,1.059,219,98,204,243,90,188,226,295,122,229,144,159,2.7,16,0
2004,St. Louis Cardinals,162,469,158,31,16,73,57,16,0.78,168,90,213,57,0.27,1.029,162,95,212,265,52,152,143,326,102,181,120,121,2.9,15,1
2004,Tampa Bay Devil Rays,161,401,158,23,20,46,35,11,0.76,94,46,325,106,0.33,0.931,113,96,192,144,37,220,183,218,180,96,204,60,4.1,23,0
2004,Texas Rangers,162,468,157,34,15,66,52,14,0.79,147,76,299,79,0.26,1.017,151,111,206,230,52,186,188,280,153,143,195,82,3.5,19,0
2004,Toronto Blue Jays,161,431,155,16,34,53,37,16,0.7,104,46,230,88,0.38,0.996,131,101,199,150,62,219,138,293,134,104,147,80,3.4,19,0
2005,Arizona Diamondbacks,162,458,156,22,20,62,45,17,0.73,129,64,237,89,0.38,1.021,163,76,219,176,68,214,138,320,102,141,113,124,3.0,17,0
2005,Atlanta Braves,162,484,154,25,29,62,38,24,0.61,143,73,213,66,0.31,1.047,160,103,221,234,72,178,118,366,58,154,67,125,2.8,16,1
2005,Baltimore Orioles,162,474,160,17,27,58,38,20,0.66,136,71,288,86,0.3,0.976,147,106,221,197,62,215,166,308,126,144,156,121,3.2,18,0
2005,Boston Red Sox,162,442,156,27,22,57,38,19,0.67,118,59,240,93,0.39,0.952,127,95,220,207,63,172,156,286,86,162,116,99,2.9,16,1
2005,Chicago Cubs,162,457,154,21,27,58,39,19,0.67,133,69,237,74,0.31,1.04,162,82,213,184,59,214,136,321,84,147,98,103,2.9,17,0
2005,Chicago White Sox,162,412,153,24,19,73,54,19,0.74,161,79,245,62,0.25,1.107,181,82,149,223,56,133,159,253,96,162,127,114,2.9,16,1
2005,Cincinnati Reds,163,491,161,26,20,47,31,16,0.66,115,63,230,69,0.3,0.937,134,89,268,176,54,261,140,351,109,142,120,110,3.1,17,0
2005,Cleveland Indians,162,409,156,22,18,66,51,15,0.77,145,74,198,55,0.28,1.022,160,79,170,219,59,131,123,286,108,108,120,90,3.3,17,0
2005,Colorado Rockies,162,459,158,18,25,64,37,27,0.58,136,68,199,68,0.34,1.024,167,73,219,182,52,225,116,343,96,104,106,91,3.2,18,0
2005,Detroit Tigers,162,425,155,20,21,57,37,20,0.65,118,57,224,67,0.3,0.985,151,64,210,162,65,198,141,284,109,133,125,91,3.2,18,0
2005,Florida Marlins,162,449,148,18,22,61,42,19,0.69,121,55,241,101,0.42,0.986,140,87,222,181,66,202,132,317,99,123,108,103,3.2,18,0
2005,Houston Astros,163,434,157,16,20,58,45,13,0.78,125,66,193,60,0.31,0.992,128,96,210,217,50,167,112,322,68,136,73,119,2.9,15,1
2005,Kansas City Royals,162,443,158,23,33,43,25,18,0.58,100,55,280,108,0.39,0.941,141,91,211,157,66,220,166,277,163,93,183,67,3.7,22,0
2005,Los Angeles Angels of Anaheim,162,378,155,25,23,71,54,17,0.76,128,54,151,34,0.23,1.058,155,58,165,194,58,126,102,276,120,76,130,88,3.6,20,1
2005,Los Angeles Dodgers,162,458,156,22,30,59,40,19,0.68,131,66,190,57,0.3,0.983,142,102,214,178,65,215,121,337,102,148,109,126,3.1,17,0
2005,Milwaukee Brewers,162,395,155,23,24,67,46,21,0.69,132,61,218,66,0.3,1.039,152,83,160,178,60,157,120,275,117,99,130,71,3.4,19,0
2005,Minnesota Twins,162,396,153,29,24,60,44,16,0.73,113,52,163,47,0.29,1.047,151,96,149,149,87,160,91,305,93,92,104,87,3.3,17,0
2005,New York Mets,162,392,154,24,20,59,38,21,0.64,114,48,193,60,0.31,1.024,124,69,199,174,46,172,109,283,94,108,110,74,3.2,18,0
2005,New York Yankees,162,418,154,25,16,67,46,21,0.69,143,69,273,103,0.38,0.928,131,78,209,219,27,172,158,260,121,122,145,92,3.3,18,1
2005,Oakland Athletics,162,410,153,25,15,56,38,18,0.68,110,47,254,76,0.3,0.967,116,80,214,180,41,189,144,266,118,122,141,79,3.3,18,0
2005,Philadelphia Phillies,162,442,158,25,19,63,40,23,0.63,142,78,167,52,0.31,0.961,140,86,216,224,48,170,96,346,89,90,101,119,3.2,18,0
2005,Pittsburgh Pirates,162,451,158,19,30,47,35,12,0.74,110,60,220,68,0.31,0.963,142,89,220,164,66,221,134,317,137,110,146,108,3.4,18,0
2005,San Diego Padres,162,456,158,30,20,65,45,20,0.69,142,71,223,79,0.35,1.015,161,93,202,202,68,186,130,326,122,100,132,87,3.4,18,1
2005,Seattle Mariners,162,433,156,19,29,59,39,20,0.66,135,73,261,75,0.29,1.003,156,77,200,174,56,203,161,272,113,151,132,73,3.2,18,0
2005,San Francisco Giants,162,511,158,30,26,74,46,28,0.62,174,89,325,87,0.27,1.058,201,102,208,222,69,220,185,326,115,192,132,145,3.0,16,0
2005,St. Louis Cardinals,162,436,147,19,15,65,48,17,0.74,161,86,246,64,0.26,1.017,144,90,202,243,46,147,152,284,76,177,98,88,2.7,15,1
2005,Tampa Bay Devil Rays,162,401,161,22,30,69,43,26,0.62,143,66,274,97,0.35,1.013,144,86,171,184,48,169,161,240,151,97,174,67,3.9,21,0
2005,Texas Rangers,162,454,160,24,26,68,46,22,0.68,120,48,319,105,0.33,0.979,138,105,211,199,49,206,178,276,152,123,179,79,3.6,20,0
2005,Toronto Blue Jays,162,432,153,20,25,56,35,21,0.63,128,67,265,61,0.23,0.984,139,103,190,199,53,180,169,263,151,113,180,77,3.5,19,0
2005,Washington Nationals,162,470,158,29,27,70,51,19,0.73,144,69,246,65,0.26,1.121,174,99,197,194,67,209,141,329,110,139,118,142,3.1,17,0
2006,Arizona Diamondbacks,162,461,154,21,27,54,34,20,0.63,131,75,147,40,0.27,1.002,157,96,208,189,70,202,90,371,90,95,93,87,3.2,18,0
2006,Atlanta Braves,162,522,156,25,23,67,38,29,0.57,128,56,263,78,0.3,0.966,144,109,269,207,57,258,143,379,91,174,96,146,2.9,17,0
2006,Baltimore Orioles,162,472,157,19,25,56,35,21,0.63,119,58,234,83,0.35,0.962,133,112,227,178,58,236,143,329,122,157,132,102,3.3,19,0
2006,Boston Red Sox,162,454,159,25,20,69,46,23,0.67,155,80,252,96,0.38,1.011,168,86,200,222,53,179,149,305,131,100,148,94,3.3,19,0
2006,Chicago Cubs,162,542,160,18,27,46,29,17,0.63,119,68,254,64,0.25,0.963,142,115,285,197,69,276,151,391,124,171,148,166,3.1,18,0
2006,Chicago White Sox,162,398,157,18,20,63,46,17,0.73,130,64,286,94,0.33,0.965,147,79,172,188,52,158,182,216,117,154,141,83,3.1,17,0
2006,Cincinnati Reds,162,476,153,29,21,60,36,24,0.6,112,49,208,65,0.31,0.993,157,80,239,177,65,234,126,350,84,153,96,121,3.0,16,0
2006,Cleveland Indians,162,377,149,16,27,47,24,23,0.51,87,40,173,67,0.39,0.966,103,71,203,165,40,172,107,270,108,91,121,48,3.4,19,0
2006,Colorado Rockies,162,499,157,24,23,60,34,26,0.57,145,76,313,106,0.34,1.0,170,99,230,219,57,223,180,319,82,175,99,107,2.8,15,0
2006,Detroit Tigers,162,390,159,20,20,62,46,16,0.74,142,75,203,76,0.37,1.009,133,95,162,212,35,143,129,261,130,93,147,52,3.6,19,1
2006,Florida Marlins,162,438,156,16,28,68,41,27,0.6,139,70,205,69,0.34,1.039,140,86,212,203,47,188,119,319,96,105,108,76,3.3,19,0
2006,Houston Astros,162,497,157,22,24,62,42,20,0.68,139,75,224,66,0.29,1.041,164,100,233,227,79,191,135,362,99,166,110,157,3.1,16,0
2006,Kansas City Royals,162,473,159,24,34,66,35,31,0.53,135,66,357,123,0.34,0.988,175,96,202,178,60,235,213,260,162,132,184,91,3.7,21,0
2006,Los Angeles Angels of Anaheim,162,380,157,25,17,63,50,13,0.79,113,50,192,68,0.35,0.989,127,87,166,174,57,149,111,269,122,76,135,99,3.7,20,0
2006,Los Angeles Dodgers,162,454,161,24,25,62,40,22,0.65,121,56,196,64,0.33,1.021,153,91,210,213,77,164,107,347,140,83,145,106,3.6,20,1
2006,Milwaukee Brewers,162,427,155,27,29,67,43,24,0.64,130,59,211,74,0.35,1.024,167,81,179,165,71,191,121,306,109,136,114,77,3.3,18,0
2006,Minnesota Twins,162,421,161,26,10,50,40,10,0.8,123,68,196,51,0.26,0.908,115,108,198,206,47,168,126,295,131,99,150,82,3.5,18,1
2006,New York Mets,162,474,157,32,15,58,43,15,0.74,133,72,181,53,0.29,1.01,164,90,220,239,66,169,109,365,107,90,118,119,3.4,19,1
2006,New York Yankees,162,489,157,23,23,60,43,17,0.72,153,83,295,93,0.32,0.985,173,117,199,267,61,161,181,308,128,153,150,112,3.1,18,1
2006,Oakland Athletics,162,444,157,25,15,74,54,20,0.73,168,84,259,74,0.29,1.035,154,101,189,226,41,177,153,291,111,146,136,104,3.1,17,1
2006,Philadelphia Phillies,162,500,158,25,27,64,42,22,0.66,153,86,231,80,0.35,1.019,166,111,223,239,64,197,137,363,107,140,117,128,3.2,18,0
2006,Pittsburgh Pirates,162,505,160,23,25,60,39,21,0.65,136,72,255,80,0.31,1.058,183,109,213,180,92,233,158,347,104,162,121,156,3.0,17,0
2006,San Diego Padres,162,475,158,30,23,71,50,21,0.7,155,81,179,57,0.32,1.024,178,109,188,215,86,174,109,366,93,105,99,113,3.1,17,1
2006,Seattle Mariners,162,429,156,27,19,67,47,20,0.7,151,72,309,97,0.31,1.014,174,87,168,189,65,175,176,253,136,131,160,81,3.4,19,0
2006,San Francisco Giants,161,438,154,24,24,59,37,22,0.63,134,68,277,104,0.38,1.017,162,81,195,183,59,196,157,281,103,160,114,98,3.1,17,0
2006,St. Louis Cardinals,161,469,155,22,24,57,38,19,0.67,133,73,255,84,0.33,0.993,142,101,226,223,66,180,155,314,128,166,148,95,3.1,17,1
2006,Tampa Bay Devil Rays,162,444,159,25,31,54,33,21,0.61,105,47,283,113,0.4,1.032,143,96,205,152,66,226,167,277,156,118,179,79,3.5,20,0
2006,Texas Rangers,162,489,159,19,24,65,42,23,0.65,151,80,242,68,0.28,0.948,158,89,242,233,46,210,151,338,116,126,141,86,3.3,18,0
2006,Toronto Blue Jays,162,482,156,26,13,62,42,20,0.68,161,89,291,97,0.33,0.967,148,117,217,238,38,206,173,309,142,145,171,94,3.3,18,0
2006,Washington Nationals,162,517,161,26,27,55,32,23,0.58,125,63,243,68,0.28,0.998,147,105,265,194,69,254,141,376,129,128,142,138,3.2,19,0
2007,Arizona Diamondbacks,162,469,155,30,19,66,51,15,0.77,157,86,192,60,0.31,1.03,160,98,211,218,53,198,109,360,88,118,96,96,3.1,17,1
2007,Atlanta Braves,162,528,161,26,20,52,36,16,0.69,120,64,232,73,0.31,0.956,148,103,277,230,72,226,122,406,94,128,101,145,3.1,17,0
2007,Baltimore Orioles,162,490,158,24,35,55,30,25,0.55,140,78,313,119,0.38,1.035,174,112,204,204,74,212,170,320,130,152,151,111,3.2,19,0
2007,Boston Red Sox,162,451,157,19,14,57,45,12,0.79,141,78,219,50,0.23,0.975,140,111,200,237,29,185,136,315,92,113,111,90,3.0,16,1
2007,Chicago Cubs,162,478,160,21,27,53,39,14,0.74,128,67,232,54,0.23,0.998,158,103,217,209,70,199,138,340,112,131,124,99,3.1,17,1
2007,Chicago White Sox,162,463,153,19,25,65,42,23,0.65,152,74,354,116,0.33,1.017,188,102,173,196,73,194,209,254,100,210,137,132,2.8,16,0
2007,Cincinnati Reds,162,522,156,23,31,62,34,28,0.55,128,58,313,109,0.35,1.017,185,100,237,192,87,243,195,327,107,209,125,133,2.8,16,0
2007,Cleveland Indians,162,395,153,26,17,64,49,15,0.77,137,71,208,56,0.27,1.048,160,80,155,201,62,132,116,279,108,95,124,79,3.4,19,1
2007,Colorado Rockies,163,529,159,35,26,68,39,29,0.57,154,80,227,72,0.32,1.01,198,95,236,252,79,198,133,396,78,134,87,112,3.0,16,1
2007,Detroit Tigers,162,443,161,26,24,65,44,21,0.68,143,72,258,72,0.28,1.003,148,96,199,235,53,155,165,278,140,112,166,70,3.5,20,0
2007,Florida Marlins,162,560,162,29,28,65,40,25,0.62,178,107,260,64,0.25,1.002,173,137,250,247,68,245,151,409,120,151,132,138,3.1,18,0
2007,Houston Astros,162,476,160,25,21,63,38,25,0.6,133,65,185,53,0.29,1.018,167,74,235,200,69,207,112,364,110,131,120,131,3.2,18,0
2007,Kansas City Royals,162,448,160,20,23,54,36,18,0.67,132,74,287,80,0.28,0.957,152,92,204,193,52,203,179,269,161,117,181,75,3.7,20,0
2007,Los Angeles Angels of Anaheim,162,396,157,22,16,57,43,14,0.75,134,74,198,64,0.32,1.007,125,97,174,211,41,144,122,274,115,84,130,94,3.5,19,1
2007,Los Angeles Dodgers,162,483,158,24,19,60,43,17,0.72,136,73,212,60,0.28,0.964,148,103,232,212,61,210,129,354,120,117,128,125,3.3,18,0
2007,Milwaukee Brewers,162,492,159,23,32,69,49,20,0.71,168,95,242,86,0.36,1.002,179,99,214,238,68,186,141,351,92,149,107,117,3.1,17,0
2007,Minnesota Twins,162,438,157,20,18,52,38,14,0.73,121,65,222,65,0.29,0.946,138,89,211,190,54,194,131,307,112,132,128,99,3.2,17,0
2007,New York Mets,162,499,160,22,21,57,39,18,0.68,141,78,267,79,0.3,0.992,164,109,226,222,66,211,153,346,111,139,129,123,3.1,17,0
2007,New York Yankees,162,522,161,29,21,55,34,21,0.62,127,70,296,99,0.33,0.97,152,96,274,259,61,202,175,347,112,159,139,116,3.0,17,1
2007,Oakland Athletics,162,446,158,24,26,61,36,25,0.59,128,66,252,73,0.29,1.006,151,93,202,189,56,201,150,296,125,126,141,112,3.3,19,0
2007,Philadelphia Phillies,162,498,157,28,23,63,42,21,0.67,158,91,254,94,0.37,1.028,173,111,214,239,69,190,143,355,121,150,130,129,3.1,18,1
2007,Pittsburgh Pirates,162,495,158,22,24,51,32,19,0.63,122,68,236,82,0.35,0.99,160,85,250,186,68,241,139,356,111,169,124,117,3.1,17,0
2007,San Diego Padres,163,485,162,30,25,67,45,22,0.67,145,76,212,67,0.32,1.014,174,112,199,234,83,168,113,372,124,98,129,122,3.4,18,0
2007,Seattle Mariners,162,456,156,29,12,58,43,15,0.74,136,74,371,111,0.3,0.955,162,93,201,201,58,197,210,246,134,165,165,93,3.3,19,0
2007,San Francisco Giants,162,496,157,20,33,60,37,23,0.62,155,86,269,103,0.38,1.06,190,93,213,213,78,205,161,335,101,170,123,132,2.9,16,0
2007,St. Louis Cardinals,162,516,160,30,12,45,34,11,0.76,116,68,212,73,0.34,0.908,126,103,287,211,59,246,130,386,119,149,130,103,3.2,17,0
2007,Tampa Bay Devil Rays,162,483,160,21,34,50,28,22,0.56,113,58,275,114,0.41,0.981,153,96,234,179,63,241,159,324,106,142,122,113,3.1,19,0
2007,Texas Rangers,162,467,162,33,22,57,42,15,0.74,137,79,260,74,0.28,1.001,163,97,207,205,67,195,147,320,157,106,185,79,3.8,22,0
2007,Toronto Blue Jays,162,420,151,19,25,69,44,25,0.64,138,64,243,84,0.35,1.057,164,81,175,190,61,169,168,252,129,142,166,75,3.2,18,0
2007,Washington Nationals,162,588,162,30,27,74,46,28,0.62,180,97,307,97,0.32,1.029,204,143,241,243,95,250,166,422,114,161,124,183,3.0,17,0
2008,Arizona Diamondbacks,162,444,156,17,28,62,39,23,0.63,132,68,138,49,0.36,0.992,161,65,218,205,52,187,86,358,67,87,71,102,3.1,17,0
2008,Atlanta Braves,162,545,160,22,30,46,26,20,0.57,123,76,248,73,0.29,0.957,152,100,293,232,74,239,148,397,122,188,132,137,3.1,17,0
2008,Baltimore Orioles,161,492,157,21,31,60,35,25,0.58,123,57,384,149,0.39,1.008,149,127,216,185,65,242,210,282,152,161,180,88,3.3,19,0
2008,Boston Red Sox,162,466,157,24,20,69,47,22,0.68,144,66,250,80,0.32,0.997,149,104,213,244,60,162,143,323,115,125,132,91,3.1,17,1
2008,Chicago Cubs,161,478,159,28,24,68,44,24,0.65,152,76,238,61,0.26,1.022,167,98,213,263,59,156,137,341,109,138,124,112,3.1,18,1
2008,Chicago White Sox,163,463,159,23,18,52,34,18,0.65,130,74,274,96,0.35,0.992,161,95,207,218,68,177,165,298,93,154,117,101,3.0,16,1
2008,Cincinnati Reds,162,507,160,23,20,55,34,21,0.62,117,58,240,80,0.33,0.978,141,89,277,188,75,244,137,370,105,133,119,124,3.1,18,0
2008,Cleveland Indians,162,399,152,19,25,51,31,20,0.61,105,51,190,73,0.38,0.994,119,81,199,181,53,165,115,284,122,103,136,78,3.3,19,0
2008,Colorado Rockies,162,485,159,20,27,59,36,23,0.61,123,59,196,67,0.34,0.984,159,75,251,190,51,244,112,373,104,85,111,85,3.3,18,0
2008,Detroit Tigers,162,440,161,22,30,62,34,28,0.55,129,61,319,122,0.38,0.996,151,87,202,201,64,175,178,262,151,129,168,72,3.5,20,0
2008,Florida Marlins,161,511,159,31,25,60,36,24,0.6,155,86,256,78,0.3,1.044,197,94,220,236,78,197,143,368,104,164,115,121,3.0,17,0
2008,Houston Astros,161,488,157,26,23,65,48,17,0.74,146,79,219,49,0.22,0.948,146,105,237,214,60,214,136,352,117,134,127,108,3.2,17,0
2008,Kansas City Royals,162,439,160,18,19,60,44,16,0.73,121,59,246,85,0.35,0.947,135,82,222,188,51,200,142,297,125,105,146,79,3.4,19,0
2008,Los Angeles Angels of Anaheim,162,383,155,27,22,89,66,23,0.74,164,75,166,61,0.37,1.077,170,66,147,226,41,116,102,281,105,80,116,87,3.4,19,1
2008,Los Angeles Dodgers,162,461,157,28,24,57,35,22,0.61,120,60,234,70,0.3,0.977,148,105,208,206,67,188,137,324,129,130,142,94,3.4,19,1
2008,Milwaukee Brewers,162,445,150,31,24,71,45,26,0.63,143,69,200,51,0.26,1.056,163,92,190,206,79,160,119,326,101,132,116,81,3.2,18,1
2008,Minnesota Twins,163,485,158,24,27,65,42,23,0.65,144,75,290,78,0.27,0.978,186,94,205,222,73,190,165,320,110,153,126,115,3.1,16,0
2008,New York Mets,162,557,157,28,28,72,43,29,0.6,179,99,301,86,0.29,1.046,205,125,227,266,104,187,174,383,86,237,96,172,2.7,15,0
2008,New York Yankees,162,475,161,30,20,52,42,10,0.81,138,78,212,79,0.37,0.999,152,103,220,231,63,181,131,344,133,91,145,88,3.4,19,0
2008,Oakland Athletics,161,441,157,27,20,52,33,19,0.63,124,68,206,67,0.33,1.02,155,89,197,184,60,197,119,322,119,81,126,87,3.4,19,0
2008,Philadelphia Phillies,162,468,158,33,23,62,47,15,0.76,145,79,216,68,0.31,1.038,187,87,194,213,78,177,126,342,93,130,103,124,3.1,17,1
2008,Pittsburgh Pirates,162,497,159,34,28,56,34,22,0.61,122,64,235,59,0.25,0.99,161,95,241,176,85,236,138,359,137,126,156,111,3.4,19,0
2008,San Diego Padres,162,491,159,20,34,57,30,27,0.53,113,55,211,85,0.4,1.027,168,91,232,180,84,227,120,371,120,111,131,109,3.3,19,0
2008,Seattle Mariners,162,469,158,25,31,67,36,31,0.54,133,57,284,103,0.36,1.032,171,77,221,176,65,228,167,302,138,145,155,95,3.4,19,0
2008,San Francisco Giants,162,478,158,25,28,60,41,19,0.68,126,56,304,80,0.26,1.038,178,85,215,173,82,223,174,304,115,151,132,97,3.1,18,0
2008,St. Louis Cardinals,162,506,160,22,31,73,42,31,0.58,189,107,232,67,0.29,1.047,182,110,214,284,63,159,138,368,105,179,117,104,3.0,17,0
2008,Tampa Bay Rays,162,448,155,31,17,68,52,16,0.76,151,80,234,59,0.25,1.03,180,83,185,218,68,162,147,301,117,142,134,112,3.2,18,1
2008,Texas Rangers,162,457,156,27,30,65,36,29,0.55,142,75,240,97,0.4,1.022,173,81,203,220,64,173,125,332,128,90,137,85,3.8,22,0
2008,Toronto Blue Jays,162,421,147,15,23,56,44,12,0.79,132,73,212,58,0.27,1.071,162,97,162,197,72,152,131,290,94,121,114,84,3.0,16,0
2008,Washington Nationals,161,517,159,25,27,57,28,29,0.49,126,67,246,98,0.4,1.006,170,89,258,187,84,246,138,379,124,129,138,121,3.2,18,0
2009,Arizona Diamondbacks,162,483,158,23,26,55,36,19,0.65,109,46,237,90,0.38,0.985,139,103,241,163,71,249,129,354,96,133,105,80,3.0,16,0
2009,Atlanta Braves,162,488,159,21,27,60,38,22,0.63,134,71,201,59,0.29,1.072,184,83,221,231,87,170,110,378,71,137,74,142,2.9,16,0
2009,Baltimore Orioles,162,484,160,20,29,53,31,22,0.58,119,61,280,87,0.31,0.949,152,89,243,184,57,243,165,319,150,128,173,66,3.4,19,0
2009,Boston Red Sox,162,463,154,27,17,59,41,18,0.69,133,72,222,64,0.29,1.013,146,95,222,238,65,160,141,322,90,117,119,68,3.1,18,1
2009,Chicago Cubs,161,480,158,21,24,58,40,18,0.69,140,76,223,62,0.28,1.016,170,93,217,219,74,187,124,356,89,133,101,128,3.0,18,0
2009,Chicago White Sox,162,415,158,22,22,54,36,18,0.67,111,55,213,81,0.38,0.975,136,79,200,174,64,177,126,289,116,104,133,70,3.4,19,0
2009,Cincinnati Reds,162,478,156,19,19,53,41,12,0.77,138,81,221,67,0.3,1.007,178,95,205,197,80,201,129,349,93,129,113,115,3.1,17,0
2009,Cleveland Indians,162,445,157,20,24,43,25,18,0.58,104,49,257,97,0.38,0.941,128,84,233,171,53,221,159,286,139,117,161,67,3.5,20,0
2009,Colorado Rockies,162,484,157,23,20,61,45,16,0.74,138,73,265,85,0.32,0.992,171,91,222,225,68,191,157,327,86,172,98,115,2.9,16,1
2009,Detroit Tigers,163,439,159,26,22,66,42,24,0.64,138,67,262,82,0.31,1.023,138,105,196,221,46,172,166,273,127,130,148,86,3.4,19,0
2009,Florida Marlins,162,530,157,31,23,69,45,24,0.65,166,93,262,84,0.32,1.011,172,123,235,251,69,210,148,382,103,159,121,118,3.1,18,0
2009,Houston Astros,162,497,157,26,24,66,39,27,0.59,161,84,224,73,0.33,0.971,153,100,244,211,48,238,121,376,109,135,115,131,3.2,18,0
2009,Kansas City Royals,162,426,152,16,26,56,34,22,0.61,110,50,272,123,0.45,0.968,136,71,219,154,46,226,158,268,133,118,158,72,3.4,20,0
2009,Los Angeles Angels of Anaheim,162,434,153,27,23,70,51,19,0.73,155,79,225,69,0.31,1.012,130,111,193,245,42,147,133,301,115,122,131,91,3.3,19,1
2009,Los Angeles Dodgers,162,526,161,37,23,70,44,26,0.63,152,77,254,73,0.29,1.075,187,116,223,243,99,184,161,365,125,155,142,125,3.2,17,1
2009,Milwaukee Brewers,162,512,161,25,23,67,44,23,0.66,162,91,260,79,0.3,0.962,151,119,242,231,58,223,144,368,114,135,139,120,3.2,18,0
2009,Minnesota Twins,163,480,159,25,20,64,48,16,0.75,151,82,291,98,0.34,0.96,154,110,216,220,62,198,172,308,134,150,152,115,3.2,18,1
2009,New York Mets,162,511,159,17,28,60,39,21,0.65,140,76,242,66,0.27,1.013,156,102,253,199,73,239,141,370,106,177,111,138,2.9,16,0
2009,New York Yankees,162,461,159,40,17,67,51,16,0.76,145,74,258,70,0.27,1.0,165,100,196,229,70,162,153,308,139,140,155,88,3.4,19,1
2009,Oakland Athletics,162,488,160,24,23,51,38,13,0.75,123,68,231,82,0.35,0.931,132,107,249,203,67,218,146,342,136,96,155,108,3.4,19,0
2009,Philadelphia Phillies,162,459,154,27,23,66,44,22,0.67,152,81,188,49,0.26,1.005,149,96,214,231,55,173,104,355,94,132,102,107,3.2,18,1
2009,Pittsburgh Pirates,161,456,156,18,28,45,28,17,0.62,109,62,183,65,0.36,0.939,120,99,237,167,63,226,111,345,84,146,91,90,3.1,17,0
2009,San Diego Padres,162,528,160,29,25,68,45,23,0.66,162,92,226,61,0.27,1.001,183,88,257,206,82,240,128,400,112,114,123,119,3.2,18,0
2009,Seattle Mariners,162,410,158,27,30,77,49,28,0.64,160,82,191,61,0.32,1.105,177,90,143,194,70,146,106,304,126,79,136,76,3.6,20,0
2009,San Francisco Giants,162,457,151,25,21,58,41,17,0.71,135,70,270,83,0.31,1.036,165,81,211,216,77,164,160,297,119,146,138,84,3.0,17,0
2009,St. Louis Cardinals,162,481,154,22,18,57,43,14,0.75,140,75,247,58,0.23,1.018,140,100,241,235,50,196,153,328,89,202,106,102,2.7,15,1
2009,Tampa Bay Rays,162,510,159,26,23,63,41,22,0.65,156,79,349,109,0.31,0.976,180,102,228,238,71,201,227,283,104,238,136,141,2.7,15,0
2009,Texas Rangers,162,436,154,19,19,58,45,13,0.78,139,77,227,82,0.36,0.952,128,109,199,214,49,173,136,300,113,103,131,81,3.3,19,0
2009,Toronto Blue Jays,162,445,152,17,30,41,25,16,0.61,92,50,194,65,0.34,0.986,140,88,217,182,72,191,120,325,105,114,123,83,3.3,18,0
2009,Washington Nationals,162,532,156,24,39,58,33,25,0.57,126,62,336,109,0.32,1.027,181,110,241,160,90,282,197,335,122,209,146,154,2.9,17,0
2010,Arizona Diamondbacks,162,454,159,16,32,59,35,24,0.59,111,48,189,78,0.41,0.977,142,67,245,166,65,223,105,349,73,132,77,82,2.9,17,0
2010,Atlanta Braves,162,490,160,32,19,58,41,17,0.71,136,77,198,57,0.29,1.01,167,89,234,228,82,180,114,376,64,131,74,140,2.9,16,1
2010,Baltimore Orioles,162,454,159,24,24,62,35,27,0.56,138,71,271,86,0.32,1.009,163,87,204,171,63,220,169,285,127,150,160,90,3.2,18,0
2010,Boston Red Sox,162,443,159,19,23,67,44,23,0.66,137,67,260,79,0.3,1.054,170,71,202,216,66,161,148,295,106,140,123,84,3.0,17,0
2010,Chicago Cubs,162,482,161,15,27,54,40,14,0.74,127,69,270,77,0.29,0.992,152,76,254,203,62,217,151,331,100,152,122,113,3.0,18,0
2010,Chicago White Sox,162,407,156,24,20,57,43,14,0.75,119,57,222,63,0.28,1.009,134,74,199,194,53,160,130,277,96,112,109,63,3.3,18,0
2010,Cincinnati Reds,162,501,158,34,27,63,43,20,0.68,143,74,229,78,0.34,1.031,183,94,224,235,88,178,132,369,79,151,98,140,2.9,16,1
2010,Cleveland Indians,162,470,152,18,22,50,34,16,0.68,128,72,265,69,0.26,0.99,169,77,224,187,74,209,163,307,114,129,132,82,3.1,18,0
2010,Colorado Rockies,162,513,156,25,27,56,35,21,0.63,148,84,246,68,0.28,1.037,184,108,221,230,74,209,151,362,91,203,104,128,2.8,15,0
2010,Detroit Tigers,162,416,156,28,22,45,32,13,0.71,107,60,250,94,0.38,0.981,131,90,195,180,56,180,156,260,126,124,151,73,3.4,18,0
2010,Florida Marlins,162,481,157,17,25,64,39,25,0.61,155,86,232,68,0.29,0.991,161,98,222,230,47,204,129,352,103,130,107,107,3.1,18,0
2010,Houston Astros,162,507,158,24,23,60,45,15,0.75,148,82,206,61,0.3,1.005,138,110,259,210,58,239,129,378,68,172,80,121,2.7,15,0
2010,Kansas City Royals,162,441,155,21,27,65,44,21,0.68,131,64,238,93,0.39,1.001,155,95,191,165,68,208,139,302,111,101,132,86,3.4,19,0
2010,Los Angeles Angels of Anaheim,162,410,152,18,19,56,39,17,0.7,120,63,150,56,0.37,1.02,134,81,195,184,60,166,89,321,71,81,75,76,3.2,19,0
2010,Los Angeles Dodgers,162,474,158,25,18,59,41,18,0.69,133,70,268,110,0.41,0.999,156,92,226,208,64,202,157,317,118,167,130,95,3.1,17,0
2010,Milwaukee Brewers,162,495,159,25,29,56,35,21,0.63,145,86,238,81,0.34,0.986,153,91,251,215,54,226,135,360,101,127,115,102,3.1,18,0
2010,Minnesota Twins,162,465,153,21,18,59,40,19,0.68,142,76,244,58,0.24,0.98,152,80,233,228,55,182,144,321,89,155,107,106,2.9,16,1
2010,New York Mets,162,491,154,26,27,52,36,16,0.69,124,63,261,73,0.28,1.06,163,92,236,189,89,213,154,337,94,167,110,146,2.9,17,0
2010,New York Yankees,162,430,159,23,17,57,39,18,0.68,139,74,213,61,0.29,0.966,145,77,208,240,50,140,134,296,122,131,143,76,3.3,18,1
2010,Oakland Athletics,162,423,155,17,23,51,38,13,0.75,122,65,199,54,0.27,0.964,132,87,204,188,66,169,129,294,97,128,118,81,3.1,17,0
2010,Philadelphia Phillies,162,451,148,27,17,60,40,20,0.67,124,61,158,51,0.32,0.977,139,77,235,213,64,174,100,351,52,133,63,114,2.8,16,1
2010,Pittsburgh Pirates,162,517,161,23,21,49,31,18,0.63,121,67,217,79,0.36,0.92,131,105,281,169,54,294,131,386,90,131,98,122,3.1,18,0
2010,San Diego Padres,162,499,160,24,16,64,49,15,0.77,179,111,208,53,0.25,1.013,182,108,209,242,70,187,122,377,97,125,107,132,3.1,17,0
2010,Seattle Mariners,162,358,151,15,29,55,38,17,0.69,92,36,159,60,0.38,1.014,124,61,173,120,51,187,94,264,102,74,114,53,3.5,19,0
2010,San Francisco Giants,162,476,156,31,15,73,57,16,0.78,150,65,278,66,0.24,1.029,164,97,215,223,61,192,163,313,103,155,118,118,2.9,16,1
2010,St. Louis Cardinals,162,455,155,18,20,42,32,10,0.76,110,59,210,63,0.3,0.959,134,77,244,220,64,171,128,327,104,144,121,80,3.1,17,0
2010,Tampa Bay Rays,162,491,156,23,16,67,51,16,0.76,156,82,254,68,0.27,0.966,162,105,224,246,68,177,176,315,72,194,102,135,2.8,15,1
2010,Texas Rangers,162,481,155,32,19,66,46,20,0.7,151,82,258,71,0.28,1.044,179,114,188,227,81,173,154,327,98,142,126,110,3.1,17,1
2010,Toronto Blue Jays,162,455,157,22,26,61,45,16,0.74,133,69,237,74,0.31,0.996,152,87,216,213,66,176,137,318,108,121,125,77,3.2,18,0
2010,Washington Nationals,162,494,160,27,29,57,37,20,0.65,137,73,267,88,0.33,1.009,155,104,235,186,76,232,164,330,139,144,162,101,3.3,18,0
2011,Arizona Diamondbacks,162,463,157,23,14,71,58,13,0.82,148,75,202,63,0.31,0.993,145,90,228,208,53,202,119,344,58,148,65,116,2.8,16,1
2011,Atlanta Braves,162,510,159,26,25,77,52,25,0.68,177,99,215,51,0.24,1.092,218,108,184,232,107,171,122,388,86,130,93,145,3.1,17,0
2011,Baltimore Orioles,162,478,159,23,21,51,32,19,0.63,112,59,218,72,0.33,0.95,140,88,250,166,66,246,128,350,141,109,156,63,3.6,20,0
2011,Boston Red Sox,162,445,160,26,22,52,36,16,0.69,128,75,199,57,0.29,0.98,128,97,220,217,55,173,130,315,127,97,139,90,3.5,19,0
2011,Chicago Cubs,162,495,158,25,26,64,40,24,0.63,154,86,212,64,0.3,1.057,164,92,239,200,64,231,133,362,96,141,113,128,3.0,17,0
2011,Chicago White Sox,162,410,156,21,22,63,42,21,0.67,139,72,241,60,0.25,1.037,149,73,188,194,54,162,154,256,119,133,148,65,3.2,18,0
2011,Cincinnati Reds,162,501,158,29,28,61,39,22,0.64,136,73,215,62,0.29,1.06,174,103,224,202,88,211,131,370,97,154,105,116,3.0,17,0
2011,Cleveland Indians,162,483,160,27,21,54,38,16,0.7,135,78,226,80,0.35,1.001,180,82,221,210,88,185,141,342,94,139,111,107,3.1,17,0
2011,Colorado Rockies,162,517,157,20,21,64,41,23,0.64,163,95,209,61,0.29,0.988,194,97,226,223,81,213,129,388,73,160,89,129,3.0,16,0
2011,Detroit Tigers,162,421,158,23,20,62,52,10,0.84,132,61,213,72,0.34,0.996,150,87,184,204,57,160,128,293,96,116,110,85,3.2,19,1
2011,Florida Marlins,162,508,155,30,30,59,40,19,0.68,136,69,255,69,0.27,1.02,178,117,213,193,94,221,143,365,116,178,127,113,3.0,17,0
2011,Houston Astros,162,503,160,21,35,50,25,25,0.5,103,50,219,71,0.32,0.981,153,79,271,150,89,264,137,366,93,179,103,125,2.8,16,0
2011,Kansas City Royals,162,420,160,26,26,59,37,22,0.63,118,58,234,58,0.25,1.059,170,85,165,162,85,173,142,278,133,86,149,56,3.6,21,0
2011,Los Angeles Angels of Anaheim,162,386,150,24,26,64,39,25,0.61,123,58,197,57,0.29,1.089,169,58,159,172,86,128,123,263,98,104,118,57,3.3,18,0
2011,Los Angeles Dodgers,161,461,154,17,18,53,40,13,0.75,118,63,229,76,0.33,0.989,139,93,229,194,69,198,133,328,77,143,90,86,2.9,16,0
2011,Milwaukee Brewers,162,434,161,23,23,66,47,19,0.71,142,74,123,44,0.36,1.002,142,87,205,220,66,148,77,357,66,87,70,93,3.1,17,1
2011,Minnesota Twins,162,457,155,17,28,52,32,20,0.62,115,59,304,87,0.29,0.984,153,79,225,156,60,241,170,287,95,151,117,82,3.0,17,0
2011,New York Mets,162,514,156,24,27,67,43,24,0.64,150,75,296,96,0.32,1.057,182,101,231,214,84,216,167,347,96,193,111,131,2.8,16,0
2011,New York Yankees,162,465,157,26,20,63,47,16,0.75,162,95,246,59,0.24,1.031,186,97,182,260,69,136,150,315,93,142,117,88,3.1,17,1
2011,Oakland Athletics,162,460,156,15,25,57,39,18,0.68,124,65,205,70,0.34,1.001,145,85,230,189,64,207,126,334,74,125,86,109,3.0,17,0
2011,Philadelphia Phillies,162,394,144,26,18,56,47,9,0.84,114,56,112,28,0.25,1.052,150,69,175,180,80,134,66,328,61,84,66,74,3.1,17,1
2011,Pittsburgh Pirates,162,549,157,23,29,65,43,22,0.66,170,92,298,82,0.28,1.072,201,107,241,219,84,246,175,374,100,178,108,134,2.9,16,0
2011,San Diego Padres,162,489,162,19,25,62,44,18,0.71,146,82,204,62,0.3,1.021,169,113,207,198,84,207,118,371,78,125,91,109,3.0,16,0
2011,Seattle Mariners,162,351,150,18,20,55,39,16,0.71,94,39,137,58,0.42,0.979,105,61,185,128,45,178,80,271,100,68,104,50,3.5,18,0
2011,San Francisco Giants,162,480,159,26,18,66,52,14,0.79,161,81,258,66,0.26,1.072,188,92,200,211,88,181,160,320,96,165,117,108,2.9,16,0
2011,St. Louis Cardinals,162,468,155,28,30,73,47,26,0.64,155,68,231,68,0.29,1.085,176,95,197,235,76,157,131,337,107,168,120,96,3.0,17,1
2011,Tampa Bay Rays,162,438,147,24,15,44,32,12,0.73,98,51,261,80,0.31,0.929,124,79,235,179,66,193,166,272,67,178,101,112,2.7,15,1
2011,Texas Rangers,162,417,152,22,26,57,38,19,0.67,124,65,199,52,0.26,0.928,136,85,196,218,54,145,126,291,82,108,95,76,3.2,18,1
2011,Toronto Blue Jays,162,474,155,30,20,58,33,25,0.57,111,50,234,61,0.26,0.976,150,81,243,186,71,217,147,327,104,137,115,62,3.1,17,0
2011,Washington Nationals,161,503,158,31,23,77,49,28,0.64,182,98,272,88,0.32,1.083,200,108,195,217,83,203,158,345,110,151,128,110,3.1,17,0
2012,Arizona Diamondbacks,162,461,158,17,20,59,39,20,0.66,131,68,188,53,0.28,0.942,129,84,248,215,46,200,105,356,60,103,66,104,3.0,16,0
2012,Atlanta Braves,162,460,157,25,14,60,47,13,0.78,144,83,209,60,0.29,0.98,153,98,209,225,66,169,128,332,84,103,92,115,3.2,16,1
2012,Baltimore Orioles,162,492,161,32,11,73,55,18,0.75,146,67,239,77,0.32,1.015,182,77,233,218,78,196,143,349,128,121,143,88,3.3,18,1
2012,Boston Red Sox,162,489,156,21,21,57,35,22,0.61,140,76,306,92,0.3,0.987,163,91,235,200,63,226,176,313,121,173,142,91,3.2,17,0
2012,Chicago Cubs,162,493,161,19,25,49,28,21,0.57,108,56,194,73,0.38,0.918,115,102,276,165,55,273,117,376,89,140,98,118,3.0,17,0
2012,Chicago White Sox,162,466,156,25,25,57,37,20,0.65,128,65,264,77,0.29,1.037,170,87,209,219,82,165,165,301,94,165,118,104,3.0,17,0
2012,Cincinnati Reds,162,425,153,31,22,74,56,18,0.76,151,73,189,43,0.23,1.08,158,96,171,200,72,153,110,315,87,120,100,78,3.1,17,1
2012,Cleveland Indians,162,493,160,20,18,56,43,13,0.77,141,81,225,64,0.28,0.947,152,98,243,187,77,229,140,353,117,113,128,102,3.2,18,0
2012,Colorado Rockies,162,575,162,35,30,63,36,27,0.57,143,73,257,78,0.3,0.973,163,127,285,217,63,295,156,419,161,139,187,113,3.4,19,0
2012,Detroit Tigers,162,420,153,25,23,56,40,16,0.71,133,74,206,64,0.31,1.017,150,91,179,209,57,154,130,290,107,109,119,103,3.3,18,1
2012,Houston Astros,162,541,159,12,31,50,31,19,0.62,133,70,313,101,0.32,0.961,149,106,286,190,60,291,187,354,111,206,139,128,2.8,16,0
2012,Kansas City Royals,162,500,160,25,21,64,44,20,0.69,144,78,302,99,0.33,1.039,173,117,210,192,70,238,190,310,129,147,155,108,3.4,18,0
2012,Los Angeles Angels of Anaheim,162,444,156,19,20,60,38,22,0.63,142,80,204,68,0.33,0.928,130,87,227,225,49,170,136,308,73,135,93,97,3.0,17,0
2012,Los Angeles Dodgers,162,506,160,30,20,60,40,20,0.67,143,81,261,67,0.26,1.048,175,99,232,223,76,207,147,359,74,164,87,118,2.7,15,0
2012,Miami Marlins,162,483,157,21,20,60,38,22,0.63,159,88,230,71,0.31,1.045,156,106,221,196,56,231,140,343,77,180,93,126,2.8,16,0
2012,Milwaukee Brewers,162,512,162,28,33,73,44,29,0.6,158,81,188,57,0.3,1.029,168,101,243,261,70,181,107,405,85,139,91,149,3.0,18,0
2012,Minnesota Twins,162,499,159,27,21,49,35,14,0.71,113,63,254,76,0.3,0.941,146,92,261,166,74,259,148,351,118,120,146,83,3.4,18,0
2012,New York Mets,162,505,155,16,29,55,36,19,0.65,123,66,232,73,0.31,0.959,143,89,273,193,57,255,147,358,79,209,96,115,2.7,16,0
2012,New York Yankees,162,485,156,24,17,65,51,14,0.78,155,87,290,64,0.22,1.0,158,124,203,243,52,190,187,298,100,211,138,117,2.7,15,1
2012,Oakland Athletics,162,462,161,30,14,64,47,17,0.73,147,79,217,63,0.29,1.012,163,96,203,217,77,168,129,333,128,110,144,93,3.3,18,1
2012,Philadelphia Phillies,162,440,157,22,27,61,42,19,0.69,142,78,174,56,0.32,1.052,148,103,189,187,74,179,112,328,76,148,85,95,2.9,16,0
2012,Pittsburgh Pirates,162,483,160,18,19,59,45,14,0.76,154,93,198,51,0.26,0.988,165,99,219,217,55,211,114,369,79,121,90,74,3.1,17,0
2012,San Diego Padres,162,529,158,22,21,60,43,17,0.72,168,99,300,72,0.24,0.993,180,113,236,232,69,228,176,353,104,168,115,126,2.9,16,0
2012,Seattle Mariners,162,452,154,20,25,62,43,19,0.69,125,61,230,65,0.28,1.035,148,82,222,182,79,191,152,300,115,183,147,89,3.0,16,0
2012,San Francisco Giants,162,526,157,23,19,67,53,14,0.79,179,102,300,70,0.23,0.994,172,106,248,268,68,190,183,343,94,241,106,136,2.6,14,1
2012,St. Louis Cardinals,162,506,158,17,27,64,42,22,0.66,179,105,243,65,0.27,1.023,173,112,221,267,74,165,145,361,74,168,90,118,2.8,15,1
2012,Tampa Bay Rays,162,471,155,20,21,58,50,8,0.86,146,78,199,50,0.25,0.988,151,115,205,227,64,180,126,345,78,131,93,122,3.0,16,0
2012,Texas Rangers,162,428,155,21,14,52,43,9,0.83,116,61,198,60,0.3,0.936,147,68,213,210,60,158,117,311,84,98,99,92,3.2,17,1
2012,Toronto Blue Jays,162,495,157,21,20,44,29,15,0.66,119,72,216,66,0.31,0.939,132,114,249,193,68,234,145,350,104,140,124,84,3.2,18,0
2012,Washington Nationals,162,482,159,26,19,68,51,17,0.75,178,105,177,47,0.27,1.056,161,141,180,259,68,155,112,370,99,120,110,106,3.2,17,1
2013,Arizona Diamondbacks,162,527,156,35,22,67,38,29,0.57,137,64,225,54,0.24,1.082,205,84,238,195,111,221,133,394,77,155,88,121,3.0,16,0
2013,Atlanta Braves,162,466,161,29,15,69,53,16,0.77,163,91,197,46,0.23,0.989,154,103,209,235,71,160,121,345,77,137,85,125,3.0,16,1
2013,Baltimore Orioles,162,473,160,29,26,84,57,27,0.68,165,80,221,72,0.33,1.052,183,103,187,230,76,167,142,331,119,127,152,84,3.3,17,0
2013,Boston Red Sox,162,451,157,30,23,57,33,24,0.58,136,74,229,78,0.34,1.004,160,98,193,244,72,135,140,311,99,136,123,71,3.1,17,1
2013,Chicago Cubs,162,489,159,21,31,65,39,26,0.6,130,63,205,56,0.27,1.03,151,98,240,182,68,239,126,363,80,145,90,112,2.9,17,0
2013,Chicago White Sox,162,470,157,19,36,60,40,20,0.67,155,89,270,78,0.29,1.078,213,88,169,181,106,183,168,302,102,159,128,135,3.0,17,0
2013,Cincinnati Reds,162,461,157,24,24,59,43,16,0.73,142,78,186,48,0.26,0.999,167,83,211,204,92,165,110,351,88,129,97,90,3.1,17,1
2013,Cleveland Indians,162,540,159,33,16,60,38,22,0.63,142,78,308,84,0.27,0.992,166,104,270,244,80,216,194,346,92,181,130,123,2.9,16,1
2013,Colorado Rockies,162,503,161,20,28,53,35,18,0.66,139,82,185,53,0.29,0.99,165,93,245,218,87,198,109,394,122,118,130,97,3.3,18,0
2013,Detroit Tigers,162,428,159,17,25,55,39,16,0.71,125,68,208,58,0.28,1.009,149,74,205,216,69,143,124,304,97,140,122,79,3.1,17,1
2013,Houston Astros,162,447,160,14,40,61,32,29,0.52,139,70,263,72,0.27,1.01,168,91,188,168,77,202,161,286,139,148,171,83,3.6,20,0
2013,Kansas City Royals,162,427,157,33,24,73,52,21,0.71,160,85,228,65,0.29,1.039,190,76,161,208,76,143,128,299,94,105,112,74,3.2,17,0
2013,Los Angeles Angels of Anaheim,162,496,158,20,27,58,41,17,0.71,143,79,281,94,0.33,1.045,182,94,220,213,74,209,166,330,84,170,101,130,3.0,17,0
2013,Los Angeles Dodgers,162,504,155,30,24,66,46,20,0.7,156,85,258,62,0.24,1.027,176,108,220,220,91,193,156,348,89,175,118,118,2.8,16,1
2013,Miami Marlins,162,471,160,24,34,53,36,17,0.68,109,52,182,55,0.3,1.054,176,90,205,144,111,216,114,357,112,111,131,88,3.3,18,0
2013,Milwaukee Brewers,162,501,158,26,28,63,40,23,0.63,150,83,204,65,0.32,0.981,156,104,241,205,75,221,114,387,92,122,103,97,3.1,17,0
2013,Minnesota Twins,162,511,161,27,22,58,40,18,0.69,136,77,269,87,0.32,0.98,155,123,233,178,70,263,166,345,131,142,153,80,3.4,18,0
2013,New York Mets,162,534,158,26,31,58,40,18,0.69,133,69,268,69,0.26,1.058,202,88,244,186,104,244,163,371,103,204,113,135,2.8,15,0
2013,New York Yankees,162,428,155,30,14,62,49,13,0.79,131,67,225,61,0.27,0.98,143,104,181,188,67,173,141,287,101,136,114,82,3.3,19,0
2013,Oakland Athletics,162,447,156,24,18,67,46,21,0.69,134,64,214,69,0.32,0.995,138,81,228,228,61,158,133,314,96,112,113,84,3.2,18,1
2013,Philadelphia Phillies,162,466,156,25,26,48,32,16,0.67,104,55,210,76,0.36,0.968,152,57,257,158,83,225,116,350,82,125,94,93,3.1,18,0
2013,Pittsburgh Pirates,162,465,159,30,20,70,55,15,0.79,158,87,176,42,0.24,1.035,165,98,202,217,78,170,105,360,124,84,130,76,3.5,18,1
2013,San Diego Padres,162,488,159,25,29,53,40,13,0.75,131,76,240,66,0.28,0.974,161,99,228,190,92,206,141,347,111,131,122,102,3.2,18,0
2013,Seattle Mariners,162,448,158,16,33,66,43,23,0.65,137,65,273,90,0.33,1.024,181,70,197,193,82,173,164,284,140,135,168,82,3.4,19,0
2013,San Francisco Giants,162,524,160,27,30,55,41,14,0.75,144,81,299,87,0.29,1.03,196,108,220,206,105,213,181,343,111,219,129,144,2.9,15,0
2013,St. Louis Cardinals,162,483,155,20,19,65,44,21,0.68,150,83,267,60,0.22,0.969,159,90,234,262,76,145,154,329,93,165,109,114,3.0,16,1
2013,Tampa Bay Rays,163,485,154,27,24,60,42,18,0.7,147,85,232,72,0.31,1.015,162,118,205,226,86,173,142,343,97,143,116,111,3.1,17,1
2013,Texas Rangers,163,475,159,35,18,57,46,11,0.81,134,74,235,65,0.28,1.019,173,92,210,218,90,167,144,331,94,126,116,105,3.1,17,0
2013,Toronto Blue Jays,162,487,158,28,31,58,39,19,0.67,123,62,250,64,0.26,0.975,162,99,226,190,90,207,151,336,133,120,153,69,3.4,18,0
2013,Washington Nationals,162,440,156,29,22,68,47,21,0.69,147,79,120,46,0.38,0.985,140,95,205,218,59,163,75,365,69,85,74,99,3.3,18,0
2014,Arizona Diamondbacks,162,488,160,23,29,56,35,21,0.63,134,75,213,70,0.33,1.02,177,81,230,180,79,229,127,361,83,143,98,94,3.1,17,0
2014,Atlanta Braves,162,472,157,21,23,67,54,13,0.81,150,81,234,56,0.24,1.076,172,87,213,203,82,187,136,336,63,158,72,122,2.8,16,0
2014,Baltimore Orioles,162,479,159,28,21,72,53,19,0.74,171,97,238,59,0.25,1.055,185,99,195,244,85,150,148,331,125,135,151,92,3.2,17,1
2014,Boston Red Sox,162,493,159,21,27,54,36,18,0.67,123,63,219,65,0.3,0.998,184,82,227,175,105,213,143,350,89,150,108,108,3.0,16,0
2014,Chicago Cubs,162,537,161,23,26,58,37,21,0.64,144,81,221,67,0.3,1.011,176,107,254,211,100,226,136,401,90,153,100,104,3.0,16,0
2014,Chicago White Sox,162,453,159,23,32,57,36,21,0.63,142,68,274,87,0.32,1.03,164,90,199,194,76,183,164,289,123,134,144,96,3.1,18,0
2014,Cincinnati Reds,162,428,157,11,31,63,44,19,0.7,133,69,201,46,0.23,1.031,152,74,202,175,68,185,106,322,76,123,87,82,3.0,17,0
2014,Cleveland Indians,162,573,156,35,22,63,40,23,0.63,145,78,343,67,0.2,1.072,197,108,268,213,109,251,232,341,111,254,152,148,2.7,15,0
2014,Colorado Rockies,162,547,161,22,31,50,24,26,0.48,130,74,237,93,0.39,0.986,193,86,268,214,100,233,129,418,86,165,95,119,2.9,16,0
2014,Detroit Tigers,162,473,157,22,17,58,41,17,0.71,134,72,244,80,0.33,1.0,137,87,249,224,53,196,145,328,79,148,97,99,2.8,16,1
2014,Houston Astros,162,438,155,20,26,56,31,25,0.55,127,65,243,77,0.32,0.991,135,94,209,195,65,178,152,286,117,148,140,81,3.2,18,0
2014,Kansas City Royals,162,451,159,28,18,65,53,12,0.82,143,75,174,52,0.3,0.987,147,101,203,210,58,183,109,342,68,101,75,93,3.1,17,1
2014,Los Angeles Angels of Anaheim,162,543,159,30,22,62,46,16,0.74,152,84,244,82,0.34,0.996,191,106,246,260,106,177,140,403,76,142,82,143,3.0,17,1
2014,Los Angeles Dodgers,162,496,155,18,24,62,47,15,0.76,155,89,186,47,0.25,1.01,156,84,256,256,72,168,112,384,82,155,93,108,3.0,16,1
2014,Miami Marlins,162,487,159,30,25,64,42,22,0.66,137,70,217,64,0.29,1.05,181,91,215,179,97,211,133,354,103,139,111,107,3.1,18,0
2014,Milwaukee Brewers,162,478,159,21,23,65,45,20,0.69,148,76,185,49,0.26,0.992,156,94,228,214,80,184,114,364,66,132,74,114,2.9,16,0
2014,Minnesota Twins,162,491,160,22,22,58,38,20,0.66,131,68,243,76,0.31,0.973,145,106,240,195,66,230,139,352,93,121,109,83,3.2,17,0
2014,New York Mets,162,489,161,22,28,64,42,22,0.66,141,73,241,48,0.2,1.052,182,98,209,201,96,192,147,342,103,180,115,112,2.9,16,0
2014,New York Yankees,162,475,157,25,27,69,48,21,0.7,158,85,284,77,0.27,1.048,183,99,193,216,84,175,179,296,146,156,170,96,3.2,18,0
2014,Oakland Athletics,162,441,155,26,23,52,31,21,0.6,115,61,192,57,0.3,0.986,145,74,222,198,82,161,117,324,96,106,109,101,3.2,16,1
2014,Philadelphia Phillies,162,461,160,26,24,56,40,16,0.71,115,58,166,55,0.33,1.077,175,67,219,172,100,189,101,360,70,109,80,111,3.0,17,0
2014,Pittsburgh Pirates,162,452,160,33,25,72,48,24,0.67,164,91,165,60,0.36,1.078,172,98,182,227,80,145,85,367,79,88,80,91,3.2,17,1
2014,San Diego Padres,162,481,158,21,15,49,41,8,0.84,126,75,203,42,0.21,0.98,146,104,231,180,74,227,125,356,86,117,93,104,3.0,17,0
2014,Seattle Mariners,162,498,160,25,20,63,51,12,0.81,155,87,215,58,0.27,1.002,163,99,236,244,75,179,140,358,112,159,127,87,3.0,16,0
2014,San Francisco Giants,162,475,154,32,14,64,46,18,0.72,150,81,216,64,0.3,0.969,131,109,235,224,55,196,140,335,100,160,109,102,3.0,15,1
2014,St. Louis Cardinals,162,485,154,26,23,72,55,17,0.76,171,95,229,52,0.23,1.101,186,92,207,230,85,170,132,353,93,154,105,119,3.0,16,1
2014,Tampa Bay Rays,162,494,159,23,28,56,37,19,0.66,136,75,232,61,0.26,1.022,177,93,224,202,88,204,143,351,106,144,123,112,3.1,18,0
2014,Texas Rangers,162,476,156,21,26,47,33,14,0.7,117,69,260,81,0.31,0.93,137,98,241,164,70,242,157,319,103,138,138,75,3.2,18,0
2014,Toronto Blue Jays,162,449,159,20,22,63,45,18,0.71,145,78,258,73,0.28,0.984,135,95,219,209,52,188,162,287,114,138,133,73,3.2,18,0
2014,Washington Nationals,162,458,157,26,17,62,45,17,0.73,157,93,175,50,0.29,0.976,156,106,196,226,75,157,100,358,71,108,76,67,3.1,16,1
2015,Arizona Diamondbacks,162,550,161,28,27,65,44,21,0.68,157,86,268,85,0.32,0.994,181,115,254,227,91,232,160,390,133,171,146,104,3.2,18,0
2015,Atlanta Braves,162,532,159,22,29,70,44,26,0.63,162,82,294,77,0.26,1.002,196,98,238,195,97,240,172,360,78,195,95,136,2.7,15,0
2015,Baltimore Orioles,162,453,162,30,19,58,43,15,0.74,115,55,226,73,0.32,0.982,127,108,218,179,71,203,142,311,142,102,162,76,3.4,19,0
2015,Boston Red Sox,162,475,159,19,24,61,40,21,0.66,126,63,251,76,0.3,0.974,156,95,224,197,81,197,159,316,114,143,138,91,3.2,18,0
2015,Chicago Cubs,162,552,156,37,26,67,48,19,0.72,163,89,251,76,0.3,1.019,207,119,226,256,111,185,161,391,71,186,83,131,2.8,15,1
2015,Chicago White Sox,162,414,155,24,23,52,37,15,0.71,120,61,210,67,0.32,0.996,147,79,188,162,69,183,127,287,100,113,115,95,3.2,18,0
2015,Cincinnati Reds,162,521,160,22,31,57,35,22,0.61,120,63,176,57,0.32,1.021,173,96,252,167,108,246,99,422,93,108,97,102,3.2,18,0
2015,Cleveland Indians,161,476,150,16,16,50,38,12,0.76,120,63,291,81,0.28,0.902,115,91,270,191,48,237,180,296,108,165,139,85,2.9,15,0
2015,Colorado Rockies,162,584,158,27,32,61,36,25,0.59,163,100,240,72,0.3,0.972,181,127,276,228,88,268,149,435,97,199,106,129,2.9,17,0
2015,Detroit Tigers,161,505,154,27,21,60,35,25,0.58,116,50,299,96,0.32,0.958,149,94,262,189,74,242,185,320,105,177,143,131,3.0,17,0
2015,Houston Astros,162,482,157,27,30,58,39,19,0.67,145,79,212,50,0.24,0.996,171,118,193,222,92,168,138,344,75,165,91,97,2.8,15,1
2015,Kansas City Royals,162,494,160,30,14,76,56,20,0.74,158,79,163,44,0.27,1.007,183,100,211,252,80,162,102,392,74,85,83,90,3.3,17,1
2015,Los Angeles Angels of Anaheim,162,518,160,30,19,67,46,21,0.69,155,86,277,80,0.29,0.999,173,102,243,212,77,229,178,340,86,177,111,146,2.8,15,0
2015,Los Angeles Dodgers,162,515,156,28,28,68,47,21,0.69,163,88,268,87,0.32,1.004,185,101,229,258,92,165,151,364,81,189,104,119,2.7,15,1
2015,Miami Marlins,162,486,162,22,27,56,35,21,0.63,140,80,239,63,0.26,0.989,157,88,241,207,64,215,133,353,110,136,122,86,3.2,17,0
2015,Milwaukee Brewers,162,496,161,23,15,54,40,14,0.74,129,73,181,55,0.3,0.918,124,93,279,187,49,260,118,378,107,117,116,101,3.2,18,0
2015,Minnesota Twins,162,520,160,25,27,60,45,15,0.75,141,77,284,91,0.32,0.985,176,103,241,213,89,218,177,343,112,170,147,123,3.0,16,0
2015,New York Mets,162,485,161,26,21,71,50,21,0.7,146,72,229,77,0.34,1.012,159,106,220,223,88,174,141,344,87,164,101,119,2.8,15,1
2015,New York Yankees,162,497,159,25,19,61,48,13,0.79,143,80,273,79,0.29,0.972,155,106,236,231,76,190,177,320,135,155,163,80,3.2,19,1
2015,Oakland Athletics,162,487,157,21,31,53,28,25,0.53,100,42,257,88,0.34,0.969,135,95,257,165,72,250,162,325,118,159,144,100,3.1,17,0
2015,Philadelphia Phillies,162,503,161,25,23,51,35,16,0.69,104,53,170,56,0.33,0.943,140,86,277,157,83,263,106,397,114,101,125,123,3.2,19,0
2015,Pittsburgh Pirates,162,500,162,31,16,68,54,14,0.79,169,100,183,38,0.21,1.079,180,120,200,245,102,153,108,392,84,113,87,124,3.1,16,1
2015,San Diego Padres,162,516,161,26,22,59,41,18,0.69,125,63,194,63,0.32,0.93,162,95,259,186,81,249,124,392,70,132,74,111,2.9,16,0
2015,Seattle Mariners,162,509,156,21,36,71,45,26,0.63,177,101,265,86,0.32,1.06,203,114,192,224,94,191,162,347,130,158,150,114,3.1,17,0
2015,San Francisco Giants,162,557,155,19,19,56,41,15,0.73,182,116,317,66,0.21,0.971,179,124,254,266,79,212,202,355,109,250,138,137,2.7,14,0
2015,St. Louis Cardinals,162,515,161,28,20,77,62,15,0.81,173,85,211,50,0.24,1.1,189,129,197,247,95,173,135,380,74,174,86,142,2.8,15,1
2015,Tampa Bay Rays,162,531,161,28,37,87,60,27,0.69,204,115,211,60,0.28,1.07,213,135,183,255,100,176,130,401,98,145,115,135,3.0,17,0
2015,Texas Rangers,162,498,157,26,20,62,45,17,0.73,162,94,263,75,0.29,1.0,183,111,204,242,67,189,158,340,89,149,107,122,3.0,17,1
2015,Toronto Blue Jays,162,469,155,21,27,56,34,22,0.61,122,62,219,69,0.32,0.908,135,98,236,241,69,159,135,334,102,138,114,85,3.0,16,1
2015,Washington Nationals,162,468,158,22,25,64,41,23,0.64,143,77,202,62,0.31,0.986,176,90,202,207,83,178,122,346,76,158,80,86,3.0,16,0
2016,Arizona Diamondbacks,162,575,160,23,24,53,31,22,0.58,131,69,290,106,0.37,1.009,179,105,291,201,84,290,167,408,97,180,112,130,3.0,17,0
2016,Atlanta Braves,161,587,160,28,29,58,39,19,0.67,129,64,289,89,0.31,0.994,203,109,275,192,111,284,186,401,108,199,133,129,2.9,17,0
2016,Baltimore Orioles,162,443,161,32,15,68,54,14,0.79,127,58,200,60,0.3,0.946,135,100,208,195,57,191,128,315,144,83,159,68,3.7,20,1
2016,Boston Red Sox,162,463,153,25,27,61,43,18,0.7,151,82,230,75,0.33,0.988,153,127,183,246,58,159,154,309,94,132,118,79,3.0,17,1
2016,Chicago Cubs,162,503,157,22,19,53,38,15,0.72,135,74,225,62,0.28,0.943,143,110,250,267,61,175,148,355,80,174,97,101,2.8,16,1
2016,Chicago White Sox,162,481,155,24,22,72,43,29,0.6,164,87,248,86,0.35,1.043,170,98,213,220,60,201,161,320,106,159,124,128,2.9,17,0
2016,Cincinnati Reds,162,484,160,23,32,53,28,25,0.53,112,57,196,57,0.29,0.964,135,84,265,188,55,241,103,381,144,84,152,67,3.6,21,0
2016,Cleveland Indians,161,504,156,28,20,48,37,11,0.77,105,54,241,61,0.25,0.925,147,104,253,203,93,208,151,353,107,157,136,103,3.0,17,1
2016,Colorado Rockies,162,533,160,22,29,65,37,28,0.57,144,73,235,85,0.36,0.948,154,106,273,240,57,236,145,388,93,195,108,121,3.0,17,0
2016,Detroit Tigers,161,476,158,30,20,66,47,19,0.71,143,75,233,78,0.33,0.968,152,90,234,230,52,194,137,339,103,114,119,93,3.2,17,0
2016,Houston Astros,162,500,160,27,19,64,44,20,0.69,166,102,186,58,0.31,0.989,170,119,211,228,66,206,122,378,98,115,112,87,3.3,18,0
2016,Kansas City Royals,162,472,159,31,24,60,41,19,0.68,142,80,228,62,0.27,0.997,175,102,195,208,67,197,135,337,111,92,119,85,3.4,19,0
2016,Los Angeles Angels,162,527,158,24,22,50,29,21,0.58,138,85,237,73,0.31,0.944,140,110,277,220,52,255,140,387,106,149,122,99,3.1,17,0
2016,Los Angeles Dodgers,162,606,159,32,22,69,47,22,0.68,179,103,257,72,0.28,0.965,175,158,273,287,89,230,154,452,103,191,126,143,2.9,16,1
2016,Miami Marlins,161,559,161,32,29,84,55,29,0.65,187,97,236,71,0.3,1.059,182,138,239,258,80,221,128,431,87,128,97,146,3.0,17,0
2016,Milwaukee Brewers,162,513,162,23,25,68,46,22,0.68,158,88,157,56,0.36,1.015,172,100,241,221,70,222,96,417,102,88,110,115,3.2,18,0
2016,Minnesota Twins,162,533,158,22,32,46,26,20,0.57,94,46,271,95,0.35,0.984,167,110,256,155,111,267,173,360,134,155,162,117,3.2,18,0
2016,New York Mets,162,538,161,29,20,71,55,16,0.77,180,102,262,66,0.25,1.005,188,118,232,248,74,216,155,383,104,167,117,141,2.9,17,1
2016,New York Yankees,162,483,162,36,19,64,48,16,0.75,149,80,232,77,0.33,0.969,159,98,226,226,64,193,151,332,109,122,130,99,3.2,18,0
2016,Oakland Athletics,162,492,160,26,26,65,42,23,0.65,134,66,243,67,0.28,0.962,149,110,233,186,61,245,153,339,142,119,156,96,3.4,19,0
2016,Philadelphia Phillies,162,505,158,23,28,63,43,20,0.68,147,81,190,67,0.35,1.004,167,112,226,208,80,217,119,386,98,126,105,128,3.1,18,0
2016,Pittsburgh Pirates,162,525,157,28,22,72,51,21,0.71,165,89,215,66,0.31,1.004,161,135,229,240,71,214,117,408,118,119,123,121,3.3,19,0
2016,San Diego Padres,162,510,161,25,20,53,35,18,0.66,129,74,187,64,0.34,0.96,155,111,244,202,77,231,102,408,103,104,112,120,3.3,18,0
2016,Seattle Mariners,162,477,160,24,23,74,49,25,0.66,173,97,189,54,0.29,1.015,169,94,213,242,58,176,115,361,105,108,115,93,3.3,18,0
2016,San Francisco Giants,162,575,152,25,24,75,43,32,0.57,218,125,304,66,0.22,1.064,239,126,210,300,93,182,198,377,75,264,102,148,2.5,13,1
2016,St. Louis Cardinals,162,481,160,28,21,55,38,17,0.69,128,70,184,57,0.31,1.001,131,108,242,210,57,214,101,380,90,114,99,97,3.2,18,0
2016,Tampa Bay Rays,162,485,161,20,33,60,42,18,0.7,141,75,225,62,0.28,0.983,150,105,230,207,69,209,135,350,121,154,138,100,3.1,18,0
2016,Texas Rangers,162,479,161,41,20,73,56,17,0.77,178,103,224,67,0.3,1.028,178,104,197,253,51,175,126,353,111,111,124,85,3.3,18,1
2016,Toronto Blue Jays,162,487,162,23,32,65,43,22,0.66,142,74,220,68,0.31,1.044,169,94,224,225,77,185,132,355,84,153,98,98,2.9,16,1
2016,Washington Nationals,162,509,161,23,23,61,46,15,0.75,165,91,248,62,0.25,1.01,176,113,220,266,80,163,141,368,106,196,126,119,2.9,15,1
2017,Arizona Diamondbacks,162,513,160,27,18,63,43,20,0.68,162,93,239,58,0.24,0.991,173,126,214,259,69,185,162,351,97,185,120,116,2.9,16,1
2017,Atlanta Braves,162,530,162,26,18,59,36,23,0.61,141,81,206,70,0.34,0.959,156,113,261,205,69,256,122,408,91,140,98,101,3.0,16,0
2017,Baltimore Orioles,162,492,161,30,18,53,35,18,0.66,115,58,267,77,0.29,0.912,140,90,262,189,60,243,170,322,153,119,180,93,3.6,20,0
2017,Boston Red Sox,162,515,157,29,15,58,39,19,0.67,147,83,250,69,0.28,0.984,168,134,213,226,86,203,157,358,123,152,138,97,3.1,18,1
2017,Chicago Cubs,162,531,160,28,23,57,38,19,0.67,152,90,202,69,0.34,0.95,177,94,260,272,67,192,121,410,94,130,103,85,3.2,18,1
2017,Chicago White Sox,162,520,162,29,20,40,25,15,0.63,104,56,312,87,0.28,0.915,143,97,280,179,68,273,189,331,160,169,205,108,3.2,18,0
2017,Cincinnati Reds,162,504,160,24,21,48,33,15,0.69,105,57,175,55,0.31,0.86,117,98,289,184,57,263,107,397,151,89,157,64,3.6,20,0
2017,Cleveland Indians,162,497,155,21,22,47,37,10,0.79,143,90,215,60,0.28,0.961,140,123,234,275,62,160,153,344,111,142,145,105,3.0,16,1
2017,Colorado Rockies,162,549,161,24,19,62,47,15,0.76,181,113,242,61,0.25,0.944,165,122,262,277,52,220,156,393,110,175,133,100,3.0,17,1
2017,Detroit Tigers,162,510,160,17,28,55,32,23,0.58,135,75,287,100,0.35,0.889,134,116,260,203,48,259,171,339,95,154,117,97,3.1,18,0
2017,Houston Astros,162,519,161,30,22,67,45,22,0.67,165,93,240,90,0.38,0.963,143,114,262,314,37,168,137,382,109,115,124,84,3.2,18,1
2017,Kansas City Royals,162,538,161,28,24,60,39,21,0.65,156,94,242,74,0.31,0.974,177,104,257,235,68,235,148,390,113,137,132,120,3.2,18,0
2017,Los Angeles Angels,162,543,161,36,24,65,43,22,0.66,152,80,222,55,0.25,0.978,177,113,253,236,67,240,138,405,105,130,121,92,3.1,17,0
2017,Los Angeles Dodgers,162,536,160,32,19,68,51,17,0.75,171,97,180,45,0.25,0.961,154,141,241,275,68,193,115,421,121,139,135,105,3.1,17,1
2017,Miami Marlins,162,580,161,30,30,60,34,26,0.57,163,99,218,80,0.37,0.974,167,139,274,270,82,228,128,452,105,115,119,120,3.2,18,0
2017,Milwaukee Brewers,162,550,161,27,36,79,54,25,0.68,185,103,216,61,0.28,1.048,193,143,214,278,86,186,136,414,109,131,128,124,3.1,18,0
2017,Minnesota Twins,162,520,156,24,20,62,42,20,0.68,150,83,300,83,0.28,0.924,155,104,261,238,47,235,191,329,150,160,185,95,3.3,18,1
2017,New York Mets,162,568,160,21,28,54,34,20,0.63,133,73,341,107,0.31,0.947,180,93,295,219,84,265,191,377,119,209,154,128,3.0,18,0
2017,New York Yankees,162,477,160,29,24,59,36,23,0.61,133,71,223,61,0.27,0.949,143,109,225,258,50,169,141,336,131,119,141,79,3.4,19,1
2017,Oakland Athletics,162,525,161,23,26,60,35,25,0.58,162,95,211,63,0.3,0.96,157,123,245,241,57,227,135,390,107,142,123,117,3.2,18,0
2017,Philadelphia Phillies,162,506,161,23,34,57,33,24,0.58,134,73,149,48,0.32,0.972,174,89,243,200,87,219,104,402,105,121,118,115,3.3,18,0
2017,Pittsburgh Pirates,162,502,160,27,28,57,36,21,0.63,143,85,194,56,0.29,0.985,158,107,237,222,67,213,111,391,101,116,107,110,3.3,18,0
2017,San Diego Padres,162,517,160,26,29,62,45,17,0.73,148,81,241,77,0.32,0.95,158,125,234,213,77,227,146,371,121,119,131,101,3.2,18,0
2017,Seattle Mariners,162,527,161,31,31,65,39,26,0.6,165,93,263,80,0.3,0.956,206,105,216,247,93,187,160,367,121,173,133,98,3.2,18,0
2017,San Francisco Giants,162,502,159,22,25,55,32,23,0.58,126,66,229,76,0.33,0.987,176,89,237,178,86,238,136,366,99,159,109,94,2.9,16,0
2017,St. Louis Cardinals,162,546,159,22,29,61,43,18,0.7,156,90,213,75,0.35,1.022,175,114,257,242,82,222,124,422,74,149,83,107,2.9,16,0
2017,Tampa Bay Rays,162,511,162,28,31,75,53,22,0.71,179,96,253,71,0.28,1.029,187,125,199,244,75,192,155,356,118,132,137,90,3.2,17,0
2017,Texas Rangers,162,464,160,22,25,50,29,21,0.58,121,66,263,104,0.4,0.936,135,114,215,216,54,194,152,312,122,129,138,72,3.3,19,0
2017,Toronto Blue Jays,162,578,160,29,26,72,45,27,0.63,161,81,298,82,0.28,1.034,204,121,253,244,87,247,184,394,133,167,157,100,3.1,17,0
2017,Washington Nationals,162,487,159,25,18,64,46,18,0.72,159,89,197,51,0.26,0.993,151,112,224,261,56,170,122,365,79,148,96,93,2.9,16,1
2018,Arizona Diamondbacks,162,574,160,23,35,66,39,27,0.59,189,111,254,81,0.32,1.06,217,121,235,280,107,186,153,420,95,197,107,143,2.8,16,0
2018,Atlanta Braves,162,553,160,30,26,60,40,20,0.67,162,98,235,76,0.32,1.023,183,126,244,259,84,210,138,415,97,158,108,92,3.0,17,1
2018,Baltimore Orioles,162,490,160,19,31,46,28,18,0.61,104,56,285,87,0.31,0.944,136,82,271,145,60,284,164,325,169,110,193,58,3.6,21,0
2018,Boston Red Sox,162,535,160,40,16,66,46,20,0.7,177,108,203,65,0.32,0.992,166,130,239,310,69,156,120,415,105,113,116,101,3.3,19,1
2018,Chicago Cubs,163,600,162,36,18,65,46,19,0.71,173,103,318,91,0.29,0.994,219,129,252,283,109,208,188,412,124,210,148,125,2.9,17,1
2018,Chicago White Sox,162,553,162,23,30,55,34,21,0.62,133,68,370,126,0.34,0.943,169,104,280,198,79,276,219,334,131,214,162,100,3.0,18,0
2018,Cincinnati Reds,162,544,161,26,27,57,38,19,0.67,139,74,300,78,0.26,0.903,145,119,280,204,70,270,188,356,143,140,187,103,3.3,18,0
2018,Cleveland Indians,162,509,157,15,29,58,41,17,0.71,138,76,242,65,0.27,0.992,165,100,244,247,84,178,157,352,91,204,128,121,2.7,15,1
2018,Colorado Rockies,163,518,163,32,29,78,51,27,0.65,186,106,234,87,0.37,1.021,176,120,222,270,58,190,135,383,98,140,105,103,3.0,17,1
2018,Detroit Tigers,162,542,162,28,31,61,37,24,0.61,142,76,270,83,0.31,0.949,174,119,249,209,73,260,154,388,122,139,143,101,3.2,18,0
2018,Houston Astros,162,510,159,31,23,67,46,21,0.69,179,106,194,47,0.24,1.007,173,114,223,298,62,150,119,391,76,138,86,80,2.9,16,1
2018,Kansas City Royals,162,483,160,20,36,57,33,24,0.58,114,52,228,85,0.37,0.991,163,88,232,169,82,232,137,346,115,126,133,75,3.4,19,0
2018,Los Angeles Angels,162,601,161,34,25,61,35,26,0.57,153,90,268,67,0.25,0.941,147,150,304,262,66,273,161,440,138,147,160,102,3.2,18,0
2018,Los Angeles Dodgers,163,593,163,35,33,75,48,27,0.64,172,92,197,47,0.24,1.009,186,146,260,284,100,208,124,468,110,173,127,115,2.9,16,1
2018,Miami Marlins,161,546,160,27,33,54,30,24,0.56,137,82,188,61,0.32,0.961,169,117,260,211,96,239,111,435,107,109,112,114,3.3,19,0
2018,Milwaukee Brewers,163,559,163,42,21,74,49,25,0.66,172,93,224,71,0.32,1.019,183,138,238,268,93,198,139,420,151,139,169,105,3.3,19,1
2018,Minnesota Twins,162,566,160,35,30,67,37,30,0.55,154,84,239,79,0.33,1.037,178,130,258,246,83,237,153,413,123,152,145,104,3.2,18,0
2018,New York Mets,162,501,159,27,36,60,41,19,0.68,135,65,201,69,0.34,1.026,161,118,222,200,107,194,120,381,140,140,151,72,3.3,19,0
2018,New York Yankees,162,508,160,35,20,67,49,18,0.73,145,77,173,56,0.32,0.976,153,124,231,255,83,170,112,396,126,83,135,75,3.5,20,1
2018,Oakland Athletics,162,578,160,45,17,63,44,19,0.7,160,87,238,83,0.35,0.982,177,137,264,266,94,218,149,429,140,138,160,116,3.3,18,1
2018,Philadelphia Phillies,162,596,162,26,26,64,44,20,0.69,178,105,269,81,0.3,0.996,185,149,262,255,102,239,172,424,119,220,145,120,2.9,16,0
2018,Pittsburgh Pirates,161,480,158,24,23,60,40,20,0.67,145,83,167,51,0.31,0.993,147,100,233,226,59,195,101,379,116,90,120,90,3.4,20,0
2018,San Diego Padres,162,536,162,28,30,53,36,17,0.68,141,85,193,50,0.26,0.979,179,103,253,198,104,233,114,421,150,107,160,84,3.6,19,0
2018,Seattle Mariners,162,537,159,35,24,81,60,21,0.74,194,109,203,78,0.38,0.985,187,152,198,252,83,202,125,412,84,135,94,122,3.1,17,0
2018,San Francisco Giants,162,549,161,31,30,66,36,30,0.55,151,82,231,71,0.31,1.039,215,96,238,221,116,212,136,413,89,130,103,100,3.1,17,0
2018,St. Louis Cardinals,162,565,161,29,28,65,43,22,0.66,156,89,282,88,0.31,1.017,163,145,257,245,89,231,166,399,109,175,130,105,3.0,17,0
2018,Tampa Bay Rays,162,553,162,55,36,74,52,22,0.7,206,125,273,87,0.32,1.026,192,182,179,313,111,129,174,379,204,157,234,122,4.5,24,0
2018,Texas Rangers,162,506,161,24,27,56,42,14,0.75,147,90,234,80,0.34,0.921,158,116,232,210,64,232,143,363,130,139,149,71,3.5,19,0
2018,Toronto Blue Jays,162,590,162,34,22,60,39,21,0.65,149,84,272,85,0.31,0.974,159,146,285,210,63,317,164,426,116,162,136,111,3.0,17,0
2018,Washington Nationals,162,563,160,27,27,54,40,14,0.74,138,82,234,56,0.24,0.969,175,121,267,234,97,232,135,428,75,177,84,126,2.8,15,0
2019,Arizona Diamondbacks,162,557,162,29,26,69,45,24,0.65,169,90,251,58,0.23,0.98,192,115,250,277,89,191,157,400,135,190,156,105,3.2,18,0
2019,Atlanta Braves,162,575,161,37,19,67,44,23,0.66,180,106,242,83,0.34,1.007,200,112,263,303,71,201,140,435,98,176,108,95,3.0,17,1
2019,Baltimore Orioles,162,533,162,18,32,54,27,27,0.5,115,57,293,112,0.38,0.89,150,123,260,190,65,278,185,348,192,148,234,75,3.7,22,0
2019,Boston Red Sox,162,632,161,34,28,64,33,31,0.52,160,91,237,71,0.3,1.0,184,158,290,288,92,252,137,495,121,164,131,135,3.2,19,0
2019,Chicago Cubs,162,577,161,33,31,66,38,28,0.58,149,73,290,95,0.33,0.991,192,125,260,273,98,206,176,401,100,216,119,103,2.9,17,0
2019,Chicago White Sox,161,536,155,24,21,50,33,17,0.66,133,74,296,95,0.32,0.925,152,112,272,200,75,261,183,353,154,158,182,93,3.2,18,0
2019,Cincinnati Reds,162,535,162,27,33,69,46,23,0.67,160,86,253,85,0.34,0.991,188,147,200,222,88,225,158,377,143,170,174,105,3.1,17,0
2019,Cleveland Indians,162,522,156,31,18,58,42,16,0.72,142,78,269,79,0.29,0.941,157,125,240,242,72,208,174,348,127,172,155,89,2.9,16,0
2019,Colorado Rockies,162,590,161,26,29,54,28,26,0.52,120,62,266,99,0.37,0.956,177,132,281,210,98,282,157,433,129,165,146,114,3.1,18,0
2019,Detroit Tigers,161,577,161,24,33,56,31,25,0.55,127,65,244,90,0.37,0.945,174,130,273,168,90,319,140,437,135,152,146,89,3.3,19,0
2019,Houston Astros,162,492,160,28,18,67,47,20,0.7,167,99,140,39,0.28,0.949,154,124,214,296,58,138,82,410,90,80,93,93,3.4,19,1
2019,Kansas City Royals,162,520,161,20,33,60,37,23,0.62,126,61,261,89,0.34,0.973,173,109,238,185,77,258,157,363,121,134,134,85,3.3,19,0
2019,Los Angeles Angels,162,589,162,44,30,46,32,14,0.7,125,75,268,89,0.33,0.917,159,166,264,231,94,264,165,424,179,124,195,108,3.9,22,0
2019,Los Angeles Dodgers,162,545,159,44,24,73,44,29,0.6,159,79,180,68,0.38,0.983,166,124,255,301,71,173,109,436,99,140,113,108,3.0,17,1
2019,Miami Marlins,162,539,160,21,34,49,27,22,0.55,108,57,196,57,0.29,0.952,172,87,280,173,95,271,116,423,106,150,120,112,3.1,18,0
2019,Milwaukee Brewers,162,588,162,45,33,78,50,28,0.64,192,105,251,72,0.29,1.017,196,162,230,293,89,206,146,442,181,155,196,97,3.4,19,1
2019,Minnesota Twins,162,524,161,34,22,72,50,22,0.69,180,104,217,65,0.3,1.008,193,127,204,304,69,151,134,390,119,139,136,94,3.3,19,1
2019,New York Mets,162,502,159,32,32,65,38,27,0.58,129,59,213,65,0.31,1.037,168,102,232,215,95,192,125,377,111,144,120,87,3.1,18,0
2019,New York Yankees,162,545,161,43,21,78,50,28,0.64,185,106,221,62,0.28,0.928,166,146,233,317,69,159,133,412,141,121,161,83,3.7,21,1
2019,Oakland Athletics,162,547,161,29,28,77,45,32,0.58,196,109,255,82,0.32,1.042,216,108,223,302,76,169,154,393,129,148,146,125,3.2,17,1
2019,Philadelphia Phillies,162,564,159,32,29,57,36,21,0.63,153,95,199,64,0.32,0.987,170,138,256,234,101,229,123,441,122,170,136,122,3.1,18,0
2019,Pittsburgh Pirates,162,550,161,33,30,55,31,24,0.56,113,57,211,69,0.33,0.929,158,118,274,193,93,264,121,429,129,106,139,87,3.4,20,0
2019,San Diego Padres,162,543,162,29,33,74,47,27,0.64,174,96,229,78,0.34,0.992,189,140,214,232,81,230,132,411,148,107,163,103,3.4,19,0
2019,Seattle Mariners,162,538,159,32,38,63,34,29,0.54,138,70,206,77,0.37,0.91,150,136,252,210,84,244,122,416,134,109,151,59,3.9,22,0
2019,San Francisco Giants,162,587,161,38,19,63,41,22,0.65,152,86,258,67,0.26,0.989,223,103,261,219,112,256,145,442,116,125,135,94,3.2,17,0
2019,St. Louis Cardinals,162,542,161,36,21,73,52,21,0.71,181,100,268,78,0.29,0.989,158,145,239,267,62,213,164,378,156,180,181,111,3.1,17,1
2019,Tampa Bay Rays,162,603,162,56,31,75,46,29,0.61,209,124,244,71,0.29,1.02,222,173,208,319,118,166,150,453,189,163,205,143,3.8,21,1
2019,Texas Rangers,162,499,158,33,24,47,33,14,0.7,106,59,221,70,0.32,0.937,126,114,259,191,60,248,123,376,150,97,164,72,3.8,22,0
2019,Toronto Blue Jays,162,591,161,41,27,43,33,10,0.77,121,73,266,70,0.26,0.929,166,144,281,202,102,287,164,427,188,137,217,88,3.7,21,0
2019,Washington Nationals,162,530,161,27,33,69,40,29,0.58,170,94,209,87,0.42,0.979,162,125,243,287,70,173,127,403,71,183,84,137,2.8,17,1
2021,Arizona Diamondbacks,162,565,159,22,41,50,22,28,0.44,120,68,210,67,0.32,0.911,152,131,282,181,91,293,142,423,98,153,110,94,3.2,18,0
2021,Atlanta Braves,161,581,159,31,33,66,40,26,0.61,180,113,185,61,0.33,1.048,221,125,235,300,86,195,129,452,69,124,75,106,3.0,16,1
2021,Baltimore Orioles,162,569,161,28,34,54,26,28,0.48,119,63,335,133,0.4,0.913,154,137,278,182,74,313,212,357,194,148,237,76,3.5,20,0
2021,Boston Red Sox,162,563,162,42,23,76,49,27,0.64,176,95,277,85,0.31,1.008,198,134,231,278,76,209,177,386,130,152,147,118,3.2,19,1
2021,Chicago Cubs,162,599,161,30,31,59,40,19,0.68,136,75,278,101,0.36,0.962,175,132,292,210,88,301,169,430,133,162,146,95,3.2,18,0
2021,Chicago White Sox,162,512,158,32,29,68,43,25,0.63,161,89,201,70,0.35,0.985,154,131,227,283,69,160,131,381,108,110,124,87,3.2,18,1
2021,Cincinnati Reds,162,579,161,28,26,67,41,26,0.61,142,73,248,96,0.39,1.009,189,136,254,241,93,245,163,416,108,171,125,111,3.0,17,0
2021,Cleveland Indians,162,535,162,32,30,58,39,19,0.67,127,66,202,73,0.36,0.967,155,111,269,226,74,235,142,393,126,88,134,91,3.3,19,0
2021,Colorado Rockies,161,543,158,32,30,63,33,30,0.52,137,74,213,83,0.39,1.011,172,126,245,217,88,238,132,411,94,117,103,83,3.1,18,0
2021,Detroit Tigers,162,577,160,42,28,66,42,24,0.64,149,78,234,84,0.36,1.021,167,147,263,254,94,229,155,422,149,126,161,88,3.3,19,0
2021,Houston Astros,162,512,160,32,31,61,34,27,0.56,131,69,202,73,0.36,0.991,166,119,227,260,95,157,137,375,103,118,118,81,3.3,19,1
2021,Kansas City Royals,162,556,161,33,25,62,37,25,0.6,147,83,252,81,0.32,0.96,169,112,275,230,62,264,163,393,126,125,145,98,3.4,19,0
2021,Los Angeles Angels,162,562,161,37,29,65,39,26,0.6,140,73,365,135,0.37,0.941,172,115,275,226,67,269,242,320,179,153,219,80,3.4,20,0
2021,Los Angeles Dodgers,162,600,161,41,28,83,56,27,0.67,198,112,231,47,0.2,1.053,201,177,222,323,106,171,168,432,108,166,138,136,3.0,16,1
2021,Miami Marlins,162,596,161,35,34,58,33,25,0.57,133,75,201,73,0.36,1.03,185,140,270,213,102,280,132,463,108,130,121,113,3.2,17,0
2021,Milwaukee Brewers,162,533,160,44,24,73,44,29,0.6,155,80,152,54,0.36,1.008,188,107,238,269,87,177,105,428,92,85,95,92,3.3,19,1
2021,Minnesota Twins,162,529,161,34,31,63,42,21,0.67,154,89,178,78,0.44,1.006,175,138,216,235,89,205,132,397,143,82,160,84,3.5,20,0
2021,New York Mets,162,543,160,45,28,70,41,29,0.59,149,77,193,66,0.34,1.03,175,148,220,212,93,238,132,411,101,113,106,108,3.3,18,0
2021,New York Yankees,162,512,159,48,30,73,47,26,0.64,161,83,222,62,0.28,1.065,219,127,166,246,111,155,163,349,157,98,179,74,3.6,20,1
2021,Oakland Athletics,162,504,159,29,24,67,39,28,0.58,138,71,180,64,0.36,0.986,144,123,237,226,61,217,123,381,99,100,111,93,3.2,17,0
2021,Philadelphia Phillies,162,525,157,42,28,70,36,34,0.51,146,70,225,94,0.42,1.023,166,122,237,232,76,217,144,381,140,127,147,89,3.3,19,0
2021,Pittsburgh Pirates,162,583,162,33,28,50,25,25,0.5,131,78,201,69,0.34,0.907,135,155,293,198,64,321,119,464,125,120,138,65,3.3,19,0
2021,San Diego Padres,162,624,160,43,31,70,43,27,0.61,163,91,173,61,0.35,0.974,156,194,274,266,94,264,123,501,121,133,128,106,3.3,18,0
2021,Seattle Mariners,162,584,161,45,27,84,51,33,0.61,184,100,227,67,0.3,1.012,212,144,228,258,103,223,166,418,112,115,124,105,3.2,17,0
2021,San Francisco Giants,162,599,160,49,22,85,56,29,0.66,202,114,189,63,0.33,1.042,213,153,233,324,103,172,130,469,97,124,100,148,3.1,16,1
2021,St. Louis Cardinals,162,557,159,36,25,71,50,21,0.7,182,108,273,102,0.37,1.018,166,144,247,283,57,217,167,390,123,148,155,99,3.1,18,1
2021,Tampa Bay Rays,162,531,161,58,32,64,42,22,0.66,159,91,166,46,0.28,1.001,180,148,203,287,110,134,126,405,182,89,198,73,4.0,21,1
2021,Texas Rangers,162,507,162,27,31,51,31,20,0.61,118,65,221,73,0.33,0.91,130,116,261,179,59,269,143,364,144,98,162,50,3.7,21,0
2021,Toronto Blue Jays,162,537,161,30,31,52,34,18,0.65,119,64,239,69,0.29,0.932,155,111,271,245,84,208,167,370,136,136,167,63,3.2,18,0
2021,Washington Nationals,162,569,161,23,42,73,36,37,0.49,172,97,226,85,0.38,1.01,182,137,250,243,78,248,151,418,100,164,113,138,3.0,18,0
